# Bernoulli lemniscate road mesh
# num_points=600, a=0.5, lane_width=0.25, thickness=0.05
v 0.582107 0.000000 0.000000
v 0.832107 0.000000 0.000000
v 0.582107 0.000000 -0.050000
v 0.832107 0.000000 -0.050000
v 0.582052 0.003478 0.000000
v 0.831929 0.011329 0.000000
v 0.582052 0.003478 -0.050000
v 0.831929 0.011329 -0.050000
v 0.581888 0.006952 0.000000
v 0.831395 0.022645 0.000000
v 0.581888 0.006952 -0.050000
v 0.831395 0.022645 -0.050000
v 0.581615 0.010421 0.000000
v 0.830507 0.033935 0.000000
v 0.581615 0.010421 -0.050000
v 0.830507 0.033935 -0.050000
v 0.581234 0.013881 0.000000
v 0.829266 0.045184 0.000000
v 0.581234 0.013881 -0.050000
v 0.829266 0.045184 -0.050000
v 0.580743 0.017329 0.000000
v 0.827674 0.056381 0.000000
v 0.580743 0.017329 -0.050000
v 0.827674 0.056381 -0.050000
v 0.580145 0.020763 0.000000
v 0.825735 0.067513 0.000000
v 0.580145 0.020763 -0.050000
v 0.825735 0.067513 -0.050000
v 0.579439 0.024178 0.000000
v 0.823451 0.078567 0.000000
v 0.579439 0.024178 -0.050000
v 0.823451 0.078567 -0.050000
v 0.578627 0.027574 0.000000
v 0.820828 0.089529 0.000000
v 0.578627 0.027574 -0.050000
v 0.820828 0.089529 -0.050000
v 0.577708 0.030947 0.000000
v 0.817870 0.100388 0.000000
v 0.577708 0.030947 -0.050000
v 0.817870 0.100388 -0.050000
v 0.576684 0.034293 0.000000
v 0.814582 0.111134 0.000000
v 0.576684 0.034293 -0.050000
v 0.814582 0.111134 -0.050000
v 0.575555 0.037610 0.000000
v 0.810969 0.121753 0.000000
v 0.575555 0.037610 -0.050000
v 0.810969 0.121753 -0.050000
v 0.574323 0.040896 0.000000
v 0.807040 0.132235 0.000000
v 0.574323 0.040896 -0.050000
v 0.807040 0.132235 -0.050000
v 0.572989 0.044147 0.000000
v 0.802800 0.142569 0.000000
v 0.572989 0.044147 -0.050000
v 0.802800 0.142569 -0.050000
v 0.571553 0.047361 0.000000
v 0.798257 0.152745 0.000000
v 0.571553 0.047361 -0.050000
v 0.798257 0.152745 -0.050000
v 0.570018 0.050537 0.000000
v 0.793419 0.162752 0.000000
v 0.570018 0.050537 -0.050000
v 0.793419 0.162752 -0.050000
v 0.568384 0.053670 0.000000
v 0.788293 0.172582 0.000000
v 0.568384 0.053670 -0.050000
v 0.788293 0.172582 -0.050000
v 0.566653 0.056758 0.000000
v 0.782889 0.182225 0.000000
v 0.566653 0.056758 -0.050000
v 0.782889 0.182225 -0.050000
v 0.564827 0.059799 0.000000
v 0.777216 0.191674 0.000000
v 0.564827 0.059799 -0.050000
v 0.777216 0.191674 -0.050000
v 0.562906 0.062792 0.000000
v 0.771282 0.200920 0.000000
v 0.562906 0.062792 -0.050000
v 0.771282 0.200920 -0.050000
v 0.560893 0.065733 0.000000
v 0.765098 0.209956 0.000000
v 0.560893 0.065733 -0.050000
v 0.765098 0.209956 -0.050000
v 0.558789 0.068620 0.000000
v 0.758672 0.218776 0.000000
v 0.558789 0.068620 -0.050000
v 0.758672 0.218776 -0.050000
v 0.556597 0.071450 0.000000
v 0.752015 0.227372 0.000000
v 0.556597 0.071450 -0.050000
v 0.752015 0.227372 -0.050000
v 0.554317 0.074224 0.000000
v 0.745138 0.235740 0.000000
v 0.554317 0.074224 -0.050000
v 0.745138 0.235740 -0.050000
v 0.551952 0.076937 0.000000
v 0.738049 0.243873 0.000000
v 0.551952 0.076937 -0.050000
v 0.738049 0.243873 -0.050000
v 0.549504 0.079588 0.000000
v 0.730760 0.251768 0.000000
v 0.549504 0.079588 -0.050000
v 0.730760 0.251768 -0.050000
v 0.546975 0.082176 0.000000
v 0.723281 0.259421 0.000000
v 0.546975 0.082176 -0.050000
v 0.723281 0.259421 -0.050000
v 0.544366 0.084698 0.000000
v 0.715622 0.266828 0.000000
v 0.544366 0.084698 -0.050000
v 0.715622 0.266828 -0.050000
v 0.541680 0.087153 0.000000
v 0.707794 0.273985 0.000000
v 0.541680 0.087153 -0.050000
v 0.707794 0.273985 -0.050000
v 0.538919 0.089540 0.000000
v 0.699807 0.280890 0.000000
v 0.538919 0.089540 -0.050000
v 0.699807 0.280890 -0.050000
v 0.536085 0.091856 0.000000
v 0.691672 0.287542 0.000000
v 0.536085 0.091856 -0.050000
v 0.691672 0.287542 -0.050000
v 0.533181 0.094101 0.000000
v 0.683398 0.293938 0.000000
v 0.533181 0.094101 -0.050000
v 0.683398 0.293938 -0.050000
v 0.530207 0.096273 0.000000
v 0.674996 0.300078 0.000000
v 0.530207 0.096273 -0.050000
v 0.674996 0.300078 -0.050000
v 0.527168 0.098371 0.000000
v 0.666476 0.305961 0.000000
v 0.527168 0.098371 -0.050000
v 0.666476 0.305961 -0.050000
v 0.524065 0.100394 0.000000
v 0.657847 0.311587 0.000000
v 0.524065 0.100394 -0.050000
v 0.657847 0.311587 -0.050000
v 0.520900 0.102341 0.000000
v 0.649120 0.316956 0.000000
v 0.520900 0.102341 -0.050000
v 0.649120 0.316956 -0.050000
v 0.517675 0.104211 0.000000
v 0.640303 0.322069 0.000000
v 0.517675 0.104211 -0.050000
v 0.640303 0.322069 -0.050000
v 0.514393 0.106003 0.000000
v 0.631407 0.326927 0.000000
v 0.514393 0.106003 -0.050000
v 0.631407 0.326927 -0.050000
v 0.511056 0.107716 0.000000
v 0.622440 0.331532 0.000000
v 0.511056 0.107716 -0.050000
v 0.622440 0.331532 -0.050000
v 0.507666 0.109350 0.000000
v 0.613412 0.335884 0.000000
v 0.507666 0.109350 -0.050000
v 0.613412 0.335884 -0.050000
v 0.504226 0.110903 0.000000
v 0.604329 0.339987 0.000000
v 0.504226 0.110903 -0.050000
v 0.604329 0.339987 -0.050000
v 0.500737 0.112376 0.000000
v 0.595202 0.343842 0.000000
v 0.500737 0.112376 -0.050000
v 0.595202 0.343842 -0.050000
v 0.497203 0.113769 0.000000
v 0.586038 0.347453 0.000000
v 0.497203 0.113769 -0.050000
v 0.586038 0.347453 -0.050000
v 0.493624 0.115079 0.000000
v 0.576844 0.350822 0.000000
v 0.493624 0.115079 -0.050000
v 0.576844 0.350822 -0.050000
v 0.490004 0.116309 0.000000
v 0.567629 0.353952 0.000000
v 0.490004 0.116309 -0.050000
v 0.567629 0.353952 -0.050000
v 0.486344 0.117456 0.000000
v 0.558400 0.356847 0.000000
v 0.486344 0.117456 -0.050000
v 0.558400 0.356847 -0.050000
v 0.482647 0.118522 0.000000
v 0.549163 0.359511 0.000000
v 0.482647 0.118522 -0.050000
v 0.549163 0.359511 -0.050000
v 0.478915 0.119506 0.000000
v 0.539925 0.361948 0.000000
v 0.478915 0.119506 -0.050000
v 0.539925 0.361948 -0.050000
v 0.475150 0.120408 0.000000
v 0.530692 0.364160 0.000000
v 0.475150 0.120408 -0.050000
v 0.530692 0.364160 -0.050000
v 0.471354 0.121228 0.000000
v 0.521471 0.366153 0.000000
v 0.471354 0.121228 -0.050000
v 0.521471 0.366153 -0.050000
v 0.467528 0.121967 0.000000
v 0.512268 0.367931 0.000000
v 0.467528 0.121967 -0.050000
v 0.512268 0.367931 -0.050000
v 0.463675 0.122624 0.000000
v 0.503087 0.369498 0.000000
v 0.463675 0.122624 -0.050000
v 0.503087 0.369498 -0.050000
v 0.459798 0.123200 0.000000
v 0.493934 0.370859 0.000000
v 0.459798 0.123200 -0.050000
v 0.493934 0.370859 -0.050000
v 0.455896 0.123696 0.000000
v 0.484815 0.372017 0.000000
v 0.455896 0.123696 -0.050000
v 0.484815 0.372017 -0.050000
v 0.451973 0.124111 0.000000
v 0.475733 0.372979 0.000000
v 0.451973 0.124111 -0.050000
v 0.475733 0.372979 -0.050000
v 0.448031 0.124446 0.000000
v 0.466692 0.373748 0.000000
v 0.448031 0.124446 -0.050000
v 0.466692 0.373748 -0.050000
v 0.444070 0.124701 0.000000
v 0.457698 0.374330 0.000000
v 0.444070 0.124701 -0.050000
v 0.457698 0.374330 -0.050000
v 0.440094 0.124878 0.000000
v 0.448754 0.374728 0.000000
v 0.440094 0.124878 -0.050000
v 0.448754 0.374728 -0.050000
v 0.436102 0.124977 0.000000
v 0.439864 0.374949 0.000000
v 0.436102 0.124977 -0.050000
v 0.439864 0.374949 -0.050000
v 0.432098 0.124998 0.000000
v 0.431030 0.374996 0.000000
v 0.432098 0.124998 -0.050000
v 0.431030 0.374996 -0.050000
v 0.428082 0.124942 0.000000
v 0.422256 0.374874 0.000000
v 0.428082 0.124942 -0.050000
v 0.422256 0.374874 -0.050000
v 0.424056 0.124810 0.000000
v 0.413546 0.374589 0.000000
v 0.424056 0.124810 -0.050000
v 0.413546 0.374589 -0.050000
v 0.420021 0.124602 0.000000
v 0.404901 0.374145 0.000000
v 0.420021 0.124602 -0.050000
v 0.404901 0.374145 -0.050000
v 0.415979 0.124320 0.000000
v 0.396324 0.373546 0.000000
v 0.415979 0.124320 -0.050000
v 0.396324 0.373546 -0.050000
v 0.411931 0.123964 0.000000
v 0.387816 0.372798 0.000000
v 0.411931 0.123964 -0.050000
v 0.387816 0.372798 -0.050000
v 0.407879 0.123534 0.000000
v 0.379382 0.371905 0.000000
v 0.407879 0.123534 -0.050000
v 0.379382 0.371905 -0.050000
v 0.403823 0.123033 0.000000
v 0.371021 0.370871 0.000000
v 0.403823 0.123033 -0.050000
v 0.371021 0.370871 -0.050000
v 0.399765 0.122460 0.000000
v 0.362736 0.369702 0.000000
v 0.399765 0.122460 -0.050000
v 0.362736 0.369702 -0.050000
v 0.395706 0.121816 0.000000
v 0.354528 0.368402 0.000000
v 0.395706 0.121816 -0.050000
v 0.354528 0.368402 -0.050000
v 0.391647 0.121104 0.000000
v 0.346398 0.366975 0.000000
v 0.391647 0.121104 -0.050000
v 0.346398 0.366975 -0.050000
v 0.387589 0.120322 0.000000
v 0.338348 0.365425 0.000000
v 0.387589 0.120322 -0.050000
v 0.338348 0.365425 -0.050000
v 0.383533 0.119473 0.000000
v 0.330379 0.363757 0.000000
v 0.383533 0.119473 -0.050000
v 0.330379 0.363757 -0.050000
v 0.379480 0.118557 0.000000
v 0.322491 0.361975 0.000000
v 0.379480 0.118557 -0.050000
v 0.322491 0.361975 -0.050000
v 0.375431 0.117575 0.000000
v 0.314684 0.360083 0.000000
v 0.375431 0.117575 -0.050000
v 0.314684 0.360083 -0.050000
v 0.371386 0.116529 0.000000
v 0.306961 0.358085 0.000000
v 0.371386 0.116529 -0.050000
v 0.306961 0.358085 -0.050000
v 0.367347 0.115419 0.000000
v 0.299320 0.355986 0.000000
v 0.367347 0.115419 -0.050000
v 0.299320 0.355986 -0.050000
v 0.363314 0.114246 0.000000
v 0.291762 0.353788 0.000000
v 0.363314 0.114246 -0.050000
v 0.291762 0.353788 -0.050000
v 0.359287 0.113011 0.000000
v 0.284288 0.351496 0.000000
v 0.359287 0.113011 -0.050000
v 0.284288 0.351496 -0.050000
v 0.355268 0.111715 0.000000
v 0.276898 0.349114 0.000000
v 0.355268 0.111715 -0.050000
v 0.276898 0.349114 -0.050000
v 0.351258 0.110360 0.000000
v 0.269590 0.346644 0.000000
v 0.351258 0.110360 -0.050000
v 0.269590 0.346644 -0.050000
v 0.347255 0.108945 0.000000
v 0.262366 0.344092 0.000000
v 0.347255 0.108945 -0.050000
v 0.262366 0.344092 -0.050000
v 0.343262 0.107473 0.000000
v 0.255225 0.341459 0.000000
v 0.343262 0.107473 -0.050000
v 0.255225 0.341459 -0.050000
v 0.339279 0.105944 0.000000
v 0.248167 0.338750 0.000000
v 0.339279 0.105944 -0.050000
v 0.248167 0.338750 -0.050000
v 0.335305 0.104358 0.000000
v 0.241191 0.335967 0.000000
v 0.335305 0.104358 -0.050000
v 0.241191 0.335967 -0.050000
v 0.331341 0.102718 0.000000
v 0.234298 0.333114 0.000000
v 0.331341 0.102718 -0.050000
v 0.234298 0.333114 -0.050000
v 0.327389 0.101024 0.000000
v 0.227485 0.330194 0.000000
v 0.327389 0.101024 -0.050000
v 0.227485 0.330194 -0.050000
v 0.323448 0.099276 0.000000
v 0.220753 0.327210 0.000000
v 0.323448 0.099276 -0.050000
v 0.220753 0.327210 -0.050000
v 0.319518 0.097477 0.000000
v 0.214102 0.324165 0.000000
v 0.319518 0.097477 -0.050000
v 0.214102 0.324165 -0.050000
v 0.315599 0.095626 0.000000
v 0.207529 0.321061 0.000000
v 0.315599 0.095626 -0.050000
v 0.207529 0.321061 -0.050000
v 0.311692 0.093725 0.000000
v 0.201036 0.317902 0.000000
v 0.311692 0.093725 -0.050000
v 0.201036 0.317902 -0.050000
v 0.307797 0.091775 0.000000
v 0.194620 0.314690 0.000000
v 0.307797 0.091775 -0.050000
v 0.194620 0.314690 -0.050000
v 0.303914 0.089776 0.000000
v 0.188282 0.311427 0.000000
v 0.303914 0.089776 -0.050000
v 0.188282 0.311427 -0.050000
v 0.300044 0.087729 0.000000
v 0.182019 0.308116 0.000000
v 0.300044 0.087729 -0.050000
v 0.182019 0.308116 -0.050000
v 0.296185 0.085636 0.000000
v 0.175832 0.304760 0.000000
v 0.296185 0.085636 -0.050000
v 0.175832 0.304760 -0.050000
v 0.292339 0.083497 0.000000
v 0.169719 0.301360 0.000000
v 0.292339 0.083497 -0.050000
v 0.169719 0.301360 -0.050000
v 0.288505 0.081313 0.000000
v 0.163679 0.297920 0.000000
v 0.288505 0.081313 -0.050000
v 0.163679 0.297920 -0.050000
v 0.284684 0.079085 0.000000
v 0.157711 0.294441 0.000000
v 0.284684 0.079085 -0.050000
v 0.157711 0.294441 -0.050000
v 0.280875 0.076814 0.000000
v 0.151815 0.290925 0.000000
v 0.280875 0.076814 -0.050000
v 0.151815 0.290925 -0.050000
v 0.277077 0.074500 0.000000
v 0.145988 0.287375 0.000000
v 0.277077 0.074500 -0.050000
v 0.145988 0.287375 -0.050000
v 0.273293 0.072145 0.000000
v 0.140231 0.283792 0.000000
v 0.273293 0.072145 -0.050000
v 0.140231 0.283792 -0.050000
v 0.269520 0.069748 0.000000
v 0.134541 0.280179 0.000000
v 0.269520 0.069748 -0.050000
v 0.134541 0.280179 -0.050000
v 0.265759 0.067312 0.000000
v 0.128919 0.276536 0.000000
v 0.265759 0.067312 -0.050000
v 0.128919 0.276536 -0.050000
v 0.262009 0.064836 0.000000
v 0.123362 0.272867 0.000000
v 0.262009 0.064836 -0.050000
v 0.123362 0.272867 -0.050000
v 0.258272 0.062322 0.000000
v 0.117869 0.269172 0.000000
v 0.258272 0.062322 -0.050000
v 0.117869 0.269172 -0.050000
v 0.254545 0.059769 0.000000
v 0.112440 0.265454 0.000000
v 0.254545 0.059769 -0.050000
v 0.112440 0.265454 -0.050000
v 0.250830 0.057180 0.000000
v 0.107073 0.261714 0.000000
v 0.250830 0.057180 -0.050000
v 0.107073 0.261714 -0.050000
v 0.247125 0.054554 0.000000
v 0.101767 0.257953 0.000000
v 0.247125 0.054554 -0.050000
v 0.101767 0.257953 -0.050000
v 0.243431 0.051893 0.000000
v 0.096521 0.254173 0.000000
v 0.243431 0.051893 -0.050000
v 0.096521 0.254173 -0.050000
v 0.239748 0.049196 0.000000
v 0.091334 0.250376 0.000000
v 0.239748 0.049196 -0.050000
v 0.091334 0.250376 -0.050000
v 0.236074 0.046465 0.000000
v 0.086205 0.246563 0.000000
v 0.236074 0.046465 -0.050000
v 0.086205 0.246563 -0.050000
v 0.232410 0.043700 0.000000
v 0.081131 0.242734 0.000000
v 0.232410 0.043700 -0.050000
v 0.081131 0.242734 -0.050000
v 0.228756 0.040902 0.000000
v 0.076113 0.238893 0.000000
v 0.228756 0.040902 -0.050000
v 0.076113 0.238893 -0.050000
v 0.225110 0.038072 0.000000
v 0.071149 0.235039 0.000000
v 0.225110 0.038072 -0.050000
v 0.071149 0.235039 -0.050000
v 0.221473 0.035210 0.000000
v 0.066238 0.231174 0.000000
v 0.221473 0.035210 -0.050000
v 0.066238 0.231174 -0.050000
v 0.217845 0.032316 0.000000
v 0.061378 0.227299 0.000000
v 0.217845 0.032316 -0.050000
v 0.061378 0.227299 -0.050000
v 0.214224 0.029392 0.000000
v 0.056569 0.223415 0.000000
v 0.214224 0.029392 -0.050000
v 0.056569 0.223415 -0.050000
v 0.210611 0.026438 0.000000
v 0.051809 0.219524 0.000000
v 0.210611 0.026438 -0.050000
v 0.051809 0.219524 -0.050000
v 0.207004 0.023454 0.000000
v 0.047098 0.215626 0.000000
v 0.207004 0.023454 -0.050000
v 0.047098 0.215626 -0.050000
v 0.203405 0.020442 0.000000
v 0.042433 0.211722 0.000000
v 0.203405 0.020442 -0.050000
v 0.042433 0.211722 -0.050000
v 0.199811 0.017400 0.000000
v 0.037815 0.207814 0.000000
v 0.199811 0.017400 -0.050000
v 0.037815 0.207814 -0.050000
v 0.196223 0.014331 0.000000
v 0.033241 0.203902 0.000000
v 0.196223 0.014331 -0.050000
v 0.033241 0.203902 -0.050000
v 0.192640 0.011235 0.000000
v 0.028711 0.199987 0.000000
v 0.192640 0.011235 -0.050000
v 0.028711 0.199987 -0.050000
v 0.189062 0.008112 0.000000
v 0.024223 0.196070 0.000000
v 0.189062 0.008112 -0.050000
v 0.024223 0.196070 -0.050000
v 0.185488 0.004962 0.000000
v 0.019777 0.192152 0.000000
v 0.185488 0.004962 -0.050000
v 0.019777 0.192152 -0.050000
v 0.181917 0.001787 0.000000
v 0.015371 0.188234 0.000000
v 0.181917 0.001787 -0.050000
v 0.015371 0.188234 -0.050000
v 0.178350 -0.001414 0.000000
v 0.011005 0.184316 0.000000
v 0.178350 -0.001414 -0.050000
v 0.011005 0.184316 -0.050000
v 0.174785 -0.004639 0.000000
v 0.006676 0.180400 0.000000
v 0.174785 -0.004639 -0.050000
v 0.006676 0.180400 -0.050000
v 0.171222 -0.007889 0.000000
v 0.002385 0.176485 0.000000
v 0.171222 -0.007889 -0.050000
v 0.002385 0.176485 -0.050000
v 0.167661 -0.011163 0.000000
v -0.001870 0.172574 0.000000
v 0.167661 -0.011163 -0.050000
v -0.001870 0.172574 -0.050000
v 0.164101 -0.014460 0.000000
v -0.006090 0.168665 0.000000
v 0.164101 -0.014460 -0.050000
v -0.006090 0.168665 -0.050000
v 0.160540 -0.017781 0.000000
v -0.010277 0.164761 0.000000
v 0.160540 -0.017781 -0.050000
v -0.010277 0.164761 -0.050000
v 0.156980 -0.021124 0.000000
v -0.014430 0.160861 0.000000
v 0.156980 -0.021124 -0.050000
v -0.014430 0.160861 -0.050000
v 0.153418 -0.024489 0.000000
v -0.018552 0.156967 0.000000
v 0.153418 -0.024489 -0.050000
v -0.018552 0.156967 -0.050000
v 0.149855 -0.027876 0.000000
v -0.022642 0.153078 0.000000
v 0.149855 -0.027876 -0.050000
v -0.022642 0.153078 -0.050000
v 0.146289 -0.031285 0.000000
v -0.026703 0.149196 0.000000
v 0.146289 -0.031285 -0.050000
v -0.026703 0.149196 -0.050000
v 0.142721 -0.034714 0.000000
v -0.030735 0.145322 0.000000
v 0.142721 -0.034714 -0.050000
v -0.030735 0.145322 -0.050000
v 0.139150 -0.038164 0.000000
v -0.034739 0.141454 0.000000
v 0.139150 -0.038164 -0.050000
v -0.034739 0.141454 -0.050000
v 0.135574 -0.041634 0.000000
v -0.038716 0.137595 0.000000
v 0.135574 -0.041634 -0.050000
v -0.038716 0.137595 -0.050000
v 0.131993 -0.045124 0.000000
v -0.042667 0.133745 0.000000
v 0.131993 -0.045124 -0.050000
v -0.042667 0.133745 -0.050000
v 0.128406 -0.048632 0.000000
v -0.046593 0.129903 0.000000
v 0.128406 -0.048632 -0.050000
v -0.046593 0.129903 -0.050000
v 0.124814 -0.052160 0.000000
v -0.050495 0.126072 0.000000
v 0.124814 -0.052160 -0.050000
v -0.050495 0.126072 -0.050000
v 0.121214 -0.055707 0.000000
v -0.054374 0.122251 0.000000
v 0.121214 -0.055707 -0.050000
v -0.054374 0.122251 -0.050000
v 0.117607 -0.059271 0.000000
v -0.058230 0.118440 0.000000
v 0.117607 -0.059271 -0.050000
v -0.058230 0.118440 -0.050000
v 0.113992 -0.062853 0.000000
v -0.062065 0.114640 0.000000
v 0.113992 -0.062853 -0.050000
v -0.062065 0.114640 -0.050000
v 0.110367 -0.066453 0.000000
v -0.065880 0.110852 0.000000
v 0.110367 -0.066453 -0.050000
v -0.065880 0.110852 -0.050000
v 0.106733 -0.070069 0.000000
v -0.069675 0.107076 0.000000
v 0.106733 -0.070069 -0.050000
v -0.069675 0.107076 -0.050000
v 0.103088 -0.073702 0.000000
v -0.073451 0.103312 0.000000
v 0.103088 -0.073702 -0.050000
v -0.073451 0.103312 -0.050000
v 0.099431 -0.077351 0.000000
v -0.077210 0.099562 0.000000
v 0.099431 -0.077351 -0.050000
v -0.077210 0.099562 -0.050000
v 0.095763 -0.081016 0.000000
v -0.080951 0.095824 0.000000
v 0.095763 -0.081016 -0.050000
v -0.080951 0.095824 -0.050000
v 0.092081 -0.084696 0.000000
v -0.084676 0.092100 0.000000
v 0.092081 -0.084696 -0.050000
v -0.084676 0.092100 -0.050000
v 0.088386 -0.088391 0.000000
v -0.088386 0.088391 0.000000
v 0.088386 -0.088391 -0.050000
v -0.088386 0.088391 -0.050000
v 0.084676 -0.092100 0.000000
v -0.092081 0.084696 0.000000
v 0.084676 -0.092100 -0.050000
v -0.092081 0.084696 -0.050000
v 0.080951 -0.095824 0.000000
v -0.095763 0.081016 0.000000
v 0.080951 -0.095824 -0.050000
v -0.095763 0.081016 -0.050000
v 0.077210 -0.099562 0.000000
v -0.099431 0.077351 0.000000
v 0.077210 -0.099562 -0.050000
v -0.099431 0.077351 -0.050000
v 0.073451 -0.103312 0.000000
v -0.103088 0.073702 0.000000
v 0.073451 -0.103312 -0.050000
v -0.103088 0.073702 -0.050000
v 0.069675 -0.107076 0.000000
v -0.106733 0.070069 0.000000
v 0.069675 -0.107076 -0.050000
v -0.106733 0.070069 -0.050000
v 0.065880 -0.110852 0.000000
v -0.110367 0.066453 0.000000
v 0.065880 -0.110852 -0.050000
v -0.110367 0.066453 -0.050000
v 0.062065 -0.114640 0.000000
v -0.113992 0.062853 0.000000
v 0.062065 -0.114640 -0.050000
v -0.113992 0.062853 -0.050000
v 0.058230 -0.118440 0.000000
v -0.117607 0.059271 0.000000
v 0.058230 -0.118440 -0.050000
v -0.117607 0.059271 -0.050000
v 0.054374 -0.122251 0.000000
v -0.121214 0.055707 0.000000
v 0.054374 -0.122251 -0.050000
v -0.121214 0.055707 -0.050000
v 0.050495 -0.126072 0.000000
v -0.124814 0.052160 0.000000
v 0.050495 -0.126072 -0.050000
v -0.124814 0.052160 -0.050000
v 0.046593 -0.129903 0.000000
v -0.128406 0.048632 0.000000
v 0.046593 -0.129903 -0.050000
v -0.128406 0.048632 -0.050000
v 0.042667 -0.133745 0.000000
v -0.131993 0.045124 0.000000
v 0.042667 -0.133745 -0.050000
v -0.131993 0.045124 -0.050000
v 0.038716 -0.137595 0.000000
v -0.135574 0.041634 0.000000
v 0.038716 -0.137595 -0.050000
v -0.135574 0.041634 -0.050000
v 0.034739 -0.141454 0.000000
v -0.139150 0.038164 0.000000
v 0.034739 -0.141454 -0.050000
v -0.139150 0.038164 -0.050000
v 0.030735 -0.145322 0.000000
v -0.142721 0.034714 0.000000
v 0.030735 -0.145322 -0.050000
v -0.142721 0.034714 -0.050000
v 0.026703 -0.149196 0.000000
v -0.146289 0.031285 0.000000
v 0.026703 -0.149196 -0.050000
v -0.146289 0.031285 -0.050000
v 0.022642 -0.153078 0.000000
v -0.149855 0.027876 0.000000
v 0.022642 -0.153078 -0.050000
v -0.149855 0.027876 -0.050000
v 0.018552 -0.156967 0.000000
v -0.153418 0.024489 0.000000
v 0.018552 -0.156967 -0.050000
v -0.153418 0.024489 -0.050000
v 0.014430 -0.160861 0.000000
v -0.156980 0.021124 0.000000
v 0.014430 -0.160861 -0.050000
v -0.156980 0.021124 -0.050000
v 0.010277 -0.164761 0.000000
v -0.160540 0.017781 0.000000
v 0.010277 -0.164761 -0.050000
v -0.160540 0.017781 -0.050000
v 0.006090 -0.168665 0.000000
v -0.164101 0.014460 0.000000
v 0.006090 -0.168665 -0.050000
v -0.164101 0.014460 -0.050000
v 0.001870 -0.172574 0.000000
v -0.167661 0.011163 0.000000
v 0.001870 -0.172574 -0.050000
v -0.167661 0.011163 -0.050000
v -0.002385 -0.176485 0.000000
v -0.171222 0.007889 0.000000
v -0.002385 -0.176485 -0.050000
v -0.171222 0.007889 -0.050000
v -0.006676 -0.180400 0.000000
v -0.174785 0.004639 0.000000
v -0.006676 -0.180400 -0.050000
v -0.174785 0.004639 -0.050000
v -0.011005 -0.184316 0.000000
v -0.178350 0.001414 0.000000
v -0.011005 -0.184316 -0.050000
v -0.178350 0.001414 -0.050000
v -0.015371 -0.188234 0.000000
v -0.181917 -0.001787 0.000000
v -0.015371 -0.188234 -0.050000
v -0.181917 -0.001787 -0.050000
v -0.019777 -0.192152 0.000000
v -0.185488 -0.004962 0.000000
v -0.019777 -0.192152 -0.050000
v -0.185488 -0.004962 -0.050000
v -0.024223 -0.196070 0.000000
v -0.189062 -0.008112 0.000000
v -0.024223 -0.196070 -0.050000
v -0.189062 -0.008112 -0.050000
v -0.028711 -0.199987 0.000000
v -0.192640 -0.011235 0.000000
v -0.028711 -0.199987 -0.050000
v -0.192640 -0.011235 -0.050000
v -0.033241 -0.203902 0.000000
v -0.196223 -0.014331 0.000000
v -0.033241 -0.203902 -0.050000
v -0.196223 -0.014331 -0.050000
v -0.037815 -0.207814 0.000000
v -0.199811 -0.017400 0.000000
v -0.037815 -0.207814 -0.050000
v -0.199811 -0.017400 -0.050000
v -0.042433 -0.211722 0.000000
v -0.203405 -0.020442 0.000000
v -0.042433 -0.211722 -0.050000
v -0.203405 -0.020442 -0.050000
v -0.047098 -0.215626 0.000000
v -0.207004 -0.023454 0.000000
v -0.047098 -0.215626 -0.050000
v -0.207004 -0.023454 -0.050000
v -0.051809 -0.219524 0.000000
v -0.210611 -0.026438 0.000000
v -0.051809 -0.219524 -0.050000
v -0.210611 -0.026438 -0.050000
v -0.056569 -0.223415 0.000000
v -0.214224 -0.029392 0.000000
v -0.056569 -0.223415 -0.050000
v -0.214224 -0.029392 -0.050000
v -0.061378 -0.227299 0.000000
v -0.217845 -0.032316 0.000000
v -0.061378 -0.227299 -0.050000
v -0.217845 -0.032316 -0.050000
v -0.066238 -0.231174 0.000000
v -0.221473 -0.035210 0.000000
v -0.066238 -0.231174 -0.050000
v -0.221473 -0.035210 -0.050000
v -0.071149 -0.235039 0.000000
v -0.225110 -0.038072 0.000000
v -0.071149 -0.235039 -0.050000
v -0.225110 -0.038072 -0.050000
v -0.076113 -0.238893 0.000000
v -0.228756 -0.040902 0.000000
v -0.076113 -0.238893 -0.050000
v -0.228756 -0.040902 -0.050000
v -0.081131 -0.242734 0.000000
v -0.232410 -0.043700 0.000000
v -0.081131 -0.242734 -0.050000
v -0.232410 -0.043700 -0.050000
v -0.086205 -0.246563 0.000000
v -0.236074 -0.046465 0.000000
v -0.086205 -0.246563 -0.050000
v -0.236074 -0.046465 -0.050000
v -0.091334 -0.250376 0.000000
v -0.239748 -0.049196 0.000000
v -0.091334 -0.250376 -0.050000
v -0.239748 -0.049196 -0.050000
v -0.096521 -0.254173 0.000000
v -0.243431 -0.051893 0.000000
v -0.096521 -0.254173 -0.050000
v -0.243431 -0.051893 -0.050000
v -0.101767 -0.257953 0.000000
v -0.247125 -0.054554 0.000000
v -0.101767 -0.257953 -0.050000
v -0.247125 -0.054554 -0.050000
v -0.107073 -0.261714 0.000000
v -0.250830 -0.057180 0.000000
v -0.107073 -0.261714 -0.050000
v -0.250830 -0.057180 -0.050000
v -0.112440 -0.265454 0.000000
v -0.254545 -0.059769 0.000000
v -0.112440 -0.265454 -0.050000
v -0.254545 -0.059769 -0.050000
v -0.117869 -0.269172 0.000000
v -0.258272 -0.062322 0.000000
v -0.117869 -0.269172 -0.050000
v -0.258272 -0.062322 -0.050000
v -0.123362 -0.272867 0.000000
v -0.262009 -0.064836 0.000000
v -0.123362 -0.272867 -0.050000
v -0.262009 -0.064836 -0.050000
v -0.128919 -0.276536 0.000000
v -0.265759 -0.067312 0.000000
v -0.128919 -0.276536 -0.050000
v -0.265759 -0.067312 -0.050000
v -0.134541 -0.280179 0.000000
v -0.269520 -0.069748 0.000000
v -0.134541 -0.280179 -0.050000
v -0.269520 -0.069748 -0.050000
v -0.140231 -0.283792 0.000000
v -0.273293 -0.072145 0.000000
v -0.140231 -0.283792 -0.050000
v -0.273293 -0.072145 -0.050000
v -0.145988 -0.287375 0.000000
v -0.277077 -0.074500 0.000000
v -0.145988 -0.287375 -0.050000
v -0.277077 -0.074500 -0.050000
v -0.151815 -0.290925 0.000000
v -0.280875 -0.076814 0.000000
v -0.151815 -0.290925 -0.050000
v -0.280875 -0.076814 -0.050000
v -0.157711 -0.294441 0.000000
v -0.284684 -0.079085 0.000000
v -0.157711 -0.294441 -0.050000
v -0.284684 -0.079085 -0.050000
v -0.163679 -0.297920 0.000000
v -0.288505 -0.081313 0.000000
v -0.163679 -0.297920 -0.050000
v -0.288505 -0.081313 -0.050000
v -0.169719 -0.301360 0.000000
v -0.292339 -0.083497 0.000000
v -0.169719 -0.301360 -0.050000
v -0.292339 -0.083497 -0.050000
v -0.175832 -0.304760 0.000000
v -0.296185 -0.085636 0.000000
v -0.175832 -0.304760 -0.050000
v -0.296185 -0.085636 -0.050000
v -0.182019 -0.308116 0.000000
v -0.300044 -0.087729 0.000000
v -0.182019 -0.308116 -0.050000
v -0.300044 -0.087729 -0.050000
v -0.188282 -0.311427 0.000000
v -0.303914 -0.089776 0.000000
v -0.188282 -0.311427 -0.050000
v -0.303914 -0.089776 -0.050000
v -0.194620 -0.314690 0.000000
v -0.307797 -0.091775 0.000000
v -0.194620 -0.314690 -0.050000
v -0.307797 -0.091775 -0.050000
v -0.201036 -0.317902 0.000000
v -0.311692 -0.093725 0.000000
v -0.201036 -0.317902 -0.050000
v -0.311692 -0.093725 -0.050000
v -0.207529 -0.321061 0.000000
v -0.315599 -0.095626 0.000000
v -0.207529 -0.321061 -0.050000
v -0.315599 -0.095626 -0.050000
v -0.214102 -0.324165 0.000000
v -0.319518 -0.097477 0.000000
v -0.214102 -0.324165 -0.050000
v -0.319518 -0.097477 -0.050000
v -0.220753 -0.327210 0.000000
v -0.323448 -0.099276 0.000000
v -0.220753 -0.327210 -0.050000
v -0.323448 -0.099276 -0.050000
v -0.227485 -0.330194 0.000000
v -0.327389 -0.101024 0.000000
v -0.227485 -0.330194 -0.050000
v -0.327389 -0.101024 -0.050000
v -0.234298 -0.333114 0.000000
v -0.331341 -0.102718 0.000000
v -0.234298 -0.333114 -0.050000
v -0.331341 -0.102718 -0.050000
v -0.241191 -0.335967 0.000000
v -0.335305 -0.104358 0.000000
v -0.241191 -0.335967 -0.050000
v -0.335305 -0.104358 -0.050000
v -0.248167 -0.338750 0.000000
v -0.339279 -0.105944 0.000000
v -0.248167 -0.338750 -0.050000
v -0.339279 -0.105944 -0.050000
v -0.255225 -0.341459 0.000000
v -0.343262 -0.107473 0.000000
v -0.255225 -0.341459 -0.050000
v -0.343262 -0.107473 -0.050000
v -0.262366 -0.344092 0.000000
v -0.347255 -0.108945 0.000000
v -0.262366 -0.344092 -0.050000
v -0.347255 -0.108945 -0.050000
v -0.269590 -0.346644 0.000000
v -0.351258 -0.110360 0.000000
v -0.269590 -0.346644 -0.050000
v -0.351258 -0.110360 -0.050000
v -0.276898 -0.349114 0.000000
v -0.355268 -0.111715 0.000000
v -0.276898 -0.349114 -0.050000
v -0.355268 -0.111715 -0.050000
v -0.284288 -0.351496 0.000000
v -0.359287 -0.113011 0.000000
v -0.284288 -0.351496 -0.050000
v -0.359287 -0.113011 -0.050000
v -0.291762 -0.353788 0.000000
v -0.363314 -0.114246 0.000000
v -0.291762 -0.353788 -0.050000
v -0.363314 -0.114246 -0.050000
v -0.299320 -0.355986 0.000000
v -0.367347 -0.115419 0.000000
v -0.299320 -0.355986 -0.050000
v -0.367347 -0.115419 -0.050000
v -0.306961 -0.358085 0.000000
v -0.371386 -0.116529 0.000000
v -0.306961 -0.358085 -0.050000
v -0.371386 -0.116529 -0.050000
v -0.314684 -0.360083 0.000000
v -0.375431 -0.117575 0.000000
v -0.314684 -0.360083 -0.050000
v -0.375431 -0.117575 -0.050000
v -0.322491 -0.361975 0.000000
v -0.379480 -0.118557 0.000000
v -0.322491 -0.361975 -0.050000
v -0.379480 -0.118557 -0.050000
v -0.330379 -0.363757 0.000000
v -0.383533 -0.119473 0.000000
v -0.330379 -0.363757 -0.050000
v -0.383533 -0.119473 -0.050000
v -0.338348 -0.365425 0.000000
v -0.387589 -0.120322 0.000000
v -0.338348 -0.365425 -0.050000
v -0.387589 -0.120322 -0.050000
v -0.346398 -0.366975 0.000000
v -0.391647 -0.121104 0.000000
v -0.346398 -0.366975 -0.050000
v -0.391647 -0.121104 -0.050000
v -0.354528 -0.368402 0.000000
v -0.395706 -0.121816 0.000000
v -0.354528 -0.368402 -0.050000
v -0.395706 -0.121816 -0.050000
v -0.362736 -0.369702 0.000000
v -0.399765 -0.122460 0.000000
v -0.362736 -0.369702 -0.050000
v -0.399765 -0.122460 -0.050000
v -0.371021 -0.370871 0.000000
v -0.403823 -0.123033 0.000000
v -0.371021 -0.370871 -0.050000
v -0.403823 -0.123033 -0.050000
v -0.379382 -0.371905 0.000000
v -0.407879 -0.123534 0.000000
v -0.379382 -0.371905 -0.050000
v -0.407879 -0.123534 -0.050000
v -0.387816 -0.372798 0.000000
v -0.411931 -0.123964 0.000000
v -0.387816 -0.372798 -0.050000
v -0.411931 -0.123964 -0.050000
v -0.396324 -0.373546 0.000000
v -0.415979 -0.124320 0.000000
v -0.396324 -0.373546 -0.050000
v -0.415979 -0.124320 -0.050000
v -0.404901 -0.374145 0.000000
v -0.420021 -0.124602 0.000000
v -0.404901 -0.374145 -0.050000
v -0.420021 -0.124602 -0.050000
v -0.413546 -0.374589 0.000000
v -0.424056 -0.124810 0.000000
v -0.413546 -0.374589 -0.050000
v -0.424056 -0.124810 -0.050000
v -0.422256 -0.374874 0.000000
v -0.428082 -0.124942 0.000000
v -0.422256 -0.374874 -0.050000
v -0.428082 -0.124942 -0.050000
v -0.431030 -0.374996 0.000000
v -0.432098 -0.124998 0.000000
v -0.431030 -0.374996 -0.050000
v -0.432098 -0.124998 -0.050000
v -0.439864 -0.374949 0.000000
v -0.436102 -0.124977 0.000000
v -0.439864 -0.374949 -0.050000
v -0.436102 -0.124977 -0.050000
v -0.448754 -0.374728 0.000000
v -0.440094 -0.124878 0.000000
v -0.448754 -0.374728 -0.050000
v -0.440094 -0.124878 -0.050000
v -0.457698 -0.374330 0.000000
v -0.444070 -0.124701 0.000000
v -0.457698 -0.374330 -0.050000
v -0.444070 -0.124701 -0.050000
v -0.466692 -0.373748 0.000000
v -0.448031 -0.124446 0.000000
v -0.466692 -0.373748 -0.050000
v -0.448031 -0.124446 -0.050000
v -0.475733 -0.372979 0.000000
v -0.451973 -0.124111 0.000000
v -0.475733 -0.372979 -0.050000
v -0.451973 -0.124111 -0.050000
v -0.484815 -0.372017 0.000000
v -0.455896 -0.123696 0.000000
v -0.484815 -0.372017 -0.050000
v -0.455896 -0.123696 -0.050000
v -0.493934 -0.370859 0.000000
v -0.459798 -0.123200 0.000000
v -0.493934 -0.370859 -0.050000
v -0.459798 -0.123200 -0.050000
v -0.503087 -0.369498 0.000000
v -0.463675 -0.122624 0.000000
v -0.503087 -0.369498 -0.050000
v -0.463675 -0.122624 -0.050000
v -0.512268 -0.367931 0.000000
v -0.467528 -0.121967 0.000000
v -0.512268 -0.367931 -0.050000
v -0.467528 -0.121967 -0.050000
v -0.521471 -0.366153 0.000000
v -0.471354 -0.121228 0.000000
v -0.521471 -0.366153 -0.050000
v -0.471354 -0.121228 -0.050000
v -0.530692 -0.364160 0.000000
v -0.475150 -0.120408 0.000000
v -0.530692 -0.364160 -0.050000
v -0.475150 -0.120408 -0.050000
v -0.539925 -0.361948 0.000000
v -0.478915 -0.119506 0.000000
v -0.539925 -0.361948 -0.050000
v -0.478915 -0.119506 -0.050000
v -0.549163 -0.359511 0.000000
v -0.482647 -0.118522 0.000000
v -0.549163 -0.359511 -0.050000
v -0.482647 -0.118522 -0.050000
v -0.558400 -0.356847 0.000000
v -0.486344 -0.117456 0.000000
v -0.558400 -0.356847 -0.050000
v -0.486344 -0.117456 -0.050000
v -0.567629 -0.353952 0.000000
v -0.490004 -0.116309 0.000000
v -0.567629 -0.353952 -0.050000
v -0.490004 -0.116309 -0.050000
v -0.576844 -0.350822 0.000000
v -0.493624 -0.115079 0.000000
v -0.576844 -0.350822 -0.050000
v -0.493624 -0.115079 -0.050000
v -0.586038 -0.347453 0.000000
v -0.497203 -0.113769 0.000000
v -0.586038 -0.347453 -0.050000
v -0.497203 -0.113769 -0.050000
v -0.595202 -0.343842 0.000000
v -0.500737 -0.112376 0.000000
v -0.595202 -0.343842 -0.050000
v -0.500737 -0.112376 -0.050000
v -0.604329 -0.339987 0.000000
v -0.504226 -0.110903 0.000000
v -0.604329 -0.339987 -0.050000
v -0.504226 -0.110903 -0.050000
v -0.613412 -0.335884 0.000000
v -0.507666 -0.109350 0.000000
v -0.613412 -0.335884 -0.050000
v -0.507666 -0.109350 -0.050000
v -0.622440 -0.331532 0.000000
v -0.511056 -0.107716 0.000000
v -0.622440 -0.331532 -0.050000
v -0.511056 -0.107716 -0.050000
v -0.631407 -0.326927 0.000000
v -0.514393 -0.106003 0.000000
v -0.631407 -0.326927 -0.050000
v -0.514393 -0.106003 -0.050000
v -0.640303 -0.322069 0.000000
v -0.517675 -0.104211 0.000000
v -0.640303 -0.322069 -0.050000
v -0.517675 -0.104211 -0.050000
v -0.649120 -0.316956 0.000000
v -0.520900 -0.102341 0.000000
v -0.649120 -0.316956 -0.050000
v -0.520900 -0.102341 -0.050000
v -0.657847 -0.311587 0.000000
v -0.524065 -0.100394 0.000000
v -0.657847 -0.311587 -0.050000
v -0.524065 -0.100394 -0.050000
v -0.666476 -0.305961 0.000000
v -0.527168 -0.098371 0.000000
v -0.666476 -0.305961 -0.050000
v -0.527168 -0.098371 -0.050000
v -0.674996 -0.300078 0.000000
v -0.530207 -0.096273 0.000000
v -0.674996 -0.300078 -0.050000
v -0.530207 -0.096273 -0.050000
v -0.683398 -0.293938 0.000000
v -0.533181 -0.094101 0.000000
v -0.683398 -0.293938 -0.050000
v -0.533181 -0.094101 -0.050000
v -0.691672 -0.287542 0.000000
v -0.536085 -0.091856 0.000000
v -0.691672 -0.287542 -0.050000
v -0.536085 -0.091856 -0.050000
v -0.699807 -0.280890 0.000000
v -0.538919 -0.089540 0.000000
v -0.699807 -0.280890 -0.050000
v -0.538919 -0.089540 -0.050000
v -0.707794 -0.273985 0.000000
v -0.541680 -0.087153 0.000000
v -0.707794 -0.273985 -0.050000
v -0.541680 -0.087153 -0.050000
v -0.715622 -0.266828 0.000000
v -0.544366 -0.084698 0.000000
v -0.715622 -0.266828 -0.050000
v -0.544366 -0.084698 -0.050000
v -0.723281 -0.259421 0.000000
v -0.546975 -0.082176 0.000000
v -0.723281 -0.259421 -0.050000
v -0.546975 -0.082176 -0.050000
v -0.730760 -0.251768 0.000000
v -0.549504 -0.079588 0.000000
v -0.730760 -0.251768 -0.050000
v -0.549504 -0.079588 -0.050000
v -0.738049 -0.243873 0.000000
v -0.551952 -0.076937 0.000000
v -0.738049 -0.243873 -0.050000
v -0.551952 -0.076937 -0.050000
v -0.745138 -0.235740 0.000000
v -0.554317 -0.074224 0.000000
v -0.745138 -0.235740 -0.050000
v -0.554317 -0.074224 -0.050000
v -0.752015 -0.227372 0.000000
v -0.556597 -0.071450 0.000000
v -0.752015 -0.227372 -0.050000
v -0.556597 -0.071450 -0.050000
v -0.758672 -0.218776 0.000000
v -0.558789 -0.068620 0.000000
v -0.758672 -0.218776 -0.050000
v -0.558789 -0.068620 -0.050000
v -0.765098 -0.209956 0.000000
v -0.560893 -0.065733 0.000000
v -0.765098 -0.209956 -0.050000
v -0.560893 -0.065733 -0.050000
v -0.771282 -0.200920 0.000000
v -0.562906 -0.062792 0.000000
v -0.771282 -0.200920 -0.050000
v -0.562906 -0.062792 -0.050000
v -0.777216 -0.191674 0.000000
v -0.564827 -0.059799 0.000000
v -0.777216 -0.191674 -0.050000
v -0.564827 -0.059799 -0.050000
v -0.782889 -0.182225 0.000000
v -0.566653 -0.056758 0.000000
v -0.782889 -0.182225 -0.050000
v -0.566653 -0.056758 -0.050000
v -0.788293 -0.172582 0.000000
v -0.568384 -0.053670 0.000000
v -0.788293 -0.172582 -0.050000
v -0.568384 -0.053670 -0.050000
v -0.793419 -0.162752 0.000000
v -0.570018 -0.050537 0.000000
v -0.793419 -0.162752 -0.050000
v -0.570018 -0.050537 -0.050000
v -0.798257 -0.152745 0.000000
v -0.571553 -0.047361 0.000000
v -0.798257 -0.152745 -0.050000
v -0.571553 -0.047361 -0.050000
v -0.802800 -0.142569 0.000000
v -0.572989 -0.044147 0.000000
v -0.802800 -0.142569 -0.050000
v -0.572989 -0.044147 -0.050000
v -0.807040 -0.132235 0.000000
v -0.574323 -0.040896 0.000000
v -0.807040 -0.132235 -0.050000
v -0.574323 -0.040896 -0.050000
v -0.810969 -0.121753 0.000000
v -0.575555 -0.037610 0.000000
v -0.810969 -0.121753 -0.050000
v -0.575555 -0.037610 -0.050000
v -0.814582 -0.111134 0.000000
v -0.576684 -0.034293 0.000000
v -0.814582 -0.111134 -0.050000
v -0.576684 -0.034293 -0.050000
v -0.817870 -0.100388 0.000000
v -0.577708 -0.030947 0.000000
v -0.817870 -0.100388 -0.050000
v -0.577708 -0.030947 -0.050000
v -0.820828 -0.089529 0.000000
v -0.578627 -0.027574 0.000000
v -0.820828 -0.089529 -0.050000
v -0.578627 -0.027574 -0.050000
v -0.823451 -0.078567 0.000000
v -0.579439 -0.024178 0.000000
v -0.823451 -0.078567 -0.050000
v -0.579439 -0.024178 -0.050000
v -0.825735 -0.067513 0.000000
v -0.580145 -0.020763 0.000000
v -0.825735 -0.067513 -0.050000
v -0.580145 -0.020763 -0.050000
v -0.827674 -0.056381 0.000000
v -0.580743 -0.017329 0.000000
v -0.827674 -0.056381 -0.050000
v -0.580743 -0.017329 -0.050000
v -0.829266 -0.045184 0.000000
v -0.581234 -0.013881 0.000000
v -0.829266 -0.045184 -0.050000
v -0.581234 -0.013881 -0.050000
v -0.830507 -0.033935 0.000000
v -0.581615 -0.010421 0.000000
v -0.830507 -0.033935 -0.050000
v -0.581615 -0.010421 -0.050000
v -0.831395 -0.022645 0.000000
v -0.581888 -0.006952 0.000000
v -0.831395 -0.022645 -0.050000
v -0.581888 -0.006952 -0.050000
v -0.831929 -0.011329 0.000000
v -0.582052 -0.003478 0.000000
v -0.831929 -0.011329 -0.050000
v -0.582052 -0.003478 -0.050000
v -0.832107 -0.000000 0.000000
v -0.582107 -0.000000 0.000000
v -0.832107 -0.000000 -0.050000
v -0.582107 -0.000000 -0.050000
v -0.831929 0.011329 0.000000
v -0.582052 0.003478 0.000000
v -0.831929 0.011329 -0.050000
v -0.582052 0.003478 -0.050000
v -0.831395 0.022645 0.000000
v -0.581888 0.006952 0.000000
v -0.831395 0.022645 -0.050000
v -0.581888 0.006952 -0.050000
v -0.830507 0.033935 0.000000
v -0.581615 0.010421 0.000000
v -0.830507 0.033935 -0.050000
v -0.581615 0.010421 -0.050000
v -0.829266 0.045184 0.000000
v -0.581234 0.013881 0.000000
v -0.829266 0.045184 -0.050000
v -0.581234 0.013881 -0.050000
v -0.827674 0.056381 0.000000
v -0.580743 0.017329 0.000000
v -0.827674 0.056381 -0.050000
v -0.580743 0.017329 -0.050000
v -0.825735 0.067513 0.000000
v -0.580145 0.020763 0.000000
v -0.825735 0.067513 -0.050000
v -0.580145 0.020763 -0.050000
v -0.823451 0.078567 0.000000
v -0.579439 0.024178 0.000000
v -0.823451 0.078567 -0.050000
v -0.579439 0.024178 -0.050000
v -0.820828 0.089529 0.000000
v -0.578627 0.027574 0.000000
v -0.820828 0.089529 -0.050000
v -0.578627 0.027574 -0.050000
v -0.817870 0.100388 0.000000
v -0.577708 0.030947 0.000000
v -0.817870 0.100388 -0.050000
v -0.577708 0.030947 -0.050000
v -0.814582 0.111134 0.000000
v -0.576684 0.034293 0.000000
v -0.814582 0.111134 -0.050000
v -0.576684 0.034293 -0.050000
v -0.810969 0.121753 0.000000
v -0.575555 0.037610 0.000000
v -0.810969 0.121753 -0.050000
v -0.575555 0.037610 -0.050000
v -0.807040 0.132235 0.000000
v -0.574323 0.040896 0.000000
v -0.807040 0.132235 -0.050000
v -0.574323 0.040896 -0.050000
v -0.802800 0.142569 0.000000
v -0.572989 0.044147 0.000000
v -0.802800 0.142569 -0.050000
v -0.572989 0.044147 -0.050000
v -0.798257 0.152745 0.000000
v -0.571553 0.047361 0.000000
v -0.798257 0.152745 -0.050000
v -0.571553 0.047361 -0.050000
v -0.793419 0.162752 0.000000
v -0.570018 0.050537 0.000000
v -0.793419 0.162752 -0.050000
v -0.570018 0.050537 -0.050000
v -0.788293 0.172582 0.000000
v -0.568384 0.053670 0.000000
v -0.788293 0.172582 -0.050000
v -0.568384 0.053670 -0.050000
v -0.782889 0.182225 0.000000
v -0.566653 0.056758 0.000000
v -0.782889 0.182225 -0.050000
v -0.566653 0.056758 -0.050000
v -0.777216 0.191674 0.000000
v -0.564827 0.059799 0.000000
v -0.777216 0.191674 -0.050000
v -0.564827 0.059799 -0.050000
v -0.771282 0.200920 0.000000
v -0.562906 0.062792 0.000000
v -0.771282 0.200920 -0.050000
v -0.562906 0.062792 -0.050000
v -0.765098 0.209956 0.000000
v -0.560893 0.065733 0.000000
v -0.765098 0.209956 -0.050000
v -0.560893 0.065733 -0.050000
v -0.758672 0.218776 0.000000
v -0.558789 0.068620 0.000000
v -0.758672 0.218776 -0.050000
v -0.558789 0.068620 -0.050000
v -0.752015 0.227372 0.000000
v -0.556597 0.071450 0.000000
v -0.752015 0.227372 -0.050000
v -0.556597 0.071450 -0.050000
v -0.745138 0.235740 0.000000
v -0.554317 0.074224 0.000000
v -0.745138 0.235740 -0.050000
v -0.554317 0.074224 -0.050000
v -0.738049 0.243873 0.000000
v -0.551952 0.076937 0.000000
v -0.738049 0.243873 -0.050000
v -0.551952 0.076937 -0.050000
v -0.730760 0.251768 0.000000
v -0.549504 0.079588 0.000000
v -0.730760 0.251768 -0.050000
v -0.549504 0.079588 -0.050000
v -0.723281 0.259421 0.000000
v -0.546975 0.082176 0.000000
v -0.723281 0.259421 -0.050000
v -0.546975 0.082176 -0.050000
v -0.715622 0.266828 0.000000
v -0.544366 0.084698 0.000000
v -0.715622 0.266828 -0.050000
v -0.544366 0.084698 -0.050000
v -0.707794 0.273985 0.000000
v -0.541680 0.087153 0.000000
v -0.707794 0.273985 -0.050000
v -0.541680 0.087153 -0.050000
v -0.699807 0.280890 0.000000
v -0.538919 0.089540 0.000000
v -0.699807 0.280890 -0.050000
v -0.538919 0.089540 -0.050000
v -0.691672 0.287542 0.000000
v -0.536085 0.091856 0.000000
v -0.691672 0.287542 -0.050000
v -0.536085 0.091856 -0.050000
v -0.683398 0.293938 0.000000
v -0.533181 0.094101 0.000000
v -0.683398 0.293938 -0.050000
v -0.533181 0.094101 -0.050000
v -0.674996 0.300078 0.000000
v -0.530207 0.096273 0.000000
v -0.674996 0.300078 -0.050000
v -0.530207 0.096273 -0.050000
v -0.666476 0.305961 0.000000
v -0.527168 0.098371 0.000000
v -0.666476 0.305961 -0.050000
v -0.527168 0.098371 -0.050000
v -0.657847 0.311587 0.000000
v -0.524065 0.100394 0.000000
v -0.657847 0.311587 -0.050000
v -0.524065 0.100394 -0.050000
v -0.649120 0.316956 0.000000
v -0.520900 0.102341 0.000000
v -0.649120 0.316956 -0.050000
v -0.520900 0.102341 -0.050000
v -0.640303 0.322069 0.000000
v -0.517675 0.104211 0.000000
v -0.640303 0.322069 -0.050000
v -0.517675 0.104211 -0.050000
v -0.631407 0.326927 0.000000
v -0.514393 0.106003 0.000000
v -0.631407 0.326927 -0.050000
v -0.514393 0.106003 -0.050000
v -0.622440 0.331532 0.000000
v -0.511056 0.107716 0.000000
v -0.622440 0.331532 -0.050000
v -0.511056 0.107716 -0.050000
v -0.613412 0.335884 0.000000
v -0.507666 0.109350 0.000000
v -0.613412 0.335884 -0.050000
v -0.507666 0.109350 -0.050000
v -0.604329 0.339987 0.000000
v -0.504226 0.110903 0.000000
v -0.604329 0.339987 -0.050000
v -0.504226 0.110903 -0.050000
v -0.595202 0.343842 0.000000
v -0.500737 0.112376 0.000000
v -0.595202 0.343842 -0.050000
v -0.500737 0.112376 -0.050000
v -0.586038 0.347453 0.000000
v -0.497203 0.113769 0.000000
v -0.586038 0.347453 -0.050000
v -0.497203 0.113769 -0.050000
v -0.576844 0.350822 0.000000
v -0.493624 0.115079 0.000000
v -0.576844 0.350822 -0.050000
v -0.493624 0.115079 -0.050000
v -0.567629 0.353952 0.000000
v -0.490004 0.116309 0.000000
v -0.567629 0.353952 -0.050000
v -0.490004 0.116309 -0.050000
v -0.558400 0.356847 0.000000
v -0.486344 0.117456 0.000000
v -0.558400 0.356847 -0.050000
v -0.486344 0.117456 -0.050000
v -0.549163 0.359511 0.000000
v -0.482647 0.118522 0.000000
v -0.549163 0.359511 -0.050000
v -0.482647 0.118522 -0.050000
v -0.539925 0.361948 0.000000
v -0.478915 0.119506 0.000000
v -0.539925 0.361948 -0.050000
v -0.478915 0.119506 -0.050000
v -0.530692 0.364160 0.000000
v -0.475150 0.120408 0.000000
v -0.530692 0.364160 -0.050000
v -0.475150 0.120408 -0.050000
v -0.521471 0.366153 0.000000
v -0.471354 0.121228 0.000000
v -0.521471 0.366153 -0.050000
v -0.471354 0.121228 -0.050000
v -0.512268 0.367931 0.000000
v -0.467528 0.121967 0.000000
v -0.512268 0.367931 -0.050000
v -0.467528 0.121967 -0.050000
v -0.503087 0.369498 0.000000
v -0.463675 0.122624 0.000000
v -0.503087 0.369498 -0.050000
v -0.463675 0.122624 -0.050000
v -0.493934 0.370859 0.000000
v -0.459798 0.123200 0.000000
v -0.493934 0.370859 -0.050000
v -0.459798 0.123200 -0.050000
v -0.484815 0.372017 0.000000
v -0.455896 0.123696 0.000000
v -0.484815 0.372017 -0.050000
v -0.455896 0.123696 -0.050000
v -0.475733 0.372979 0.000000
v -0.451973 0.124111 0.000000
v -0.475733 0.372979 -0.050000
v -0.451973 0.124111 -0.050000
v -0.466692 0.373748 0.000000
v -0.448031 0.124446 0.000000
v -0.466692 0.373748 -0.050000
v -0.448031 0.124446 -0.050000
v -0.457698 0.374330 0.000000
v -0.444070 0.124701 0.000000
v -0.457698 0.374330 -0.050000
v -0.444070 0.124701 -0.050000
v -0.448754 0.374728 0.000000
v -0.440094 0.124878 0.000000
v -0.448754 0.374728 -0.050000
v -0.440094 0.124878 -0.050000
v -0.439864 0.374949 0.000000
v -0.436102 0.124977 0.000000
v -0.439864 0.374949 -0.050000
v -0.436102 0.124977 -0.050000
v -0.431030 0.374996 0.000000
v -0.432098 0.124998 0.000000
v -0.431030 0.374996 -0.050000
v -0.432098 0.124998 -0.050000
v -0.422256 0.374874 0.000000
v -0.428082 0.124942 0.000000
v -0.422256 0.374874 -0.050000
v -0.428082 0.124942 -0.050000
v -0.413546 0.374589 0.000000
v -0.424056 0.124810 0.000000
v -0.413546 0.374589 -0.050000
v -0.424056 0.124810 -0.050000
v -0.404901 0.374145 0.000000
v -0.420021 0.124602 0.000000
v -0.404901 0.374145 -0.050000
v -0.420021 0.124602 -0.050000
v -0.396324 0.373546 0.000000
v -0.415979 0.124320 0.000000
v -0.396324 0.373546 -0.050000
v -0.415979 0.124320 -0.050000
v -0.387816 0.372798 0.000000
v -0.411931 0.123964 0.000000
v -0.387816 0.372798 -0.050000
v -0.411931 0.123964 -0.050000
v -0.379382 0.371905 0.000000
v -0.407879 0.123534 0.000000
v -0.379382 0.371905 -0.050000
v -0.407879 0.123534 -0.050000
v -0.371021 0.370871 0.000000
v -0.403823 0.123033 0.000000
v -0.371021 0.370871 -0.050000
v -0.403823 0.123033 -0.050000
v -0.362736 0.369702 0.000000
v -0.399765 0.122460 0.000000
v -0.362736 0.369702 -0.050000
v -0.399765 0.122460 -0.050000
v -0.354528 0.368402 0.000000
v -0.395706 0.121816 0.000000
v -0.354528 0.368402 -0.050000
v -0.395706 0.121816 -0.050000
v -0.346398 0.366975 0.000000
v -0.391647 0.121104 0.000000
v -0.346398 0.366975 -0.050000
v -0.391647 0.121104 -0.050000
v -0.338348 0.365425 0.000000
v -0.387589 0.120322 0.000000
v -0.338348 0.365425 -0.050000
v -0.387589 0.120322 -0.050000
v -0.330379 0.363757 0.000000
v -0.383533 0.119473 0.000000
v -0.330379 0.363757 -0.050000
v -0.383533 0.119473 -0.050000
v -0.322491 0.361975 0.000000
v -0.379480 0.118557 0.000000
v -0.322491 0.361975 -0.050000
v -0.379480 0.118557 -0.050000
v -0.314684 0.360083 0.000000
v -0.375431 0.117575 0.000000
v -0.314684 0.360083 -0.050000
v -0.375431 0.117575 -0.050000
v -0.306961 0.358085 0.000000
v -0.371386 0.116529 0.000000
v -0.306961 0.358085 -0.050000
v -0.371386 0.116529 -0.050000
v -0.299320 0.355986 0.000000
v -0.367347 0.115419 0.000000
v -0.299320 0.355986 -0.050000
v -0.367347 0.115419 -0.050000
v -0.291762 0.353788 0.000000
v -0.363314 0.114246 0.000000
v -0.291762 0.353788 -0.050000
v -0.363314 0.114246 -0.050000
v -0.284288 0.351496 0.000000
v -0.359287 0.113011 0.000000
v -0.284288 0.351496 -0.050000
v -0.359287 0.113011 -0.050000
v -0.276898 0.349114 0.000000
v -0.355268 0.111715 0.000000
v -0.276898 0.349114 -0.050000
v -0.355268 0.111715 -0.050000
v -0.269590 0.346644 0.000000
v -0.351258 0.110360 0.000000
v -0.269590 0.346644 -0.050000
v -0.351258 0.110360 -0.050000
v -0.262366 0.344092 0.000000
v -0.347255 0.108945 0.000000
v -0.262366 0.344092 -0.050000
v -0.347255 0.108945 -0.050000
v -0.255225 0.341459 0.000000
v -0.343262 0.107473 0.000000
v -0.255225 0.341459 -0.050000
v -0.343262 0.107473 -0.050000
v -0.248167 0.338750 0.000000
v -0.339279 0.105944 0.000000
v -0.248167 0.338750 -0.050000
v -0.339279 0.105944 -0.050000
v -0.241191 0.335967 0.000000
v -0.335305 0.104358 0.000000
v -0.241191 0.335967 -0.050000
v -0.335305 0.104358 -0.050000
v -0.234298 0.333114 0.000000
v -0.331341 0.102718 0.000000
v -0.234298 0.333114 -0.050000
v -0.331341 0.102718 -0.050000
v -0.227485 0.330194 0.000000
v -0.327389 0.101024 0.000000
v -0.227485 0.330194 -0.050000
v -0.327389 0.101024 -0.050000
v -0.220753 0.327210 0.000000
v -0.323448 0.099276 0.000000
v -0.220753 0.327210 -0.050000
v -0.323448 0.099276 -0.050000
v -0.214102 0.324165 0.000000
v -0.319518 0.097477 0.000000
v -0.214102 0.324165 -0.050000
v -0.319518 0.097477 -0.050000
v -0.207529 0.321061 0.000000
v -0.315599 0.095626 0.000000
v -0.207529 0.321061 -0.050000
v -0.315599 0.095626 -0.050000
v -0.201036 0.317902 0.000000
v -0.311692 0.093725 0.000000
v -0.201036 0.317902 -0.050000
v -0.311692 0.093725 -0.050000
v -0.194620 0.314690 0.000000
v -0.307797 0.091775 0.000000
v -0.194620 0.314690 -0.050000
v -0.307797 0.091775 -0.050000
v -0.188282 0.311427 0.000000
v -0.303914 0.089776 0.000000
v -0.188282 0.311427 -0.050000
v -0.303914 0.089776 -0.050000
v -0.182019 0.308116 0.000000
v -0.300044 0.087729 0.000000
v -0.182019 0.308116 -0.050000
v -0.300044 0.087729 -0.050000
v -0.175832 0.304760 0.000000
v -0.296185 0.085636 0.000000
v -0.175832 0.304760 -0.050000
v -0.296185 0.085636 -0.050000
v -0.169719 0.301360 0.000000
v -0.292339 0.083497 0.000000
v -0.169719 0.301360 -0.050000
v -0.292339 0.083497 -0.050000
v -0.163679 0.297920 0.000000
v -0.288505 0.081313 0.000000
v -0.163679 0.297920 -0.050000
v -0.288505 0.081313 -0.050000
v -0.157711 0.294441 0.000000
v -0.284684 0.079085 0.000000
v -0.157711 0.294441 -0.050000
v -0.284684 0.079085 -0.050000
v -0.151815 0.290925 0.000000
v -0.280875 0.076814 0.000000
v -0.151815 0.290925 -0.050000
v -0.280875 0.076814 -0.050000
v -0.145988 0.287375 0.000000
v -0.277077 0.074500 0.000000
v -0.145988 0.287375 -0.050000
v -0.277077 0.074500 -0.050000
v -0.140231 0.283792 0.000000
v -0.273293 0.072145 0.000000
v -0.140231 0.283792 -0.050000
v -0.273293 0.072145 -0.050000
v -0.134541 0.280179 0.000000
v -0.269520 0.069748 0.000000
v -0.134541 0.280179 -0.050000
v -0.269520 0.069748 -0.050000
v -0.128919 0.276536 0.000000
v -0.265759 0.067312 0.000000
v -0.128919 0.276536 -0.050000
v -0.265759 0.067312 -0.050000
v -0.123362 0.272867 0.000000
v -0.262009 0.064836 0.000000
v -0.123362 0.272867 -0.050000
v -0.262009 0.064836 -0.050000
v -0.117869 0.269172 0.000000
v -0.258272 0.062322 0.000000
v -0.117869 0.269172 -0.050000
v -0.258272 0.062322 -0.050000
v -0.112440 0.265454 0.000000
v -0.254545 0.059769 0.000000
v -0.112440 0.265454 -0.050000
v -0.254545 0.059769 -0.050000
v -0.107073 0.261714 0.000000
v -0.250830 0.057180 0.000000
v -0.107073 0.261714 -0.050000
v -0.250830 0.057180 -0.050000
v -0.101767 0.257953 0.000000
v -0.247125 0.054554 0.000000
v -0.101767 0.257953 -0.050000
v -0.247125 0.054554 -0.050000
v -0.096521 0.254173 0.000000
v -0.243431 0.051893 0.000000
v -0.096521 0.254173 -0.050000
v -0.243431 0.051893 -0.050000
v -0.091334 0.250376 0.000000
v -0.239748 0.049196 0.000000
v -0.091334 0.250376 -0.050000
v -0.239748 0.049196 -0.050000
v -0.086205 0.246563 0.000000
v -0.236074 0.046465 0.000000
v -0.086205 0.246563 -0.050000
v -0.236074 0.046465 -0.050000
v -0.081131 0.242734 0.000000
v -0.232410 0.043700 0.000000
v -0.081131 0.242734 -0.050000
v -0.232410 0.043700 -0.050000
v -0.076113 0.238893 0.000000
v -0.228756 0.040902 0.000000
v -0.076113 0.238893 -0.050000
v -0.228756 0.040902 -0.050000
v -0.071149 0.235039 0.000000
v -0.225110 0.038072 0.000000
v -0.071149 0.235039 -0.050000
v -0.225110 0.038072 -0.050000
v -0.066238 0.231174 0.000000
v -0.221473 0.035210 0.000000
v -0.066238 0.231174 -0.050000
v -0.221473 0.035210 -0.050000
v -0.061378 0.227299 0.000000
v -0.217845 0.032316 0.000000
v -0.061378 0.227299 -0.050000
v -0.217845 0.032316 -0.050000
v -0.056569 0.223415 0.000000
v -0.214224 0.029392 0.000000
v -0.056569 0.223415 -0.050000
v -0.214224 0.029392 -0.050000
v -0.051809 0.219524 0.000000
v -0.210611 0.026438 0.000000
v -0.051809 0.219524 -0.050000
v -0.210611 0.026438 -0.050000
v -0.047098 0.215626 0.000000
v -0.207004 0.023454 0.000000
v -0.047098 0.215626 -0.050000
v -0.207004 0.023454 -0.050000
v -0.042433 0.211722 0.000000
v -0.203405 0.020442 0.000000
v -0.042433 0.211722 -0.050000
v -0.203405 0.020442 -0.050000
v -0.037815 0.207814 0.000000
v -0.199811 0.017400 0.000000
v -0.037815 0.207814 -0.050000
v -0.199811 0.017400 -0.050000
v -0.033241 0.203902 0.000000
v -0.196223 0.014331 0.000000
v -0.033241 0.203902 -0.050000
v -0.196223 0.014331 -0.050000
v -0.028711 0.199987 0.000000
v -0.192640 0.011235 0.000000
v -0.028711 0.199987 -0.050000
v -0.192640 0.011235 -0.050000
v -0.024223 0.196070 0.000000
v -0.189062 0.008112 0.000000
v -0.024223 0.196070 -0.050000
v -0.189062 0.008112 -0.050000
v -0.019777 0.192152 0.000000
v -0.185488 0.004962 0.000000
v -0.019777 0.192152 -0.050000
v -0.185488 0.004962 -0.050000
v -0.015371 0.188234 0.000000
v -0.181917 0.001787 0.000000
v -0.015371 0.188234 -0.050000
v -0.181917 0.001787 -0.050000
v -0.011005 0.184316 0.000000
v -0.178350 -0.001414 0.000000
v -0.011005 0.184316 -0.050000
v -0.178350 -0.001414 -0.050000
v -0.006676 0.180400 0.000000
v -0.174785 -0.004639 0.000000
v -0.006676 0.180400 -0.050000
v -0.174785 -0.004639 -0.050000
v -0.002385 0.176485 0.000000
v -0.171222 -0.007889 0.000000
v -0.002385 0.176485 -0.050000
v -0.171222 -0.007889 -0.050000
v 0.001870 0.172574 0.000000
v -0.167661 -0.011163 0.000000
v 0.001870 0.172574 -0.050000
v -0.167661 -0.011163 -0.050000
v 0.006090 0.168665 0.000000
v -0.164101 -0.014460 0.000000
v 0.006090 0.168665 -0.050000
v -0.164101 -0.014460 -0.050000
v 0.010277 0.164761 0.000000
v -0.160540 -0.017781 0.000000
v 0.010277 0.164761 -0.050000
v -0.160540 -0.017781 -0.050000
v 0.014430 0.160861 0.000000
v -0.156980 -0.021124 0.000000
v 0.014430 0.160861 -0.050000
v -0.156980 -0.021124 -0.050000
v 0.018552 0.156967 0.000000
v -0.153418 -0.024489 0.000000
v 0.018552 0.156967 -0.050000
v -0.153418 -0.024489 -0.050000
v 0.022642 0.153078 0.000000
v -0.149855 -0.027876 0.000000
v 0.022642 0.153078 -0.050000
v -0.149855 -0.027876 -0.050000
v 0.026703 0.149196 0.000000
v -0.146289 -0.031285 0.000000
v 0.026703 0.149196 -0.050000
v -0.146289 -0.031285 -0.050000
v 0.030735 0.145322 0.000000
v -0.142721 -0.034714 0.000000
v 0.030735 0.145322 -0.050000
v -0.142721 -0.034714 -0.050000
v 0.034739 0.141454 0.000000
v -0.139150 -0.038164 0.000000
v 0.034739 0.141454 -0.050000
v -0.139150 -0.038164 -0.050000
v 0.038716 0.137595 0.000000
v -0.135574 -0.041634 0.000000
v 0.038716 0.137595 -0.050000
v -0.135574 -0.041634 -0.050000
v 0.042667 0.133745 0.000000
v -0.131993 -0.045124 0.000000
v 0.042667 0.133745 -0.050000
v -0.131993 -0.045124 -0.050000
v 0.046593 0.129903 0.000000
v -0.128406 -0.048632 0.000000
v 0.046593 0.129903 -0.050000
v -0.128406 -0.048632 -0.050000
v 0.050495 0.126072 0.000000
v -0.124814 -0.052160 0.000000
v 0.050495 0.126072 -0.050000
v -0.124814 -0.052160 -0.050000
v 0.054374 0.122251 0.000000
v -0.121214 -0.055707 0.000000
v 0.054374 0.122251 -0.050000
v -0.121214 -0.055707 -0.050000
v 0.058230 0.118440 0.000000
v -0.117607 -0.059271 0.000000
v 0.058230 0.118440 -0.050000
v -0.117607 -0.059271 -0.050000
v 0.062065 0.114640 0.000000
v -0.113992 -0.062853 0.000000
v 0.062065 0.114640 -0.050000
v -0.113992 -0.062853 -0.050000
v 0.065880 0.110852 0.000000
v -0.110367 -0.066453 0.000000
v 0.065880 0.110852 -0.050000
v -0.110367 -0.066453 -0.050000
v 0.069675 0.107076 0.000000
v -0.106733 -0.070069 0.000000
v 0.069675 0.107076 -0.050000
v -0.106733 -0.070069 -0.050000
v 0.073451 0.103312 0.000000
v -0.103088 -0.073702 0.000000
v 0.073451 0.103312 -0.050000
v -0.103088 -0.073702 -0.050000
v 0.077210 0.099562 0.000000
v -0.099431 -0.077351 0.000000
v 0.077210 0.099562 -0.050000
v -0.099431 -0.077351 -0.050000
v 0.080951 0.095824 0.000000
v -0.095763 -0.081016 0.000000
v 0.080951 0.095824 -0.050000
v -0.095763 -0.081016 -0.050000
v 0.084676 0.092100 0.000000
v -0.092081 -0.084696 0.000000
v 0.084676 0.092100 -0.050000
v -0.092081 -0.084696 -0.050000
v 0.088386 0.088391 0.000000
v -0.088386 -0.088391 0.000000
v 0.088386 0.088391 -0.050000
v -0.088386 -0.088391 -0.050000
v 0.092081 0.084696 0.000000
v -0.084676 -0.092100 0.000000
v 0.092081 0.084696 -0.050000
v -0.084676 -0.092100 -0.050000
v 0.095763 0.081016 0.000000
v -0.080951 -0.095824 0.000000
v 0.095763 0.081016 -0.050000
v -0.080951 -0.095824 -0.050000
v 0.099431 0.077351 0.000000
v -0.077210 -0.099562 0.000000
v 0.099431 0.077351 -0.050000
v -0.077210 -0.099562 -0.050000
v 0.103088 0.073702 0.000000
v -0.073451 -0.103312 0.000000
v 0.103088 0.073702 -0.050000
v -0.073451 -0.103312 -0.050000
v 0.106733 0.070069 0.000000
v -0.069675 -0.107076 0.000000
v 0.106733 0.070069 -0.050000
v -0.069675 -0.107076 -0.050000
v 0.110367 0.066453 0.000000
v -0.065880 -0.110852 0.000000
v 0.110367 0.066453 -0.050000
v -0.065880 -0.110852 -0.050000
v 0.113992 0.062853 0.000000
v -0.062065 -0.114640 0.000000
v 0.113992 0.062853 -0.050000
v -0.062065 -0.114640 -0.050000
v 0.117607 0.059271 0.000000
v -0.058230 -0.118440 0.000000
v 0.117607 0.059271 -0.050000
v -0.058230 -0.118440 -0.050000
v 0.121214 0.055707 0.000000
v -0.054374 -0.122251 0.000000
v 0.121214 0.055707 -0.050000
v -0.054374 -0.122251 -0.050000
v 0.124814 0.052160 0.000000
v -0.050495 -0.126072 0.000000
v 0.124814 0.052160 -0.050000
v -0.050495 -0.126072 -0.050000
v 0.128406 0.048632 0.000000
v -0.046593 -0.129903 0.000000
v 0.128406 0.048632 -0.050000
v -0.046593 -0.129903 -0.050000
v 0.131993 0.045124 0.000000
v -0.042667 -0.133745 0.000000
v 0.131993 0.045124 -0.050000
v -0.042667 -0.133745 -0.050000
v 0.135574 0.041634 0.000000
v -0.038716 -0.137595 0.000000
v 0.135574 0.041634 -0.050000
v -0.038716 -0.137595 -0.050000
v 0.139150 0.038164 0.000000
v -0.034739 -0.141454 0.000000
v 0.139150 0.038164 -0.050000
v -0.034739 -0.141454 -0.050000
v 0.142721 0.034714 0.000000
v -0.030735 -0.145322 0.000000
v 0.142721 0.034714 -0.050000
v -0.030735 -0.145322 -0.050000
v 0.146289 0.031285 0.000000
v -0.026703 -0.149196 0.000000
v 0.146289 0.031285 -0.050000
v -0.026703 -0.149196 -0.050000
v 0.149855 0.027876 0.000000
v -0.022642 -0.153078 0.000000
v 0.149855 0.027876 -0.050000
v -0.022642 -0.153078 -0.050000
v 0.153418 0.024489 0.000000
v -0.018552 -0.156967 0.000000
v 0.153418 0.024489 -0.050000
v -0.018552 -0.156967 -0.050000
v 0.156980 0.021124 0.000000
v -0.014430 -0.160861 0.000000
v 0.156980 0.021124 -0.050000
v -0.014430 -0.160861 -0.050000
v 0.160540 0.017781 0.000000
v -0.010277 -0.164761 0.000000
v 0.160540 0.017781 -0.050000
v -0.010277 -0.164761 -0.050000
v 0.164101 0.014460 0.000000
v -0.006090 -0.168665 0.000000
v 0.164101 0.014460 -0.050000
v -0.006090 -0.168665 -0.050000
v 0.167661 0.011163 0.000000
v -0.001870 -0.172574 0.000000
v 0.167661 0.011163 -0.050000
v -0.001870 -0.172574 -0.050000
v 0.171222 0.007889 0.000000
v 0.002385 -0.176485 0.000000
v 0.171222 0.007889 -0.050000
v 0.002385 -0.176485 -0.050000
v 0.174785 0.004639 0.000000
v 0.006676 -0.180400 0.000000
v 0.174785 0.004639 -0.050000
v 0.006676 -0.180400 -0.050000
v 0.178350 0.001414 0.000000
v 0.011005 -0.184316 0.000000
v 0.178350 0.001414 -0.050000
v 0.011005 -0.184316 -0.050000
v 0.181917 -0.001787 0.000000
v 0.015371 -0.188234 0.000000
v 0.181917 -0.001787 -0.050000
v 0.015371 -0.188234 -0.050000
v 0.185488 -0.004962 0.000000
v 0.019777 -0.192152 0.000000
v 0.185488 -0.004962 -0.050000
v 0.019777 -0.192152 -0.050000
v 0.189062 -0.008112 0.000000
v 0.024223 -0.196070 0.000000
v 0.189062 -0.008112 -0.050000
v 0.024223 -0.196070 -0.050000
v 0.192640 -0.011235 0.000000
v 0.028711 -0.199987 0.000000
v 0.192640 -0.011235 -0.050000
v 0.028711 -0.199987 -0.050000
v 0.196223 -0.014331 0.000000
v 0.033241 -0.203902 0.000000
v 0.196223 -0.014331 -0.050000
v 0.033241 -0.203902 -0.050000
v 0.199811 -0.017400 0.000000
v 0.037815 -0.207814 0.000000
v 0.199811 -0.017400 -0.050000
v 0.037815 -0.207814 -0.050000
v 0.203405 -0.020442 0.000000
v 0.042433 -0.211722 0.000000
v 0.203405 -0.020442 -0.050000
v 0.042433 -0.211722 -0.050000
v 0.207004 -0.023454 0.000000
v 0.047098 -0.215626 0.000000
v 0.207004 -0.023454 -0.050000
v 0.047098 -0.215626 -0.050000
v 0.210611 -0.026438 0.000000
v 0.051809 -0.219524 0.000000
v 0.210611 -0.026438 -0.050000
v 0.051809 -0.219524 -0.050000
v 0.214224 -0.029392 0.000000
v 0.056569 -0.223415 0.000000
v 0.214224 -0.029392 -0.050000
v 0.056569 -0.223415 -0.050000
v 0.217845 -0.032316 0.000000
v 0.061378 -0.227299 0.000000
v 0.217845 -0.032316 -0.050000
v 0.061378 -0.227299 -0.050000
v 0.221473 -0.035210 0.000000
v 0.066238 -0.231174 0.000000
v 0.221473 -0.035210 -0.050000
v 0.066238 -0.231174 -0.050000
v 0.225110 -0.038072 0.000000
v 0.071149 -0.235039 0.000000
v 0.225110 -0.038072 -0.050000
v 0.071149 -0.235039 -0.050000
v 0.228756 -0.040902 0.000000
v 0.076113 -0.238893 0.000000
v 0.228756 -0.040902 -0.050000
v 0.076113 -0.238893 -0.050000
v 0.232410 -0.043700 0.000000
v 0.081131 -0.242734 0.000000
v 0.232410 -0.043700 -0.050000
v 0.081131 -0.242734 -0.050000
v 0.236074 -0.046465 0.000000
v 0.086205 -0.246563 0.000000
v 0.236074 -0.046465 -0.050000
v 0.086205 -0.246563 -0.050000
v 0.239748 -0.049196 0.000000
v 0.091334 -0.250376 0.000000
v 0.239748 -0.049196 -0.050000
v 0.091334 -0.250376 -0.050000
v 0.243431 -0.051893 0.000000
v 0.096521 -0.254173 0.000000
v 0.243431 -0.051893 -0.050000
v 0.096521 -0.254173 -0.050000
v 0.247125 -0.054554 0.000000
v 0.101767 -0.257953 0.000000
v 0.247125 -0.054554 -0.050000
v 0.101767 -0.257953 -0.050000
v 0.250830 -0.057180 0.000000
v 0.107073 -0.261714 0.000000
v 0.250830 -0.057180 -0.050000
v 0.107073 -0.261714 -0.050000
v 0.254545 -0.059769 0.000000
v 0.112440 -0.265454 0.000000
v 0.254545 -0.059769 -0.050000
v 0.112440 -0.265454 -0.050000
v 0.258272 -0.062322 0.000000
v 0.117869 -0.269172 0.000000
v 0.258272 -0.062322 -0.050000
v 0.117869 -0.269172 -0.050000
v 0.262009 -0.064836 0.000000
v 0.123362 -0.272867 0.000000
v 0.262009 -0.064836 -0.050000
v 0.123362 -0.272867 -0.050000
v 0.265759 -0.067312 0.000000
v 0.128919 -0.276536 0.000000
v 0.265759 -0.067312 -0.050000
v 0.128919 -0.276536 -0.050000
v 0.269520 -0.069748 0.000000
v 0.134541 -0.280179 0.000000
v 0.269520 -0.069748 -0.050000
v 0.134541 -0.280179 -0.050000
v 0.273293 -0.072145 0.000000
v 0.140231 -0.283792 0.000000
v 0.273293 -0.072145 -0.050000
v 0.140231 -0.283792 -0.050000
v 0.277077 -0.074500 0.000000
v 0.145988 -0.287375 0.000000
v 0.277077 -0.074500 -0.050000
v 0.145988 -0.287375 -0.050000
v 0.280875 -0.076814 0.000000
v 0.151815 -0.290925 0.000000
v 0.280875 -0.076814 -0.050000
v 0.151815 -0.290925 -0.050000
v 0.284684 -0.079085 0.000000
v 0.157711 -0.294441 0.000000
v 0.284684 -0.079085 -0.050000
v 0.157711 -0.294441 -0.050000
v 0.288505 -0.081313 0.000000
v 0.163679 -0.297920 0.000000
v 0.288505 -0.081313 -0.050000
v 0.163679 -0.297920 -0.050000
v 0.292339 -0.083497 0.000000
v 0.169719 -0.301360 0.000000
v 0.292339 -0.083497 -0.050000
v 0.169719 -0.301360 -0.050000
v 0.296185 -0.085636 0.000000
v 0.175832 -0.304760 0.000000
v 0.296185 -0.085636 -0.050000
v 0.175832 -0.304760 -0.050000
v 0.300044 -0.087729 0.000000
v 0.182019 -0.308116 0.000000
v 0.300044 -0.087729 -0.050000
v 0.182019 -0.308116 -0.050000
v 0.303914 -0.089776 0.000000
v 0.188282 -0.311427 0.000000
v 0.303914 -0.089776 -0.050000
v 0.188282 -0.311427 -0.050000
v 0.307797 -0.091775 0.000000
v 0.194620 -0.314690 0.000000
v 0.307797 -0.091775 -0.050000
v 0.194620 -0.314690 -0.050000
v 0.311692 -0.093725 0.000000
v 0.201036 -0.317902 0.000000
v 0.311692 -0.093725 -0.050000
v 0.201036 -0.317902 -0.050000
v 0.315599 -0.095626 0.000000
v 0.207529 -0.321061 0.000000
v 0.315599 -0.095626 -0.050000
v 0.207529 -0.321061 -0.050000
v 0.319518 -0.097477 0.000000
v 0.214102 -0.324165 0.000000
v 0.319518 -0.097477 -0.050000
v 0.214102 -0.324165 -0.050000
v 0.323448 -0.099276 0.000000
v 0.220753 -0.327210 0.000000
v 0.323448 -0.099276 -0.050000
v 0.220753 -0.327210 -0.050000
v 0.327389 -0.101024 0.000000
v 0.227485 -0.330194 0.000000
v 0.327389 -0.101024 -0.050000
v 0.227485 -0.330194 -0.050000
v 0.331341 -0.102718 0.000000
v 0.234298 -0.333114 0.000000
v 0.331341 -0.102718 -0.050000
v 0.234298 -0.333114 -0.050000
v 0.335305 -0.104358 0.000000
v 0.241191 -0.335967 0.000000
v 0.335305 -0.104358 -0.050000
v 0.241191 -0.335967 -0.050000
v 0.339279 -0.105944 0.000000
v 0.248167 -0.338750 0.000000
v 0.339279 -0.105944 -0.050000
v 0.248167 -0.338750 -0.050000
v 0.343262 -0.107473 0.000000
v 0.255225 -0.341459 0.000000
v 0.343262 -0.107473 -0.050000
v 0.255225 -0.341459 -0.050000
v 0.347255 -0.108945 0.000000
v 0.262366 -0.344092 0.000000
v 0.347255 -0.108945 -0.050000
v 0.262366 -0.344092 -0.050000
v 0.351258 -0.110360 0.000000
v 0.269590 -0.346644 0.000000
v 0.351258 -0.110360 -0.050000
v 0.269590 -0.346644 -0.050000
v 0.355268 -0.111715 0.000000
v 0.276898 -0.349114 0.000000
v 0.355268 -0.111715 -0.050000
v 0.276898 -0.349114 -0.050000
v 0.359287 -0.113011 0.000000
v 0.284288 -0.351496 0.000000
v 0.359287 -0.113011 -0.050000
v 0.284288 -0.351496 -0.050000
v 0.363314 -0.114246 0.000000
v 0.291762 -0.353788 0.000000
v 0.363314 -0.114246 -0.050000
v 0.291762 -0.353788 -0.050000
v 0.367347 -0.115419 0.000000
v 0.299320 -0.355986 0.000000
v 0.367347 -0.115419 -0.050000
v 0.299320 -0.355986 -0.050000
v 0.371386 -0.116529 0.000000
v 0.306961 -0.358085 0.000000
v 0.371386 -0.116529 -0.050000
v 0.306961 -0.358085 -0.050000
v 0.375431 -0.117575 0.000000
v 0.314684 -0.360083 0.000000
v 0.375431 -0.117575 -0.050000
v 0.314684 -0.360083 -0.050000
v 0.379480 -0.118557 0.000000
v 0.322491 -0.361975 0.000000
v 0.379480 -0.118557 -0.050000
v 0.322491 -0.361975 -0.050000
v 0.383533 -0.119473 0.000000
v 0.330379 -0.363757 0.000000
v 0.383533 -0.119473 -0.050000
v 0.330379 -0.363757 -0.050000
v 0.387589 -0.120322 0.000000
v 0.338348 -0.365425 0.000000
v 0.387589 -0.120322 -0.050000
v 0.338348 -0.365425 -0.050000
v 0.391647 -0.121104 0.000000
v 0.346398 -0.366975 0.000000
v 0.391647 -0.121104 -0.050000
v 0.346398 -0.366975 -0.050000
v 0.395706 -0.121816 0.000000
v 0.354528 -0.368402 0.000000
v 0.395706 -0.121816 -0.050000
v 0.354528 -0.368402 -0.050000
v 0.399765 -0.122460 0.000000
v 0.362736 -0.369702 0.000000
v 0.399765 -0.122460 -0.050000
v 0.362736 -0.369702 -0.050000
v 0.403823 -0.123033 0.000000
v 0.371021 -0.370871 0.000000
v 0.403823 -0.123033 -0.050000
v 0.371021 -0.370871 -0.050000
v 0.407879 -0.123534 0.000000
v 0.379382 -0.371905 0.000000
v 0.407879 -0.123534 -0.050000
v 0.379382 -0.371905 -0.050000
v 0.411931 -0.123964 0.000000
v 0.387816 -0.372798 0.000000
v 0.411931 -0.123964 -0.050000
v 0.387816 -0.372798 -0.050000
v 0.415979 -0.124320 0.000000
v 0.396324 -0.373546 0.000000
v 0.415979 -0.124320 -0.050000
v 0.396324 -0.373546 -0.050000
v 0.420021 -0.124602 0.000000
v 0.404901 -0.374145 0.000000
v 0.420021 -0.124602 -0.050000
v 0.404901 -0.374145 -0.050000
v 0.424056 -0.124810 0.000000
v 0.413546 -0.374589 0.000000
v 0.424056 -0.124810 -0.050000
v 0.413546 -0.374589 -0.050000
v 0.428082 -0.124942 0.000000
v 0.422256 -0.374874 0.000000
v 0.428082 -0.124942 -0.050000
v 0.422256 -0.374874 -0.050000
v 0.432098 -0.124998 0.000000
v 0.431030 -0.374996 0.000000
v 0.432098 -0.124998 -0.050000
v 0.431030 -0.374996 -0.050000
v 0.436102 -0.124977 0.000000
v 0.439864 -0.374949 0.000000
v 0.436102 -0.124977 -0.050000
v 0.439864 -0.374949 -0.050000
v 0.440094 -0.124878 0.000000
v 0.448754 -0.374728 0.000000
v 0.440094 -0.124878 -0.050000
v 0.448754 -0.374728 -0.050000
v 0.444070 -0.124701 0.000000
v 0.457698 -0.374330 0.000000
v 0.444070 -0.124701 -0.050000
v 0.457698 -0.374330 -0.050000
v 0.448031 -0.124446 0.000000
v 0.466692 -0.373748 0.000000
v 0.448031 -0.124446 -0.050000
v 0.466692 -0.373748 -0.050000
v 0.451973 -0.124111 0.000000
v 0.475733 -0.372979 0.000000
v 0.451973 -0.124111 -0.050000
v 0.475733 -0.372979 -0.050000
v 0.455896 -0.123696 0.000000
v 0.484815 -0.372017 0.000000
v 0.455896 -0.123696 -0.050000
v 0.484815 -0.372017 -0.050000
v 0.459798 -0.123200 0.000000
v 0.493934 -0.370859 0.000000
v 0.459798 -0.123200 -0.050000
v 0.493934 -0.370859 -0.050000
v 0.463675 -0.122624 0.000000
v 0.503087 -0.369498 0.000000
v 0.463675 -0.122624 -0.050000
v 0.503087 -0.369498 -0.050000
v 0.467528 -0.121967 0.000000
v 0.512268 -0.367931 0.000000
v 0.467528 -0.121967 -0.050000
v 0.512268 -0.367931 -0.050000
v 0.471354 -0.121228 0.000000
v 0.521471 -0.366153 0.000000
v 0.471354 -0.121228 -0.050000
v 0.521471 -0.366153 -0.050000
v 0.475150 -0.120408 0.000000
v 0.530692 -0.364160 0.000000
v 0.475150 -0.120408 -0.050000
v 0.530692 -0.364160 -0.050000
v 0.478915 -0.119506 0.000000
v 0.539925 -0.361948 0.000000
v 0.478915 -0.119506 -0.050000
v 0.539925 -0.361948 -0.050000
v 0.482647 -0.118522 0.000000
v 0.549163 -0.359511 0.000000
v 0.482647 -0.118522 -0.050000
v 0.549163 -0.359511 -0.050000
v 0.486344 -0.117456 0.000000
v 0.558400 -0.356847 0.000000
v 0.486344 -0.117456 -0.050000
v 0.558400 -0.356847 -0.050000
v 0.490004 -0.116309 0.000000
v 0.567629 -0.353952 0.000000
v 0.490004 -0.116309 -0.050000
v 0.567629 -0.353952 -0.050000
v 0.493624 -0.115079 0.000000
v 0.576844 -0.350822 0.000000
v 0.493624 -0.115079 -0.050000
v 0.576844 -0.350822 -0.050000
v 0.497203 -0.113769 0.000000
v 0.586038 -0.347453 0.000000
v 0.497203 -0.113769 -0.050000
v 0.586038 -0.347453 -0.050000
v 0.500737 -0.112376 0.000000
v 0.595202 -0.343842 0.000000
v 0.500737 -0.112376 -0.050000
v 0.595202 -0.343842 -0.050000
v 0.504226 -0.110903 0.000000
v 0.604329 -0.339987 0.000000
v 0.504226 -0.110903 -0.050000
v 0.604329 -0.339987 -0.050000
v 0.507666 -0.109350 0.000000
v 0.613412 -0.335884 0.000000
v 0.507666 -0.109350 -0.050000
v 0.613412 -0.335884 -0.050000
v 0.511056 -0.107716 0.000000
v 0.622440 -0.331532 0.000000
v 0.511056 -0.107716 -0.050000
v 0.622440 -0.331532 -0.050000
v 0.514393 -0.106003 0.000000
v 0.631407 -0.326927 0.000000
v 0.514393 -0.106003 -0.050000
v 0.631407 -0.326927 -0.050000
v 0.517675 -0.104211 0.000000
v 0.640303 -0.322069 0.000000
v 0.517675 -0.104211 -0.050000
v 0.640303 -0.322069 -0.050000
v 0.520900 -0.102341 0.000000
v 0.649120 -0.316956 0.000000
v 0.520900 -0.102341 -0.050000
v 0.649120 -0.316956 -0.050000
v 0.524065 -0.100394 0.000000
v 0.657847 -0.311587 0.000000
v 0.524065 -0.100394 -0.050000
v 0.657847 -0.311587 -0.050000
v 0.527168 -0.098371 0.000000
v 0.666476 -0.305961 0.000000
v 0.527168 -0.098371 -0.050000
v 0.666476 -0.305961 -0.050000
v 0.530207 -0.096273 0.000000
v 0.674996 -0.300078 0.000000
v 0.530207 -0.096273 -0.050000
v 0.674996 -0.300078 -0.050000
v 0.533181 -0.094101 0.000000
v 0.683398 -0.293938 0.000000
v 0.533181 -0.094101 -0.050000
v 0.683398 -0.293938 -0.050000
v 0.536085 -0.091856 0.000000
v 0.691672 -0.287542 0.000000
v 0.536085 -0.091856 -0.050000
v 0.691672 -0.287542 -0.050000
v 0.538919 -0.089540 0.000000
v 0.699807 -0.280890 0.000000
v 0.538919 -0.089540 -0.050000
v 0.699807 -0.280890 -0.050000
v 0.541680 -0.087153 0.000000
v 0.707794 -0.273985 0.000000
v 0.541680 -0.087153 -0.050000
v 0.707794 -0.273985 -0.050000
v 0.544366 -0.084698 0.000000
v 0.715622 -0.266828 0.000000
v 0.544366 -0.084698 -0.050000
v 0.715622 -0.266828 -0.050000
v 0.546975 -0.082176 0.000000
v 0.723281 -0.259421 0.000000
v 0.546975 -0.082176 -0.050000
v 0.723281 -0.259421 -0.050000
v 0.549504 -0.079588 0.000000
v 0.730760 -0.251768 0.000000
v 0.549504 -0.079588 -0.050000
v 0.730760 -0.251768 -0.050000
v 0.551952 -0.076937 0.000000
v 0.738049 -0.243873 0.000000
v 0.551952 -0.076937 -0.050000
v 0.738049 -0.243873 -0.050000
v 0.554317 -0.074224 0.000000
v 0.745138 -0.235740 0.000000
v 0.554317 -0.074224 -0.050000
v 0.745138 -0.235740 -0.050000
v 0.556597 -0.071450 0.000000
v 0.752015 -0.227372 0.000000
v 0.556597 -0.071450 -0.050000
v 0.752015 -0.227372 -0.050000
v 0.558789 -0.068620 0.000000
v 0.758672 -0.218776 0.000000
v 0.558789 -0.068620 -0.050000
v 0.758672 -0.218776 -0.050000
v 0.560893 -0.065733 0.000000
v 0.765098 -0.209956 0.000000
v 0.560893 -0.065733 -0.050000
v 0.765098 -0.209956 -0.050000
v 0.562906 -0.062792 0.000000
v 0.771282 -0.200920 0.000000
v 0.562906 -0.062792 -0.050000
v 0.771282 -0.200920 -0.050000
v 0.564827 -0.059799 0.000000
v 0.777216 -0.191674 0.000000
v 0.564827 -0.059799 -0.050000
v 0.777216 -0.191674 -0.050000
v 0.566653 -0.056758 0.000000
v 0.782889 -0.182225 0.000000
v 0.566653 -0.056758 -0.050000
v 0.782889 -0.182225 -0.050000
v 0.568384 -0.053670 0.000000
v 0.788293 -0.172582 0.000000
v 0.568384 -0.053670 -0.050000
v 0.788293 -0.172582 -0.050000
v 0.570018 -0.050537 0.000000
v 0.793419 -0.162752 0.000000
v 0.570018 -0.050537 -0.050000
v 0.793419 -0.162752 -0.050000
v 0.571553 -0.047361 0.000000
v 0.798257 -0.152745 0.000000
v 0.571553 -0.047361 -0.050000
v 0.798257 -0.152745 -0.050000
v 0.572989 -0.044147 0.000000
v 0.802800 -0.142569 0.000000
v 0.572989 -0.044147 -0.050000
v 0.802800 -0.142569 -0.050000
v 0.574323 -0.040896 0.000000
v 0.807040 -0.132235 0.000000
v 0.574323 -0.040896 -0.050000
v 0.807040 -0.132235 -0.050000
v 0.575555 -0.037610 0.000000
v 0.810969 -0.121753 0.000000
v 0.575555 -0.037610 -0.050000
v 0.810969 -0.121753 -0.050000
v 0.576684 -0.034293 0.000000
v 0.814582 -0.111134 0.000000
v 0.576684 -0.034293 -0.050000
v 0.814582 -0.111134 -0.050000
v 0.577708 -0.030947 0.000000
v 0.817870 -0.100388 0.000000
v 0.577708 -0.030947 -0.050000
v 0.817870 -0.100388 -0.050000
v 0.578627 -0.027574 0.000000
v 0.820828 -0.089529 0.000000
v 0.578627 -0.027574 -0.050000
v 0.820828 -0.089529 -0.050000
v 0.579439 -0.024178 0.000000
v 0.823451 -0.078567 0.000000
v 0.579439 -0.024178 -0.050000
v 0.823451 -0.078567 -0.050000
v 0.580145 -0.020763 0.000000
v 0.825735 -0.067513 0.000000
v 0.580145 -0.020763 -0.050000
v 0.825735 -0.067513 -0.050000
v 0.580743 -0.017329 0.000000
v 0.827674 -0.056381 0.000000
v 0.580743 -0.017329 -0.050000
v 0.827674 -0.056381 -0.050000
v 0.581234 -0.013881 0.000000
v 0.829266 -0.045184 0.000000
v 0.581234 -0.013881 -0.050000
v 0.829266 -0.045184 -0.050000
v 0.581615 -0.010421 0.000000
v 0.830507 -0.033935 0.000000
v 0.581615 -0.010421 -0.050000
v 0.830507 -0.033935 -0.050000
v 0.581888 -0.006952 0.000000
v 0.831395 -0.022645 0.000000
v 0.581888 -0.006952 -0.050000
v 0.831395 -0.022645 -0.050000
v 0.582052 -0.003478 0.000000
v 0.831929 -0.011329 0.000000
v 0.582052 -0.003478 -0.050000
v 0.831929 -0.011329 -0.050000
f 1 2 6
f 1 6 5
f 3 8 4
f 3 7 8
f 1 5 7
f 1 7 3
f 2 8 6
f 2 4 8
f 5 6 10
f 5 10 9
f 7 12 8
f 7 11 12
f 5 9 11
f 5 11 7
f 6 12 10
f 6 8 12
f 9 10 14
f 9 14 13
f 11 16 12
f 11 15 16
f 9 13 15
f 9 15 11
f 10 16 14
f 10 12 16
f 13 14 18
f 13 18 17
f 15 20 16
f 15 19 20
f 13 17 19
f 13 19 15
f 14 20 18
f 14 16 20
f 17 18 22
f 17 22 21
f 19 24 20
f 19 23 24
f 17 21 23
f 17 23 19
f 18 24 22
f 18 20 24
f 21 22 26
f 21 26 25
f 23 28 24
f 23 27 28
f 21 25 27
f 21 27 23
f 22 28 26
f 22 24 28
f 25 26 30
f 25 30 29
f 27 32 28
f 27 31 32
f 25 29 31
f 25 31 27
f 26 32 30
f 26 28 32
f 29 30 34
f 29 34 33
f 31 36 32
f 31 35 36
f 29 33 35
f 29 35 31
f 30 36 34
f 30 32 36
f 33 34 38
f 33 38 37
f 35 40 36
f 35 39 40
f 33 37 39
f 33 39 35
f 34 40 38
f 34 36 40
f 37 38 42
f 37 42 41
f 39 44 40
f 39 43 44
f 37 41 43
f 37 43 39
f 38 44 42
f 38 40 44
f 41 42 46
f 41 46 45
f 43 48 44
f 43 47 48
f 41 45 47
f 41 47 43
f 42 48 46
f 42 44 48
f 45 46 50
f 45 50 49
f 47 52 48
f 47 51 52
f 45 49 51
f 45 51 47
f 46 52 50
f 46 48 52
f 49 50 54
f 49 54 53
f 51 56 52
f 51 55 56
f 49 53 55
f 49 55 51
f 50 56 54
f 50 52 56
f 53 54 58
f 53 58 57
f 55 60 56
f 55 59 60
f 53 57 59
f 53 59 55
f 54 60 58
f 54 56 60
f 57 58 62
f 57 62 61
f 59 64 60
f 59 63 64
f 57 61 63
f 57 63 59
f 58 64 62
f 58 60 64
f 61 62 66
f 61 66 65
f 63 68 64
f 63 67 68
f 61 65 67
f 61 67 63
f 62 68 66
f 62 64 68
f 65 66 70
f 65 70 69
f 67 72 68
f 67 71 72
f 65 69 71
f 65 71 67
f 66 72 70
f 66 68 72
f 69 70 74
f 69 74 73
f 71 76 72
f 71 75 76
f 69 73 75
f 69 75 71
f 70 76 74
f 70 72 76
f 73 74 78
f 73 78 77
f 75 80 76
f 75 79 80
f 73 77 79
f 73 79 75
f 74 80 78
f 74 76 80
f 77 78 82
f 77 82 81
f 79 84 80
f 79 83 84
f 77 81 83
f 77 83 79
f 78 84 82
f 78 80 84
f 81 82 86
f 81 86 85
f 83 88 84
f 83 87 88
f 81 85 87
f 81 87 83
f 82 88 86
f 82 84 88
f 85 86 90
f 85 90 89
f 87 92 88
f 87 91 92
f 85 89 91
f 85 91 87
f 86 92 90
f 86 88 92
f 89 90 94
f 89 94 93
f 91 96 92
f 91 95 96
f 89 93 95
f 89 95 91
f 90 96 94
f 90 92 96
f 93 94 98
f 93 98 97
f 95 100 96
f 95 99 100
f 93 97 99
f 93 99 95
f 94 100 98
f 94 96 100
f 97 98 102
f 97 102 101
f 99 104 100
f 99 103 104
f 97 101 103
f 97 103 99
f 98 104 102
f 98 100 104
f 101 102 106
f 101 106 105
f 103 108 104
f 103 107 108
f 101 105 107
f 101 107 103
f 102 108 106
f 102 104 108
f 105 106 110
f 105 110 109
f 107 112 108
f 107 111 112
f 105 109 111
f 105 111 107
f 106 112 110
f 106 108 112
f 109 110 114
f 109 114 113
f 111 116 112
f 111 115 116
f 109 113 115
f 109 115 111
f 110 116 114
f 110 112 116
f 113 114 118
f 113 118 117
f 115 120 116
f 115 119 120
f 113 117 119
f 113 119 115
f 114 120 118
f 114 116 120
f 117 118 122
f 117 122 121
f 119 124 120
f 119 123 124
f 117 121 123
f 117 123 119
f 118 124 122
f 118 120 124
f 121 122 126
f 121 126 125
f 123 128 124
f 123 127 128
f 121 125 127
f 121 127 123
f 122 128 126
f 122 124 128
f 125 126 130
f 125 130 129
f 127 132 128
f 127 131 132
f 125 129 131
f 125 131 127
f 126 132 130
f 126 128 132
f 129 130 134
f 129 134 133
f 131 136 132
f 131 135 136
f 129 133 135
f 129 135 131
f 130 136 134
f 130 132 136
f 133 134 138
f 133 138 137
f 135 140 136
f 135 139 140
f 133 137 139
f 133 139 135
f 134 140 138
f 134 136 140
f 137 138 142
f 137 142 141
f 139 144 140
f 139 143 144
f 137 141 143
f 137 143 139
f 138 144 142
f 138 140 144
f 141 142 146
f 141 146 145
f 143 148 144
f 143 147 148
f 141 145 147
f 141 147 143
f 142 148 146
f 142 144 148
f 145 146 150
f 145 150 149
f 147 152 148
f 147 151 152
f 145 149 151
f 145 151 147
f 146 152 150
f 146 148 152
f 149 150 154
f 149 154 153
f 151 156 152
f 151 155 156
f 149 153 155
f 149 155 151
f 150 156 154
f 150 152 156
f 153 154 158
f 153 158 157
f 155 160 156
f 155 159 160
f 153 157 159
f 153 159 155
f 154 160 158
f 154 156 160
f 157 158 162
f 157 162 161
f 159 164 160
f 159 163 164
f 157 161 163
f 157 163 159
f 158 164 162
f 158 160 164
f 161 162 166
f 161 166 165
f 163 168 164
f 163 167 168
f 161 165 167
f 161 167 163
f 162 168 166
f 162 164 168
f 165 166 170
f 165 170 169
f 167 172 168
f 167 171 172
f 165 169 171
f 165 171 167
f 166 172 170
f 166 168 172
f 169 170 174
f 169 174 173
f 171 176 172
f 171 175 176
f 169 173 175
f 169 175 171
f 170 176 174
f 170 172 176
f 173 174 178
f 173 178 177
f 175 180 176
f 175 179 180
f 173 177 179
f 173 179 175
f 174 180 178
f 174 176 180
f 177 178 182
f 177 182 181
f 179 184 180
f 179 183 184
f 177 181 183
f 177 183 179
f 178 184 182
f 178 180 184
f 181 182 186
f 181 186 185
f 183 188 184
f 183 187 188
f 181 185 187
f 181 187 183
f 182 188 186
f 182 184 188
f 185 186 190
f 185 190 189
f 187 192 188
f 187 191 192
f 185 189 191
f 185 191 187
f 186 192 190
f 186 188 192
f 189 190 194
f 189 194 193
f 191 196 192
f 191 195 196
f 189 193 195
f 189 195 191
f 190 196 194
f 190 192 196
f 193 194 198
f 193 198 197
f 195 200 196
f 195 199 200
f 193 197 199
f 193 199 195
f 194 200 198
f 194 196 200
f 197 198 202
f 197 202 201
f 199 204 200
f 199 203 204
f 197 201 203
f 197 203 199
f 198 204 202
f 198 200 204
f 201 202 206
f 201 206 205
f 203 208 204
f 203 207 208
f 201 205 207
f 201 207 203
f 202 208 206
f 202 204 208
f 205 206 210
f 205 210 209
f 207 212 208
f 207 211 212
f 205 209 211
f 205 211 207
f 206 212 210
f 206 208 212
f 209 210 214
f 209 214 213
f 211 216 212
f 211 215 216
f 209 213 215
f 209 215 211
f 210 216 214
f 210 212 216
f 213 214 218
f 213 218 217
f 215 220 216
f 215 219 220
f 213 217 219
f 213 219 215
f 214 220 218
f 214 216 220
f 217 218 222
f 217 222 221
f 219 224 220
f 219 223 224
f 217 221 223
f 217 223 219
f 218 224 222
f 218 220 224
f 221 222 226
f 221 226 225
f 223 228 224
f 223 227 228
f 221 225 227
f 221 227 223
f 222 228 226
f 222 224 228
f 225 226 230
f 225 230 229
f 227 232 228
f 227 231 232
f 225 229 231
f 225 231 227
f 226 232 230
f 226 228 232
f 229 230 234
f 229 234 233
f 231 236 232
f 231 235 236
f 229 233 235
f 229 235 231
f 230 236 234
f 230 232 236
f 233 234 238
f 233 238 237
f 235 240 236
f 235 239 240
f 233 237 239
f 233 239 235
f 234 240 238
f 234 236 240
f 237 238 242
f 237 242 241
f 239 244 240
f 239 243 244
f 237 241 243
f 237 243 239
f 238 244 242
f 238 240 244
f 241 242 246
f 241 246 245
f 243 248 244
f 243 247 248
f 241 245 247
f 241 247 243
f 242 248 246
f 242 244 248
f 245 246 250
f 245 250 249
f 247 252 248
f 247 251 252
f 245 249 251
f 245 251 247
f 246 252 250
f 246 248 252
f 249 250 254
f 249 254 253
f 251 256 252
f 251 255 256
f 249 253 255
f 249 255 251
f 250 256 254
f 250 252 256
f 253 254 258
f 253 258 257
f 255 260 256
f 255 259 260
f 253 257 259
f 253 259 255
f 254 260 258
f 254 256 260
f 257 258 262
f 257 262 261
f 259 264 260
f 259 263 264
f 257 261 263
f 257 263 259
f 258 264 262
f 258 260 264
f 261 262 266
f 261 266 265
f 263 268 264
f 263 267 268
f 261 265 267
f 261 267 263
f 262 268 266
f 262 264 268
f 265 266 270
f 265 270 269
f 267 272 268
f 267 271 272
f 265 269 271
f 265 271 267
f 266 272 270
f 266 268 272
f 269 270 274
f 269 274 273
f 271 276 272
f 271 275 276
f 269 273 275
f 269 275 271
f 270 276 274
f 270 272 276
f 273 274 278
f 273 278 277
f 275 280 276
f 275 279 280
f 273 277 279
f 273 279 275
f 274 280 278
f 274 276 280
f 277 278 282
f 277 282 281
f 279 284 280
f 279 283 284
f 277 281 283
f 277 283 279
f 278 284 282
f 278 280 284
f 281 282 286
f 281 286 285
f 283 288 284
f 283 287 288
f 281 285 287
f 281 287 283
f 282 288 286
f 282 284 288
f 285 286 290
f 285 290 289
f 287 292 288
f 287 291 292
f 285 289 291
f 285 291 287
f 286 292 290
f 286 288 292
f 289 290 294
f 289 294 293
f 291 296 292
f 291 295 296
f 289 293 295
f 289 295 291
f 290 296 294
f 290 292 296
f 293 294 298
f 293 298 297
f 295 300 296
f 295 299 300
f 293 297 299
f 293 299 295
f 294 300 298
f 294 296 300
f 297 298 302
f 297 302 301
f 299 304 300
f 299 303 304
f 297 301 303
f 297 303 299
f 298 304 302
f 298 300 304
f 301 302 306
f 301 306 305
f 303 308 304
f 303 307 308
f 301 305 307
f 301 307 303
f 302 308 306
f 302 304 308
f 305 306 310
f 305 310 309
f 307 312 308
f 307 311 312
f 305 309 311
f 305 311 307
f 306 312 310
f 306 308 312
f 309 310 314
f 309 314 313
f 311 316 312
f 311 315 316
f 309 313 315
f 309 315 311
f 310 316 314
f 310 312 316
f 313 314 318
f 313 318 317
f 315 320 316
f 315 319 320
f 313 317 319
f 313 319 315
f 314 320 318
f 314 316 320
f 317 318 322
f 317 322 321
f 319 324 320
f 319 323 324
f 317 321 323
f 317 323 319
f 318 324 322
f 318 320 324
f 321 322 326
f 321 326 325
f 323 328 324
f 323 327 328
f 321 325 327
f 321 327 323
f 322 328 326
f 322 324 328
f 325 326 330
f 325 330 329
f 327 332 328
f 327 331 332
f 325 329 331
f 325 331 327
f 326 332 330
f 326 328 332
f 329 330 334
f 329 334 333
f 331 336 332
f 331 335 336
f 329 333 335
f 329 335 331
f 330 336 334
f 330 332 336
f 333 334 338
f 333 338 337
f 335 340 336
f 335 339 340
f 333 337 339
f 333 339 335
f 334 340 338
f 334 336 340
f 337 338 342
f 337 342 341
f 339 344 340
f 339 343 344
f 337 341 343
f 337 343 339
f 338 344 342
f 338 340 344
f 341 342 346
f 341 346 345
f 343 348 344
f 343 347 348
f 341 345 347
f 341 347 343
f 342 348 346
f 342 344 348
f 345 346 350
f 345 350 349
f 347 352 348
f 347 351 352
f 345 349 351
f 345 351 347
f 346 352 350
f 346 348 352
f 349 350 354
f 349 354 353
f 351 356 352
f 351 355 356
f 349 353 355
f 349 355 351
f 350 356 354
f 350 352 356
f 353 354 358
f 353 358 357
f 355 360 356
f 355 359 360
f 353 357 359
f 353 359 355
f 354 360 358
f 354 356 360
f 357 358 362
f 357 362 361
f 359 364 360
f 359 363 364
f 357 361 363
f 357 363 359
f 358 364 362
f 358 360 364
f 361 362 366
f 361 366 365
f 363 368 364
f 363 367 368
f 361 365 367
f 361 367 363
f 362 368 366
f 362 364 368
f 365 366 370
f 365 370 369
f 367 372 368
f 367 371 372
f 365 369 371
f 365 371 367
f 366 372 370
f 366 368 372
f 369 370 374
f 369 374 373
f 371 376 372
f 371 375 376
f 369 373 375
f 369 375 371
f 370 376 374
f 370 372 376
f 373 374 378
f 373 378 377
f 375 380 376
f 375 379 380
f 373 377 379
f 373 379 375
f 374 380 378
f 374 376 380
f 377 378 382
f 377 382 381
f 379 384 380
f 379 383 384
f 377 381 383
f 377 383 379
f 378 384 382
f 378 380 384
f 381 382 386
f 381 386 385
f 383 388 384
f 383 387 388
f 381 385 387
f 381 387 383
f 382 388 386
f 382 384 388
f 385 386 390
f 385 390 389
f 387 392 388
f 387 391 392
f 385 389 391
f 385 391 387
f 386 392 390
f 386 388 392
f 389 390 394
f 389 394 393
f 391 396 392
f 391 395 396
f 389 393 395
f 389 395 391
f 390 396 394
f 390 392 396
f 393 394 398
f 393 398 397
f 395 400 396
f 395 399 400
f 393 397 399
f 393 399 395
f 394 400 398
f 394 396 400
f 397 398 402
f 397 402 401
f 399 404 400
f 399 403 404
f 397 401 403
f 397 403 399
f 398 404 402
f 398 400 404
f 401 402 406
f 401 406 405
f 403 408 404
f 403 407 408
f 401 405 407
f 401 407 403
f 402 408 406
f 402 404 408
f 405 406 410
f 405 410 409
f 407 412 408
f 407 411 412
f 405 409 411
f 405 411 407
f 406 412 410
f 406 408 412
f 409 410 414
f 409 414 413
f 411 416 412
f 411 415 416
f 409 413 415
f 409 415 411
f 410 416 414
f 410 412 416
f 413 414 418
f 413 418 417
f 415 420 416
f 415 419 420
f 413 417 419
f 413 419 415
f 414 420 418
f 414 416 420
f 417 418 422
f 417 422 421
f 419 424 420
f 419 423 424
f 417 421 423
f 417 423 419
f 418 424 422
f 418 420 424
f 421 422 426
f 421 426 425
f 423 428 424
f 423 427 428
f 421 425 427
f 421 427 423
f 422 428 426
f 422 424 428
f 425 426 430
f 425 430 429
f 427 432 428
f 427 431 432
f 425 429 431
f 425 431 427
f 426 432 430
f 426 428 432
f 429 430 434
f 429 434 433
f 431 436 432
f 431 435 436
f 429 433 435
f 429 435 431
f 430 436 434
f 430 432 436
f 433 434 438
f 433 438 437
f 435 440 436
f 435 439 440
f 433 437 439
f 433 439 435
f 434 440 438
f 434 436 440
f 437 438 442
f 437 442 441
f 439 444 440
f 439 443 444
f 437 441 443
f 437 443 439
f 438 444 442
f 438 440 444
f 441 442 446
f 441 446 445
f 443 448 444
f 443 447 448
f 441 445 447
f 441 447 443
f 442 448 446
f 442 444 448
f 445 446 450
f 445 450 449
f 447 452 448
f 447 451 452
f 445 449 451
f 445 451 447
f 446 452 450
f 446 448 452
f 449 450 454
f 449 454 453
f 451 456 452
f 451 455 456
f 449 453 455
f 449 455 451
f 450 456 454
f 450 452 456
f 453 454 458
f 453 458 457
f 455 460 456
f 455 459 460
f 453 457 459
f 453 459 455
f 454 460 458
f 454 456 460
f 457 458 462
f 457 462 461
f 459 464 460
f 459 463 464
f 457 461 463
f 457 463 459
f 458 464 462
f 458 460 464
f 461 462 466
f 461 466 465
f 463 468 464
f 463 467 468
f 461 465 467
f 461 467 463
f 462 468 466
f 462 464 468
f 465 466 470
f 465 470 469
f 467 472 468
f 467 471 472
f 465 469 471
f 465 471 467
f 466 472 470
f 466 468 472
f 469 470 474
f 469 474 473
f 471 476 472
f 471 475 476
f 469 473 475
f 469 475 471
f 470 476 474
f 470 472 476
f 473 474 478
f 473 478 477
f 475 480 476
f 475 479 480
f 473 477 479
f 473 479 475
f 474 480 478
f 474 476 480
f 477 478 482
f 477 482 481
f 479 484 480
f 479 483 484
f 477 481 483
f 477 483 479
f 478 484 482
f 478 480 484
f 481 482 486
f 481 486 485
f 483 488 484
f 483 487 488
f 481 485 487
f 481 487 483
f 482 488 486
f 482 484 488
f 485 486 490
f 485 490 489
f 487 492 488
f 487 491 492
f 485 489 491
f 485 491 487
f 486 492 490
f 486 488 492
f 489 490 494
f 489 494 493
f 491 496 492
f 491 495 496
f 489 493 495
f 489 495 491
f 490 496 494
f 490 492 496
f 493 494 498
f 493 498 497
f 495 500 496
f 495 499 500
f 493 497 499
f 493 499 495
f 494 500 498
f 494 496 500
f 497 498 502
f 497 502 501
f 499 504 500
f 499 503 504
f 497 501 503
f 497 503 499
f 498 504 502
f 498 500 504
f 501 502 506
f 501 506 505
f 503 508 504
f 503 507 508
f 501 505 507
f 501 507 503
f 502 508 506
f 502 504 508
f 505 506 510
f 505 510 509
f 507 512 508
f 507 511 512
f 505 509 511
f 505 511 507
f 506 512 510
f 506 508 512
f 509 510 514
f 509 514 513
f 511 516 512
f 511 515 516
f 509 513 515
f 509 515 511
f 510 516 514
f 510 512 516
f 513 514 518
f 513 518 517
f 515 520 516
f 515 519 520
f 513 517 519
f 513 519 515
f 514 520 518
f 514 516 520
f 517 518 522
f 517 522 521
f 519 524 520
f 519 523 524
f 517 521 523
f 517 523 519
f 518 524 522
f 518 520 524
f 521 522 526
f 521 526 525
f 523 528 524
f 523 527 528
f 521 525 527
f 521 527 523
f 522 528 526
f 522 524 528
f 525 526 530
f 525 530 529
f 527 532 528
f 527 531 532
f 525 529 531
f 525 531 527
f 526 532 530
f 526 528 532
f 529 530 534
f 529 534 533
f 531 536 532
f 531 535 536
f 529 533 535
f 529 535 531
f 530 536 534
f 530 532 536
f 533 534 538
f 533 538 537
f 535 540 536
f 535 539 540
f 533 537 539
f 533 539 535
f 534 540 538
f 534 536 540
f 537 538 542
f 537 542 541
f 539 544 540
f 539 543 544
f 537 541 543
f 537 543 539
f 538 544 542
f 538 540 544
f 541 542 546
f 541 546 545
f 543 548 544
f 543 547 548
f 541 545 547
f 541 547 543
f 542 548 546
f 542 544 548
f 545 546 550
f 545 550 549
f 547 552 548
f 547 551 552
f 545 549 551
f 545 551 547
f 546 552 550
f 546 548 552
f 549 550 554
f 549 554 553
f 551 556 552
f 551 555 556
f 549 553 555
f 549 555 551
f 550 556 554
f 550 552 556
f 553 554 558
f 553 558 557
f 555 560 556
f 555 559 560
f 553 557 559
f 553 559 555
f 554 560 558
f 554 556 560
f 557 558 562
f 557 562 561
f 559 564 560
f 559 563 564
f 557 561 563
f 557 563 559
f 558 564 562
f 558 560 564
f 561 562 566
f 561 566 565
f 563 568 564
f 563 567 568
f 561 565 567
f 561 567 563
f 562 568 566
f 562 564 568
f 565 566 570
f 565 570 569
f 567 572 568
f 567 571 572
f 565 569 571
f 565 571 567
f 566 572 570
f 566 568 572
f 569 570 574
f 569 574 573
f 571 576 572
f 571 575 576
f 569 573 575
f 569 575 571
f 570 576 574
f 570 572 576
f 573 574 578
f 573 578 577
f 575 580 576
f 575 579 580
f 573 577 579
f 573 579 575
f 574 580 578
f 574 576 580
f 577 578 582
f 577 582 581
f 579 584 580
f 579 583 584
f 577 581 583
f 577 583 579
f 578 584 582
f 578 580 584
f 581 582 586
f 581 586 585
f 583 588 584
f 583 587 588
f 581 585 587
f 581 587 583
f 582 588 586
f 582 584 588
f 585 586 590
f 585 590 589
f 587 592 588
f 587 591 592
f 585 589 591
f 585 591 587
f 586 592 590
f 586 588 592
f 589 590 594
f 589 594 593
f 591 596 592
f 591 595 596
f 589 593 595
f 589 595 591
f 590 596 594
f 590 592 596
f 593 594 598
f 593 598 597
f 595 600 596
f 595 599 600
f 593 597 599
f 593 599 595
f 594 600 598
f 594 596 600
f 597 598 602
f 597 602 601
f 599 604 600
f 599 603 604
f 597 601 603
f 597 603 599
f 598 604 602
f 598 600 604
f 601 602 606
f 601 606 605
f 603 608 604
f 603 607 608
f 601 605 607
f 601 607 603
f 602 608 606
f 602 604 608
f 605 606 610
f 605 610 609
f 607 612 608
f 607 611 612
f 605 609 611
f 605 611 607
f 606 612 610
f 606 608 612
f 609 610 614
f 609 614 613
f 611 616 612
f 611 615 616
f 609 613 615
f 609 615 611
f 610 616 614
f 610 612 616
f 613 614 618
f 613 618 617
f 615 620 616
f 615 619 620
f 613 617 619
f 613 619 615
f 614 620 618
f 614 616 620
f 617 618 622
f 617 622 621
f 619 624 620
f 619 623 624
f 617 621 623
f 617 623 619
f 618 624 622
f 618 620 624
f 621 622 626
f 621 626 625
f 623 628 624
f 623 627 628
f 621 625 627
f 621 627 623
f 622 628 626
f 622 624 628
f 625 626 630
f 625 630 629
f 627 632 628
f 627 631 632
f 625 629 631
f 625 631 627
f 626 632 630
f 626 628 632
f 629 630 634
f 629 634 633
f 631 636 632
f 631 635 636
f 629 633 635
f 629 635 631
f 630 636 634
f 630 632 636
f 633 634 638
f 633 638 637
f 635 640 636
f 635 639 640
f 633 637 639
f 633 639 635
f 634 640 638
f 634 636 640
f 637 638 642
f 637 642 641
f 639 644 640
f 639 643 644
f 637 641 643
f 637 643 639
f 638 644 642
f 638 640 644
f 641 642 646
f 641 646 645
f 643 648 644
f 643 647 648
f 641 645 647
f 641 647 643
f 642 648 646
f 642 644 648
f 645 646 650
f 645 650 649
f 647 652 648
f 647 651 652
f 645 649 651
f 645 651 647
f 646 652 650
f 646 648 652
f 649 650 654
f 649 654 653
f 651 656 652
f 651 655 656
f 649 653 655
f 649 655 651
f 650 656 654
f 650 652 656
f 653 654 658
f 653 658 657
f 655 660 656
f 655 659 660
f 653 657 659
f 653 659 655
f 654 660 658
f 654 656 660
f 657 658 662
f 657 662 661
f 659 664 660
f 659 663 664
f 657 661 663
f 657 663 659
f 658 664 662
f 658 660 664
f 661 662 666
f 661 666 665
f 663 668 664
f 663 667 668
f 661 665 667
f 661 667 663
f 662 668 666
f 662 664 668
f 665 666 670
f 665 670 669
f 667 672 668
f 667 671 672
f 665 669 671
f 665 671 667
f 666 672 670
f 666 668 672
f 669 670 674
f 669 674 673
f 671 676 672
f 671 675 676
f 669 673 675
f 669 675 671
f 670 676 674
f 670 672 676
f 673 674 678
f 673 678 677
f 675 680 676
f 675 679 680
f 673 677 679
f 673 679 675
f 674 680 678
f 674 676 680
f 677 678 682
f 677 682 681
f 679 684 680
f 679 683 684
f 677 681 683
f 677 683 679
f 678 684 682
f 678 680 684
f 681 682 686
f 681 686 685
f 683 688 684
f 683 687 688
f 681 685 687
f 681 687 683
f 682 688 686
f 682 684 688
f 685 686 690
f 685 690 689
f 687 692 688
f 687 691 692
f 685 689 691
f 685 691 687
f 686 692 690
f 686 688 692
f 689 690 694
f 689 694 693
f 691 696 692
f 691 695 696
f 689 693 695
f 689 695 691
f 690 696 694
f 690 692 696
f 693 694 698
f 693 698 697
f 695 700 696
f 695 699 700
f 693 697 699
f 693 699 695
f 694 700 698
f 694 696 700
f 697 698 702
f 697 702 701
f 699 704 700
f 699 703 704
f 697 701 703
f 697 703 699
f 698 704 702
f 698 700 704
f 701 702 706
f 701 706 705
f 703 708 704
f 703 707 708
f 701 705 707
f 701 707 703
f 702 708 706
f 702 704 708
f 705 706 710
f 705 710 709
f 707 712 708
f 707 711 712
f 705 709 711
f 705 711 707
f 706 712 710
f 706 708 712
f 709 710 714
f 709 714 713
f 711 716 712
f 711 715 716
f 709 713 715
f 709 715 711
f 710 716 714
f 710 712 716
f 713 714 718
f 713 718 717
f 715 720 716
f 715 719 720
f 713 717 719
f 713 719 715
f 714 720 718
f 714 716 720
f 717 718 722
f 717 722 721
f 719 724 720
f 719 723 724
f 717 721 723
f 717 723 719
f 718 724 722
f 718 720 724
f 721 722 726
f 721 726 725
f 723 728 724
f 723 727 728
f 721 725 727
f 721 727 723
f 722 728 726
f 722 724 728
f 725 726 730
f 725 730 729
f 727 732 728
f 727 731 732
f 725 729 731
f 725 731 727
f 726 732 730
f 726 728 732
f 729 730 734
f 729 734 733
f 731 736 732
f 731 735 736
f 729 733 735
f 729 735 731
f 730 736 734
f 730 732 736
f 733 734 738
f 733 738 737
f 735 740 736
f 735 739 740
f 733 737 739
f 733 739 735
f 734 740 738
f 734 736 740
f 737 738 742
f 737 742 741
f 739 744 740
f 739 743 744
f 737 741 743
f 737 743 739
f 738 744 742
f 738 740 744
f 741 742 746
f 741 746 745
f 743 748 744
f 743 747 748
f 741 745 747
f 741 747 743
f 742 748 746
f 742 744 748
f 745 746 750
f 745 750 749
f 747 752 748
f 747 751 752
f 745 749 751
f 745 751 747
f 746 752 750
f 746 748 752
f 749 750 754
f 749 754 753
f 751 756 752
f 751 755 756
f 749 753 755
f 749 755 751
f 750 756 754
f 750 752 756
f 753 754 758
f 753 758 757
f 755 760 756
f 755 759 760
f 753 757 759
f 753 759 755
f 754 760 758
f 754 756 760
f 757 758 762
f 757 762 761
f 759 764 760
f 759 763 764
f 757 761 763
f 757 763 759
f 758 764 762
f 758 760 764
f 761 762 766
f 761 766 765
f 763 768 764
f 763 767 768
f 761 765 767
f 761 767 763
f 762 768 766
f 762 764 768
f 765 766 770
f 765 770 769
f 767 772 768
f 767 771 772
f 765 769 771
f 765 771 767
f 766 772 770
f 766 768 772
f 769 770 774
f 769 774 773
f 771 776 772
f 771 775 776
f 769 773 775
f 769 775 771
f 770 776 774
f 770 772 776
f 773 774 778
f 773 778 777
f 775 780 776
f 775 779 780
f 773 777 779
f 773 779 775
f 774 780 778
f 774 776 780
f 777 778 782
f 777 782 781
f 779 784 780
f 779 783 784
f 777 781 783
f 777 783 779
f 778 784 782
f 778 780 784
f 781 782 786
f 781 786 785
f 783 788 784
f 783 787 788
f 781 785 787
f 781 787 783
f 782 788 786
f 782 784 788
f 785 786 790
f 785 790 789
f 787 792 788
f 787 791 792
f 785 789 791
f 785 791 787
f 786 792 790
f 786 788 792
f 789 790 794
f 789 794 793
f 791 796 792
f 791 795 796
f 789 793 795
f 789 795 791
f 790 796 794
f 790 792 796
f 793 794 798
f 793 798 797
f 795 800 796
f 795 799 800
f 793 797 799
f 793 799 795
f 794 800 798
f 794 796 800
f 797 798 802
f 797 802 801
f 799 804 800
f 799 803 804
f 797 801 803
f 797 803 799
f 798 804 802
f 798 800 804
f 801 802 806
f 801 806 805
f 803 808 804
f 803 807 808
f 801 805 807
f 801 807 803
f 802 808 806
f 802 804 808
f 805 806 810
f 805 810 809
f 807 812 808
f 807 811 812
f 805 809 811
f 805 811 807
f 806 812 810
f 806 808 812
f 809 810 814
f 809 814 813
f 811 816 812
f 811 815 816
f 809 813 815
f 809 815 811
f 810 816 814
f 810 812 816
f 813 814 818
f 813 818 817
f 815 820 816
f 815 819 820
f 813 817 819
f 813 819 815
f 814 820 818
f 814 816 820
f 817 818 822
f 817 822 821
f 819 824 820
f 819 823 824
f 817 821 823
f 817 823 819
f 818 824 822
f 818 820 824
f 821 822 826
f 821 826 825
f 823 828 824
f 823 827 828
f 821 825 827
f 821 827 823
f 822 828 826
f 822 824 828
f 825 826 830
f 825 830 829
f 827 832 828
f 827 831 832
f 825 829 831
f 825 831 827
f 826 832 830
f 826 828 832
f 829 830 834
f 829 834 833
f 831 836 832
f 831 835 836
f 829 833 835
f 829 835 831
f 830 836 834
f 830 832 836
f 833 834 838
f 833 838 837
f 835 840 836
f 835 839 840
f 833 837 839
f 833 839 835
f 834 840 838
f 834 836 840
f 837 838 842
f 837 842 841
f 839 844 840
f 839 843 844
f 837 841 843
f 837 843 839
f 838 844 842
f 838 840 844
f 841 842 846
f 841 846 845
f 843 848 844
f 843 847 848
f 841 845 847
f 841 847 843
f 842 848 846
f 842 844 848
f 845 846 850
f 845 850 849
f 847 852 848
f 847 851 852
f 845 849 851
f 845 851 847
f 846 852 850
f 846 848 852
f 849 850 854
f 849 854 853
f 851 856 852
f 851 855 856
f 849 853 855
f 849 855 851
f 850 856 854
f 850 852 856
f 853 854 858
f 853 858 857
f 855 860 856
f 855 859 860
f 853 857 859
f 853 859 855
f 854 860 858
f 854 856 860
f 857 858 862
f 857 862 861
f 859 864 860
f 859 863 864
f 857 861 863
f 857 863 859
f 858 864 862
f 858 860 864
f 861 862 866
f 861 866 865
f 863 868 864
f 863 867 868
f 861 865 867
f 861 867 863
f 862 868 866
f 862 864 868
f 865 866 870
f 865 870 869
f 867 872 868
f 867 871 872
f 865 869 871
f 865 871 867
f 866 872 870
f 866 868 872
f 869 870 874
f 869 874 873
f 871 876 872
f 871 875 876
f 869 873 875
f 869 875 871
f 870 876 874
f 870 872 876
f 873 874 878
f 873 878 877
f 875 880 876
f 875 879 880
f 873 877 879
f 873 879 875
f 874 880 878
f 874 876 880
f 877 878 882
f 877 882 881
f 879 884 880
f 879 883 884
f 877 881 883
f 877 883 879
f 878 884 882
f 878 880 884
f 881 882 886
f 881 886 885
f 883 888 884
f 883 887 888
f 881 885 887
f 881 887 883
f 882 888 886
f 882 884 888
f 885 886 890
f 885 890 889
f 887 892 888
f 887 891 892
f 885 889 891
f 885 891 887
f 886 892 890
f 886 888 892
f 889 890 894
f 889 894 893
f 891 896 892
f 891 895 896
f 889 893 895
f 889 895 891
f 890 896 894
f 890 892 896
f 893 894 898
f 893 898 897
f 895 900 896
f 895 899 900
f 893 897 899
f 893 899 895
f 894 900 898
f 894 896 900
f 897 898 902
f 897 902 901
f 899 904 900
f 899 903 904
f 897 901 903
f 897 903 899
f 898 904 902
f 898 900 904
f 901 902 906
f 901 906 905
f 903 908 904
f 903 907 908
f 901 905 907
f 901 907 903
f 902 908 906
f 902 904 908
f 905 906 910
f 905 910 909
f 907 912 908
f 907 911 912
f 905 909 911
f 905 911 907
f 906 912 910
f 906 908 912
f 909 910 914
f 909 914 913
f 911 916 912
f 911 915 916
f 909 913 915
f 909 915 911
f 910 916 914
f 910 912 916
f 913 914 918
f 913 918 917
f 915 920 916
f 915 919 920
f 913 917 919
f 913 919 915
f 914 920 918
f 914 916 920
f 917 918 922
f 917 922 921
f 919 924 920
f 919 923 924
f 917 921 923
f 917 923 919
f 918 924 922
f 918 920 924
f 921 922 926
f 921 926 925
f 923 928 924
f 923 927 928
f 921 925 927
f 921 927 923
f 922 928 926
f 922 924 928
f 925 926 930
f 925 930 929
f 927 932 928
f 927 931 932
f 925 929 931
f 925 931 927
f 926 932 930
f 926 928 932
f 929 930 934
f 929 934 933
f 931 936 932
f 931 935 936
f 929 933 935
f 929 935 931
f 930 936 934
f 930 932 936
f 933 934 938
f 933 938 937
f 935 940 936
f 935 939 940
f 933 937 939
f 933 939 935
f 934 940 938
f 934 936 940
f 937 938 942
f 937 942 941
f 939 944 940
f 939 943 944
f 937 941 943
f 937 943 939
f 938 944 942
f 938 940 944
f 941 942 946
f 941 946 945
f 943 948 944
f 943 947 948
f 941 945 947
f 941 947 943
f 942 948 946
f 942 944 948
f 945 946 950
f 945 950 949
f 947 952 948
f 947 951 952
f 945 949 951
f 945 951 947
f 946 952 950
f 946 948 952
f 949 950 954
f 949 954 953
f 951 956 952
f 951 955 956
f 949 953 955
f 949 955 951
f 950 956 954
f 950 952 956
f 953 954 958
f 953 958 957
f 955 960 956
f 955 959 960
f 953 957 959
f 953 959 955
f 954 960 958
f 954 956 960
f 957 958 962
f 957 962 961
f 959 964 960
f 959 963 964
f 957 961 963
f 957 963 959
f 958 964 962
f 958 960 964
f 961 962 966
f 961 966 965
f 963 968 964
f 963 967 968
f 961 965 967
f 961 967 963
f 962 968 966
f 962 964 968
f 965 966 970
f 965 970 969
f 967 972 968
f 967 971 972
f 965 969 971
f 965 971 967
f 966 972 970
f 966 968 972
f 969 970 974
f 969 974 973
f 971 976 972
f 971 975 976
f 969 973 975
f 969 975 971
f 970 976 974
f 970 972 976
f 973 974 978
f 973 978 977
f 975 980 976
f 975 979 980
f 973 977 979
f 973 979 975
f 974 980 978
f 974 976 980
f 977 978 982
f 977 982 981
f 979 984 980
f 979 983 984
f 977 981 983
f 977 983 979
f 978 984 982
f 978 980 984
f 981 982 986
f 981 986 985
f 983 988 984
f 983 987 988
f 981 985 987
f 981 987 983
f 982 988 986
f 982 984 988
f 985 986 990
f 985 990 989
f 987 992 988
f 987 991 992
f 985 989 991
f 985 991 987
f 986 992 990
f 986 988 992
f 989 990 994
f 989 994 993
f 991 996 992
f 991 995 996
f 989 993 995
f 989 995 991
f 990 996 994
f 990 992 996
f 993 994 998
f 993 998 997
f 995 1000 996
f 995 999 1000
f 993 997 999
f 993 999 995
f 994 1000 998
f 994 996 1000
f 997 998 1002
f 997 1002 1001
f 999 1004 1000
f 999 1003 1004
f 997 1001 1003
f 997 1003 999
f 998 1004 1002
f 998 1000 1004
f 1001 1002 1006
f 1001 1006 1005
f 1003 1008 1004
f 1003 1007 1008
f 1001 1005 1007
f 1001 1007 1003
f 1002 1008 1006
f 1002 1004 1008
f 1005 1006 1010
f 1005 1010 1009
f 1007 1012 1008
f 1007 1011 1012
f 1005 1009 1011
f 1005 1011 1007
f 1006 1012 1010
f 1006 1008 1012
f 1009 1010 1014
f 1009 1014 1013
f 1011 1016 1012
f 1011 1015 1016
f 1009 1013 1015
f 1009 1015 1011
f 1010 1016 1014
f 1010 1012 1016
f 1013 1014 1018
f 1013 1018 1017
f 1015 1020 1016
f 1015 1019 1020
f 1013 1017 1019
f 1013 1019 1015
f 1014 1020 1018
f 1014 1016 1020
f 1017 1018 1022
f 1017 1022 1021
f 1019 1024 1020
f 1019 1023 1024
f 1017 1021 1023
f 1017 1023 1019
f 1018 1024 1022
f 1018 1020 1024
f 1021 1022 1026
f 1021 1026 1025
f 1023 1028 1024
f 1023 1027 1028
f 1021 1025 1027
f 1021 1027 1023
f 1022 1028 1026
f 1022 1024 1028
f 1025 1026 1030
f 1025 1030 1029
f 1027 1032 1028
f 1027 1031 1032
f 1025 1029 1031
f 1025 1031 1027
f 1026 1032 1030
f 1026 1028 1032
f 1029 1030 1034
f 1029 1034 1033
f 1031 1036 1032
f 1031 1035 1036
f 1029 1033 1035
f 1029 1035 1031
f 1030 1036 1034
f 1030 1032 1036
f 1033 1034 1038
f 1033 1038 1037
f 1035 1040 1036
f 1035 1039 1040
f 1033 1037 1039
f 1033 1039 1035
f 1034 1040 1038
f 1034 1036 1040
f 1037 1038 1042
f 1037 1042 1041
f 1039 1044 1040
f 1039 1043 1044
f 1037 1041 1043
f 1037 1043 1039
f 1038 1044 1042
f 1038 1040 1044
f 1041 1042 1046
f 1041 1046 1045
f 1043 1048 1044
f 1043 1047 1048
f 1041 1045 1047
f 1041 1047 1043
f 1042 1048 1046
f 1042 1044 1048
f 1045 1046 1050
f 1045 1050 1049
f 1047 1052 1048
f 1047 1051 1052
f 1045 1049 1051
f 1045 1051 1047
f 1046 1052 1050
f 1046 1048 1052
f 1049 1050 1054
f 1049 1054 1053
f 1051 1056 1052
f 1051 1055 1056
f 1049 1053 1055
f 1049 1055 1051
f 1050 1056 1054
f 1050 1052 1056
f 1053 1054 1058
f 1053 1058 1057
f 1055 1060 1056
f 1055 1059 1060
f 1053 1057 1059
f 1053 1059 1055
f 1054 1060 1058
f 1054 1056 1060
f 1057 1058 1062
f 1057 1062 1061
f 1059 1064 1060
f 1059 1063 1064
f 1057 1061 1063
f 1057 1063 1059
f 1058 1064 1062
f 1058 1060 1064
f 1061 1062 1066
f 1061 1066 1065
f 1063 1068 1064
f 1063 1067 1068
f 1061 1065 1067
f 1061 1067 1063
f 1062 1068 1066
f 1062 1064 1068
f 1065 1066 1070
f 1065 1070 1069
f 1067 1072 1068
f 1067 1071 1072
f 1065 1069 1071
f 1065 1071 1067
f 1066 1072 1070
f 1066 1068 1072
f 1069 1070 1074
f 1069 1074 1073
f 1071 1076 1072
f 1071 1075 1076
f 1069 1073 1075
f 1069 1075 1071
f 1070 1076 1074
f 1070 1072 1076
f 1073 1074 1078
f 1073 1078 1077
f 1075 1080 1076
f 1075 1079 1080
f 1073 1077 1079
f 1073 1079 1075
f 1074 1080 1078
f 1074 1076 1080
f 1077 1078 1082
f 1077 1082 1081
f 1079 1084 1080
f 1079 1083 1084
f 1077 1081 1083
f 1077 1083 1079
f 1078 1084 1082
f 1078 1080 1084
f 1081 1082 1086
f 1081 1086 1085
f 1083 1088 1084
f 1083 1087 1088
f 1081 1085 1087
f 1081 1087 1083
f 1082 1088 1086
f 1082 1084 1088
f 1085 1086 1090
f 1085 1090 1089
f 1087 1092 1088
f 1087 1091 1092
f 1085 1089 1091
f 1085 1091 1087
f 1086 1092 1090
f 1086 1088 1092
f 1089 1090 1094
f 1089 1094 1093
f 1091 1096 1092
f 1091 1095 1096
f 1089 1093 1095
f 1089 1095 1091
f 1090 1096 1094
f 1090 1092 1096
f 1093 1094 1098
f 1093 1098 1097
f 1095 1100 1096
f 1095 1099 1100
f 1093 1097 1099
f 1093 1099 1095
f 1094 1100 1098
f 1094 1096 1100
f 1097 1098 1102
f 1097 1102 1101
f 1099 1104 1100
f 1099 1103 1104
f 1097 1101 1103
f 1097 1103 1099
f 1098 1104 1102
f 1098 1100 1104
f 1101 1102 1106
f 1101 1106 1105
f 1103 1108 1104
f 1103 1107 1108
f 1101 1105 1107
f 1101 1107 1103
f 1102 1108 1106
f 1102 1104 1108
f 1105 1106 1110
f 1105 1110 1109
f 1107 1112 1108
f 1107 1111 1112
f 1105 1109 1111
f 1105 1111 1107
f 1106 1112 1110
f 1106 1108 1112
f 1109 1110 1114
f 1109 1114 1113
f 1111 1116 1112
f 1111 1115 1116
f 1109 1113 1115
f 1109 1115 1111
f 1110 1116 1114
f 1110 1112 1116
f 1113 1114 1118
f 1113 1118 1117
f 1115 1120 1116
f 1115 1119 1120
f 1113 1117 1119
f 1113 1119 1115
f 1114 1120 1118
f 1114 1116 1120
f 1117 1118 1122
f 1117 1122 1121
f 1119 1124 1120
f 1119 1123 1124
f 1117 1121 1123
f 1117 1123 1119
f 1118 1124 1122
f 1118 1120 1124
f 1121 1122 1126
f 1121 1126 1125
f 1123 1128 1124
f 1123 1127 1128
f 1121 1125 1127
f 1121 1127 1123
f 1122 1128 1126
f 1122 1124 1128
f 1125 1126 1130
f 1125 1130 1129
f 1127 1132 1128
f 1127 1131 1132
f 1125 1129 1131
f 1125 1131 1127
f 1126 1132 1130
f 1126 1128 1132
f 1129 1130 1134
f 1129 1134 1133
f 1131 1136 1132
f 1131 1135 1136
f 1129 1133 1135
f 1129 1135 1131
f 1130 1136 1134
f 1130 1132 1136
f 1133 1134 1138
f 1133 1138 1137
f 1135 1140 1136
f 1135 1139 1140
f 1133 1137 1139
f 1133 1139 1135
f 1134 1140 1138
f 1134 1136 1140
f 1137 1138 1142
f 1137 1142 1141
f 1139 1144 1140
f 1139 1143 1144
f 1137 1141 1143
f 1137 1143 1139
f 1138 1144 1142
f 1138 1140 1144
f 1141 1142 1146
f 1141 1146 1145
f 1143 1148 1144
f 1143 1147 1148
f 1141 1145 1147
f 1141 1147 1143
f 1142 1148 1146
f 1142 1144 1148
f 1145 1146 1150
f 1145 1150 1149
f 1147 1152 1148
f 1147 1151 1152
f 1145 1149 1151
f 1145 1151 1147
f 1146 1152 1150
f 1146 1148 1152
f 1149 1150 1154
f 1149 1154 1153
f 1151 1156 1152
f 1151 1155 1156
f 1149 1153 1155
f 1149 1155 1151
f 1150 1156 1154
f 1150 1152 1156
f 1153 1154 1158
f 1153 1158 1157
f 1155 1160 1156
f 1155 1159 1160
f 1153 1157 1159
f 1153 1159 1155
f 1154 1160 1158
f 1154 1156 1160
f 1157 1158 1162
f 1157 1162 1161
f 1159 1164 1160
f 1159 1163 1164
f 1157 1161 1163
f 1157 1163 1159
f 1158 1164 1162
f 1158 1160 1164
f 1161 1162 1166
f 1161 1166 1165
f 1163 1168 1164
f 1163 1167 1168
f 1161 1165 1167
f 1161 1167 1163
f 1162 1168 1166
f 1162 1164 1168
f 1165 1166 1170
f 1165 1170 1169
f 1167 1172 1168
f 1167 1171 1172
f 1165 1169 1171
f 1165 1171 1167
f 1166 1172 1170
f 1166 1168 1172
f 1169 1170 1174
f 1169 1174 1173
f 1171 1176 1172
f 1171 1175 1176
f 1169 1173 1175
f 1169 1175 1171
f 1170 1176 1174
f 1170 1172 1176
f 1173 1174 1178
f 1173 1178 1177
f 1175 1180 1176
f 1175 1179 1180
f 1173 1177 1179
f 1173 1179 1175
f 1174 1180 1178
f 1174 1176 1180
f 1177 1178 1182
f 1177 1182 1181
f 1179 1184 1180
f 1179 1183 1184
f 1177 1181 1183
f 1177 1183 1179
f 1178 1184 1182
f 1178 1180 1184
f 1181 1182 1186
f 1181 1186 1185
f 1183 1188 1184
f 1183 1187 1188
f 1181 1185 1187
f 1181 1187 1183
f 1182 1188 1186
f 1182 1184 1188
f 1185 1186 1190
f 1185 1190 1189
f 1187 1192 1188
f 1187 1191 1192
f 1185 1189 1191
f 1185 1191 1187
f 1186 1192 1190
f 1186 1188 1192
f 1189 1190 1194
f 1189 1194 1193
f 1191 1196 1192
f 1191 1195 1196
f 1189 1193 1195
f 1189 1195 1191
f 1190 1196 1194
f 1190 1192 1196
f 1193 1194 1198
f 1193 1198 1197
f 1195 1200 1196
f 1195 1199 1200
f 1193 1197 1199
f 1193 1199 1195
f 1194 1200 1198
f 1194 1196 1200
f 1197 1198 1202
f 1197 1202 1201
f 1199 1204 1200
f 1199 1203 1204
f 1197 1201 1203
f 1197 1203 1199
f 1198 1204 1202
f 1198 1200 1204
f 1201 1202 1206
f 1201 1206 1205
f 1203 1208 1204
f 1203 1207 1208
f 1201 1205 1207
f 1201 1207 1203
f 1202 1208 1206
f 1202 1204 1208
f 1205 1206 1210
f 1205 1210 1209
f 1207 1212 1208
f 1207 1211 1212
f 1205 1209 1211
f 1205 1211 1207
f 1206 1212 1210
f 1206 1208 1212
f 1209 1210 1214
f 1209 1214 1213
f 1211 1216 1212
f 1211 1215 1216
f 1209 1213 1215
f 1209 1215 1211
f 1210 1216 1214
f 1210 1212 1216
f 1213 1214 1218
f 1213 1218 1217
f 1215 1220 1216
f 1215 1219 1220
f 1213 1217 1219
f 1213 1219 1215
f 1214 1220 1218
f 1214 1216 1220
f 1217 1218 1222
f 1217 1222 1221
f 1219 1224 1220
f 1219 1223 1224
f 1217 1221 1223
f 1217 1223 1219
f 1218 1224 1222
f 1218 1220 1224
f 1221 1222 1226
f 1221 1226 1225
f 1223 1228 1224
f 1223 1227 1228
f 1221 1225 1227
f 1221 1227 1223
f 1222 1228 1226
f 1222 1224 1228
f 1225 1226 1230
f 1225 1230 1229
f 1227 1232 1228
f 1227 1231 1232
f 1225 1229 1231
f 1225 1231 1227
f 1226 1232 1230
f 1226 1228 1232
f 1229 1230 1234
f 1229 1234 1233
f 1231 1236 1232
f 1231 1235 1236
f 1229 1233 1235
f 1229 1235 1231
f 1230 1236 1234
f 1230 1232 1236
f 1233 1234 1238
f 1233 1238 1237
f 1235 1240 1236
f 1235 1239 1240
f 1233 1237 1239
f 1233 1239 1235
f 1234 1240 1238
f 1234 1236 1240
f 1237 1238 1242
f 1237 1242 1241
f 1239 1244 1240
f 1239 1243 1244
f 1237 1241 1243
f 1237 1243 1239
f 1238 1244 1242
f 1238 1240 1244
f 1241 1242 1246
f 1241 1246 1245
f 1243 1248 1244
f 1243 1247 1248
f 1241 1245 1247
f 1241 1247 1243
f 1242 1248 1246
f 1242 1244 1248
f 1245 1246 1250
f 1245 1250 1249
f 1247 1252 1248
f 1247 1251 1252
f 1245 1249 1251
f 1245 1251 1247
f 1246 1252 1250
f 1246 1248 1252
f 1249 1250 1254
f 1249 1254 1253
f 1251 1256 1252
f 1251 1255 1256
f 1249 1253 1255
f 1249 1255 1251
f 1250 1256 1254
f 1250 1252 1256
f 1253 1254 1258
f 1253 1258 1257
f 1255 1260 1256
f 1255 1259 1260
f 1253 1257 1259
f 1253 1259 1255
f 1254 1260 1258
f 1254 1256 1260
f 1257 1258 1262
f 1257 1262 1261
f 1259 1264 1260
f 1259 1263 1264
f 1257 1261 1263
f 1257 1263 1259
f 1258 1264 1262
f 1258 1260 1264
f 1261 1262 1266
f 1261 1266 1265
f 1263 1268 1264
f 1263 1267 1268
f 1261 1265 1267
f 1261 1267 1263
f 1262 1268 1266
f 1262 1264 1268
f 1265 1266 1270
f 1265 1270 1269
f 1267 1272 1268
f 1267 1271 1272
f 1265 1269 1271
f 1265 1271 1267
f 1266 1272 1270
f 1266 1268 1272
f 1269 1270 1274
f 1269 1274 1273
f 1271 1276 1272
f 1271 1275 1276
f 1269 1273 1275
f 1269 1275 1271
f 1270 1276 1274
f 1270 1272 1276
f 1273 1274 1278
f 1273 1278 1277
f 1275 1280 1276
f 1275 1279 1280
f 1273 1277 1279
f 1273 1279 1275
f 1274 1280 1278
f 1274 1276 1280
f 1277 1278 1282
f 1277 1282 1281
f 1279 1284 1280
f 1279 1283 1284
f 1277 1281 1283
f 1277 1283 1279
f 1278 1284 1282
f 1278 1280 1284
f 1281 1282 1286
f 1281 1286 1285
f 1283 1288 1284
f 1283 1287 1288
f 1281 1285 1287
f 1281 1287 1283
f 1282 1288 1286
f 1282 1284 1288
f 1285 1286 1290
f 1285 1290 1289
f 1287 1292 1288
f 1287 1291 1292
f 1285 1289 1291
f 1285 1291 1287
f 1286 1292 1290
f 1286 1288 1292
f 1289 1290 1294
f 1289 1294 1293
f 1291 1296 1292
f 1291 1295 1296
f 1289 1293 1295
f 1289 1295 1291
f 1290 1296 1294
f 1290 1292 1296
f 1293 1294 1298
f 1293 1298 1297
f 1295 1300 1296
f 1295 1299 1300
f 1293 1297 1299
f 1293 1299 1295
f 1294 1300 1298
f 1294 1296 1300
f 1297 1298 1302
f 1297 1302 1301
f 1299 1304 1300
f 1299 1303 1304
f 1297 1301 1303
f 1297 1303 1299
f 1298 1304 1302
f 1298 1300 1304
f 1301 1302 1306
f 1301 1306 1305
f 1303 1308 1304
f 1303 1307 1308
f 1301 1305 1307
f 1301 1307 1303
f 1302 1308 1306
f 1302 1304 1308
f 1305 1306 1310
f 1305 1310 1309
f 1307 1312 1308
f 1307 1311 1312
f 1305 1309 1311
f 1305 1311 1307
f 1306 1312 1310
f 1306 1308 1312
f 1309 1310 1314
f 1309 1314 1313
f 1311 1316 1312
f 1311 1315 1316
f 1309 1313 1315
f 1309 1315 1311
f 1310 1316 1314
f 1310 1312 1316
f 1313 1314 1318
f 1313 1318 1317
f 1315 1320 1316
f 1315 1319 1320
f 1313 1317 1319
f 1313 1319 1315
f 1314 1320 1318
f 1314 1316 1320
f 1317 1318 1322
f 1317 1322 1321
f 1319 1324 1320
f 1319 1323 1324
f 1317 1321 1323
f 1317 1323 1319
f 1318 1324 1322
f 1318 1320 1324
f 1321 1322 1326
f 1321 1326 1325
f 1323 1328 1324
f 1323 1327 1328
f 1321 1325 1327
f 1321 1327 1323
f 1322 1328 1326
f 1322 1324 1328
f 1325 1326 1330
f 1325 1330 1329
f 1327 1332 1328
f 1327 1331 1332
f 1325 1329 1331
f 1325 1331 1327
f 1326 1332 1330
f 1326 1328 1332
f 1329 1330 1334
f 1329 1334 1333
f 1331 1336 1332
f 1331 1335 1336
f 1329 1333 1335
f 1329 1335 1331
f 1330 1336 1334
f 1330 1332 1336
f 1333 1334 1338
f 1333 1338 1337
f 1335 1340 1336
f 1335 1339 1340
f 1333 1337 1339
f 1333 1339 1335
f 1334 1340 1338
f 1334 1336 1340
f 1337 1338 1342
f 1337 1342 1341
f 1339 1344 1340
f 1339 1343 1344
f 1337 1341 1343
f 1337 1343 1339
f 1338 1344 1342
f 1338 1340 1344
f 1341 1342 1346
f 1341 1346 1345
f 1343 1348 1344
f 1343 1347 1348
f 1341 1345 1347
f 1341 1347 1343
f 1342 1348 1346
f 1342 1344 1348
f 1345 1346 1350
f 1345 1350 1349
f 1347 1352 1348
f 1347 1351 1352
f 1345 1349 1351
f 1345 1351 1347
f 1346 1352 1350
f 1346 1348 1352
f 1349 1350 1354
f 1349 1354 1353
f 1351 1356 1352
f 1351 1355 1356
f 1349 1353 1355
f 1349 1355 1351
f 1350 1356 1354
f 1350 1352 1356
f 1353 1354 1358
f 1353 1358 1357
f 1355 1360 1356
f 1355 1359 1360
f 1353 1357 1359
f 1353 1359 1355
f 1354 1360 1358
f 1354 1356 1360
f 1357 1358 1362
f 1357 1362 1361
f 1359 1364 1360
f 1359 1363 1364
f 1357 1361 1363
f 1357 1363 1359
f 1358 1364 1362
f 1358 1360 1364
f 1361 1362 1366
f 1361 1366 1365
f 1363 1368 1364
f 1363 1367 1368
f 1361 1365 1367
f 1361 1367 1363
f 1362 1368 1366
f 1362 1364 1368
f 1365 1366 1370
f 1365 1370 1369
f 1367 1372 1368
f 1367 1371 1372
f 1365 1369 1371
f 1365 1371 1367
f 1366 1372 1370
f 1366 1368 1372
f 1369 1370 1374
f 1369 1374 1373
f 1371 1376 1372
f 1371 1375 1376
f 1369 1373 1375
f 1369 1375 1371
f 1370 1376 1374
f 1370 1372 1376
f 1373 1374 1378
f 1373 1378 1377
f 1375 1380 1376
f 1375 1379 1380
f 1373 1377 1379
f 1373 1379 1375
f 1374 1380 1378
f 1374 1376 1380
f 1377 1378 1382
f 1377 1382 1381
f 1379 1384 1380
f 1379 1383 1384
f 1377 1381 1383
f 1377 1383 1379
f 1378 1384 1382
f 1378 1380 1384
f 1381 1382 1386
f 1381 1386 1385
f 1383 1388 1384
f 1383 1387 1388
f 1381 1385 1387
f 1381 1387 1383
f 1382 1388 1386
f 1382 1384 1388
f 1385 1386 1390
f 1385 1390 1389
f 1387 1392 1388
f 1387 1391 1392
f 1385 1389 1391
f 1385 1391 1387
f 1386 1392 1390
f 1386 1388 1392
f 1389 1390 1394
f 1389 1394 1393
f 1391 1396 1392
f 1391 1395 1396
f 1389 1393 1395
f 1389 1395 1391
f 1390 1396 1394
f 1390 1392 1396
f 1393 1394 1398
f 1393 1398 1397
f 1395 1400 1396
f 1395 1399 1400
f 1393 1397 1399
f 1393 1399 1395
f 1394 1400 1398
f 1394 1396 1400
f 1397 1398 1402
f 1397 1402 1401
f 1399 1404 1400
f 1399 1403 1404
f 1397 1401 1403
f 1397 1403 1399
f 1398 1404 1402
f 1398 1400 1404
f 1401 1402 1406
f 1401 1406 1405
f 1403 1408 1404
f 1403 1407 1408
f 1401 1405 1407
f 1401 1407 1403
f 1402 1408 1406
f 1402 1404 1408
f 1405 1406 1410
f 1405 1410 1409
f 1407 1412 1408
f 1407 1411 1412
f 1405 1409 1411
f 1405 1411 1407
f 1406 1412 1410
f 1406 1408 1412
f 1409 1410 1414
f 1409 1414 1413
f 1411 1416 1412
f 1411 1415 1416
f 1409 1413 1415
f 1409 1415 1411
f 1410 1416 1414
f 1410 1412 1416
f 1413 1414 1418
f 1413 1418 1417
f 1415 1420 1416
f 1415 1419 1420
f 1413 1417 1419
f 1413 1419 1415
f 1414 1420 1418
f 1414 1416 1420
f 1417 1418 1422
f 1417 1422 1421
f 1419 1424 1420
f 1419 1423 1424
f 1417 1421 1423
f 1417 1423 1419
f 1418 1424 1422
f 1418 1420 1424
f 1421 1422 1426
f 1421 1426 1425
f 1423 1428 1424
f 1423 1427 1428
f 1421 1425 1427
f 1421 1427 1423
f 1422 1428 1426
f 1422 1424 1428
f 1425 1426 1430
f 1425 1430 1429
f 1427 1432 1428
f 1427 1431 1432
f 1425 1429 1431
f 1425 1431 1427
f 1426 1432 1430
f 1426 1428 1432
f 1429 1430 1434
f 1429 1434 1433
f 1431 1436 1432
f 1431 1435 1436
f 1429 1433 1435
f 1429 1435 1431
f 1430 1436 1434
f 1430 1432 1436
f 1433 1434 1438
f 1433 1438 1437
f 1435 1440 1436
f 1435 1439 1440
f 1433 1437 1439
f 1433 1439 1435
f 1434 1440 1438
f 1434 1436 1440
f 1437 1438 1442
f 1437 1442 1441
f 1439 1444 1440
f 1439 1443 1444
f 1437 1441 1443
f 1437 1443 1439
f 1438 1444 1442
f 1438 1440 1444
f 1441 1442 1446
f 1441 1446 1445
f 1443 1448 1444
f 1443 1447 1448
f 1441 1445 1447
f 1441 1447 1443
f 1442 1448 1446
f 1442 1444 1448
f 1445 1446 1450
f 1445 1450 1449
f 1447 1452 1448
f 1447 1451 1452
f 1445 1449 1451
f 1445 1451 1447
f 1446 1452 1450
f 1446 1448 1452
f 1449 1450 1454
f 1449 1454 1453
f 1451 1456 1452
f 1451 1455 1456
f 1449 1453 1455
f 1449 1455 1451
f 1450 1456 1454
f 1450 1452 1456
f 1453 1454 1458
f 1453 1458 1457
f 1455 1460 1456
f 1455 1459 1460
f 1453 1457 1459
f 1453 1459 1455
f 1454 1460 1458
f 1454 1456 1460
f 1457 1458 1462
f 1457 1462 1461
f 1459 1464 1460
f 1459 1463 1464
f 1457 1461 1463
f 1457 1463 1459
f 1458 1464 1462
f 1458 1460 1464
f 1461 1462 1466
f 1461 1466 1465
f 1463 1468 1464
f 1463 1467 1468
f 1461 1465 1467
f 1461 1467 1463
f 1462 1468 1466
f 1462 1464 1468
f 1465 1466 1470
f 1465 1470 1469
f 1467 1472 1468
f 1467 1471 1472
f 1465 1469 1471
f 1465 1471 1467
f 1466 1472 1470
f 1466 1468 1472
f 1469 1470 1474
f 1469 1474 1473
f 1471 1476 1472
f 1471 1475 1476
f 1469 1473 1475
f 1469 1475 1471
f 1470 1476 1474
f 1470 1472 1476
f 1473 1474 1478
f 1473 1478 1477
f 1475 1480 1476
f 1475 1479 1480
f 1473 1477 1479
f 1473 1479 1475
f 1474 1480 1478
f 1474 1476 1480
f 1477 1478 1482
f 1477 1482 1481
f 1479 1484 1480
f 1479 1483 1484
f 1477 1481 1483
f 1477 1483 1479
f 1478 1484 1482
f 1478 1480 1484
f 1481 1482 1486
f 1481 1486 1485
f 1483 1488 1484
f 1483 1487 1488
f 1481 1485 1487
f 1481 1487 1483
f 1482 1488 1486
f 1482 1484 1488
f 1485 1486 1490
f 1485 1490 1489
f 1487 1492 1488
f 1487 1491 1492
f 1485 1489 1491
f 1485 1491 1487
f 1486 1492 1490
f 1486 1488 1492
f 1489 1490 1494
f 1489 1494 1493
f 1491 1496 1492
f 1491 1495 1496
f 1489 1493 1495
f 1489 1495 1491
f 1490 1496 1494
f 1490 1492 1496
f 1493 1494 1498
f 1493 1498 1497
f 1495 1500 1496
f 1495 1499 1500
f 1493 1497 1499
f 1493 1499 1495
f 1494 1500 1498
f 1494 1496 1500
f 1497 1498 1502
f 1497 1502 1501
f 1499 1504 1500
f 1499 1503 1504
f 1497 1501 1503
f 1497 1503 1499
f 1498 1504 1502
f 1498 1500 1504
f 1501 1502 1506
f 1501 1506 1505
f 1503 1508 1504
f 1503 1507 1508
f 1501 1505 1507
f 1501 1507 1503
f 1502 1508 1506
f 1502 1504 1508
f 1505 1506 1510
f 1505 1510 1509
f 1507 1512 1508
f 1507 1511 1512
f 1505 1509 1511
f 1505 1511 1507
f 1506 1512 1510
f 1506 1508 1512
f 1509 1510 1514
f 1509 1514 1513
f 1511 1516 1512
f 1511 1515 1516
f 1509 1513 1515
f 1509 1515 1511
f 1510 1516 1514
f 1510 1512 1516
f 1513 1514 1518
f 1513 1518 1517
f 1515 1520 1516
f 1515 1519 1520
f 1513 1517 1519
f 1513 1519 1515
f 1514 1520 1518
f 1514 1516 1520
f 1517 1518 1522
f 1517 1522 1521
f 1519 1524 1520
f 1519 1523 1524
f 1517 1521 1523
f 1517 1523 1519
f 1518 1524 1522
f 1518 1520 1524
f 1521 1522 1526
f 1521 1526 1525
f 1523 1528 1524
f 1523 1527 1528
f 1521 1525 1527
f 1521 1527 1523
f 1522 1528 1526
f 1522 1524 1528
f 1525 1526 1530
f 1525 1530 1529
f 1527 1532 1528
f 1527 1531 1532
f 1525 1529 1531
f 1525 1531 1527
f 1526 1532 1530
f 1526 1528 1532
f 1529 1530 1534
f 1529 1534 1533
f 1531 1536 1532
f 1531 1535 1536
f 1529 1533 1535
f 1529 1535 1531
f 1530 1536 1534
f 1530 1532 1536
f 1533 1534 1538
f 1533 1538 1537
f 1535 1540 1536
f 1535 1539 1540
f 1533 1537 1539
f 1533 1539 1535
f 1534 1540 1538
f 1534 1536 1540
f 1537 1538 1542
f 1537 1542 1541
f 1539 1544 1540
f 1539 1543 1544
f 1537 1541 1543
f 1537 1543 1539
f 1538 1544 1542
f 1538 1540 1544
f 1541 1542 1546
f 1541 1546 1545
f 1543 1548 1544
f 1543 1547 1548
f 1541 1545 1547
f 1541 1547 1543
f 1542 1548 1546
f 1542 1544 1548
f 1545 1546 1550
f 1545 1550 1549
f 1547 1552 1548
f 1547 1551 1552
f 1545 1549 1551
f 1545 1551 1547
f 1546 1552 1550
f 1546 1548 1552
f 1549 1550 1554
f 1549 1554 1553
f 1551 1556 1552
f 1551 1555 1556
f 1549 1553 1555
f 1549 1555 1551
f 1550 1556 1554
f 1550 1552 1556
f 1553 1554 1558
f 1553 1558 1557
f 1555 1560 1556
f 1555 1559 1560
f 1553 1557 1559
f 1553 1559 1555
f 1554 1560 1558
f 1554 1556 1560
f 1557 1558 1562
f 1557 1562 1561
f 1559 1564 1560
f 1559 1563 1564
f 1557 1561 1563
f 1557 1563 1559
f 1558 1564 1562
f 1558 1560 1564
f 1561 1562 1566
f 1561 1566 1565
f 1563 1568 1564
f 1563 1567 1568
f 1561 1565 1567
f 1561 1567 1563
f 1562 1568 1566
f 1562 1564 1568
f 1565 1566 1570
f 1565 1570 1569
f 1567 1572 1568
f 1567 1571 1572
f 1565 1569 1571
f 1565 1571 1567
f 1566 1572 1570
f 1566 1568 1572
f 1569 1570 1574
f 1569 1574 1573
f 1571 1576 1572
f 1571 1575 1576
f 1569 1573 1575
f 1569 1575 1571
f 1570 1576 1574
f 1570 1572 1576
f 1573 1574 1578
f 1573 1578 1577
f 1575 1580 1576
f 1575 1579 1580
f 1573 1577 1579
f 1573 1579 1575
f 1574 1580 1578
f 1574 1576 1580
f 1577 1578 1582
f 1577 1582 1581
f 1579 1584 1580
f 1579 1583 1584
f 1577 1581 1583
f 1577 1583 1579
f 1578 1584 1582
f 1578 1580 1584
f 1581 1582 1586
f 1581 1586 1585
f 1583 1588 1584
f 1583 1587 1588
f 1581 1585 1587
f 1581 1587 1583
f 1582 1588 1586
f 1582 1584 1588
f 1585 1586 1590
f 1585 1590 1589
f 1587 1592 1588
f 1587 1591 1592
f 1585 1589 1591
f 1585 1591 1587
f 1586 1592 1590
f 1586 1588 1592
f 1589 1590 1594
f 1589 1594 1593
f 1591 1596 1592
f 1591 1595 1596
f 1589 1593 1595
f 1589 1595 1591
f 1590 1596 1594
f 1590 1592 1596
f 1593 1594 1598
f 1593 1598 1597
f 1595 1600 1596
f 1595 1599 1600
f 1593 1597 1599
f 1593 1599 1595
f 1594 1600 1598
f 1594 1596 1600
f 1597 1598 1602
f 1597 1602 1601
f 1599 1604 1600
f 1599 1603 1604
f 1597 1601 1603
f 1597 1603 1599
f 1598 1604 1602
f 1598 1600 1604
f 1601 1602 1606
f 1601 1606 1605
f 1603 1608 1604
f 1603 1607 1608
f 1601 1605 1607
f 1601 1607 1603
f 1602 1608 1606
f 1602 1604 1608
f 1605 1606 1610
f 1605 1610 1609
f 1607 1612 1608
f 1607 1611 1612
f 1605 1609 1611
f 1605 1611 1607
f 1606 1612 1610
f 1606 1608 1612
f 1609 1610 1614
f 1609 1614 1613
f 1611 1616 1612
f 1611 1615 1616
f 1609 1613 1615
f 1609 1615 1611
f 1610 1616 1614
f 1610 1612 1616
f 1613 1614 1618
f 1613 1618 1617
f 1615 1620 1616
f 1615 1619 1620
f 1613 1617 1619
f 1613 1619 1615
f 1614 1620 1618
f 1614 1616 1620
f 1617 1618 1622
f 1617 1622 1621
f 1619 1624 1620
f 1619 1623 1624
f 1617 1621 1623
f 1617 1623 1619
f 1618 1624 1622
f 1618 1620 1624
f 1621 1622 1626
f 1621 1626 1625
f 1623 1628 1624
f 1623 1627 1628
f 1621 1625 1627
f 1621 1627 1623
f 1622 1628 1626
f 1622 1624 1628
f 1625 1626 1630
f 1625 1630 1629
f 1627 1632 1628
f 1627 1631 1632
f 1625 1629 1631
f 1625 1631 1627
f 1626 1632 1630
f 1626 1628 1632
f 1629 1630 1634
f 1629 1634 1633
f 1631 1636 1632
f 1631 1635 1636
f 1629 1633 1635
f 1629 1635 1631
f 1630 1636 1634
f 1630 1632 1636
f 1633 1634 1638
f 1633 1638 1637
f 1635 1640 1636
f 1635 1639 1640
f 1633 1637 1639
f 1633 1639 1635
f 1634 1640 1638
f 1634 1636 1640
f 1637 1638 1642
f 1637 1642 1641
f 1639 1644 1640
f 1639 1643 1644
f 1637 1641 1643
f 1637 1643 1639
f 1638 1644 1642
f 1638 1640 1644
f 1641 1642 1646
f 1641 1646 1645
f 1643 1648 1644
f 1643 1647 1648
f 1641 1645 1647
f 1641 1647 1643
f 1642 1648 1646
f 1642 1644 1648
f 1645 1646 1650
f 1645 1650 1649
f 1647 1652 1648
f 1647 1651 1652
f 1645 1649 1651
f 1645 1651 1647
f 1646 1652 1650
f 1646 1648 1652
f 1649 1650 1654
f 1649 1654 1653
f 1651 1656 1652
f 1651 1655 1656
f 1649 1653 1655
f 1649 1655 1651
f 1650 1656 1654
f 1650 1652 1656
f 1653 1654 1658
f 1653 1658 1657
f 1655 1660 1656
f 1655 1659 1660
f 1653 1657 1659
f 1653 1659 1655
f 1654 1660 1658
f 1654 1656 1660
f 1657 1658 1662
f 1657 1662 1661
f 1659 1664 1660
f 1659 1663 1664
f 1657 1661 1663
f 1657 1663 1659
f 1658 1664 1662
f 1658 1660 1664
f 1661 1662 1666
f 1661 1666 1665
f 1663 1668 1664
f 1663 1667 1668
f 1661 1665 1667
f 1661 1667 1663
f 1662 1668 1666
f 1662 1664 1668
f 1665 1666 1670
f 1665 1670 1669
f 1667 1672 1668
f 1667 1671 1672
f 1665 1669 1671
f 1665 1671 1667
f 1666 1672 1670
f 1666 1668 1672
f 1669 1670 1674
f 1669 1674 1673
f 1671 1676 1672
f 1671 1675 1676
f 1669 1673 1675
f 1669 1675 1671
f 1670 1676 1674
f 1670 1672 1676
f 1673 1674 1678
f 1673 1678 1677
f 1675 1680 1676
f 1675 1679 1680
f 1673 1677 1679
f 1673 1679 1675
f 1674 1680 1678
f 1674 1676 1680
f 1677 1678 1682
f 1677 1682 1681
f 1679 1684 1680
f 1679 1683 1684
f 1677 1681 1683
f 1677 1683 1679
f 1678 1684 1682
f 1678 1680 1684
f 1681 1682 1686
f 1681 1686 1685
f 1683 1688 1684
f 1683 1687 1688
f 1681 1685 1687
f 1681 1687 1683
f 1682 1688 1686
f 1682 1684 1688
f 1685 1686 1690
f 1685 1690 1689
f 1687 1692 1688
f 1687 1691 1692
f 1685 1689 1691
f 1685 1691 1687
f 1686 1692 1690
f 1686 1688 1692
f 1689 1690 1694
f 1689 1694 1693
f 1691 1696 1692
f 1691 1695 1696
f 1689 1693 1695
f 1689 1695 1691
f 1690 1696 1694
f 1690 1692 1696
f 1693 1694 1698
f 1693 1698 1697
f 1695 1700 1696
f 1695 1699 1700
f 1693 1697 1699
f 1693 1699 1695
f 1694 1700 1698
f 1694 1696 1700
f 1697 1698 1702
f 1697 1702 1701
f 1699 1704 1700
f 1699 1703 1704
f 1697 1701 1703
f 1697 1703 1699
f 1698 1704 1702
f 1698 1700 1704
f 1701 1702 1706
f 1701 1706 1705
f 1703 1708 1704
f 1703 1707 1708
f 1701 1705 1707
f 1701 1707 1703
f 1702 1708 1706
f 1702 1704 1708
f 1705 1706 1710
f 1705 1710 1709
f 1707 1712 1708
f 1707 1711 1712
f 1705 1709 1711
f 1705 1711 1707
f 1706 1712 1710
f 1706 1708 1712
f 1709 1710 1714
f 1709 1714 1713
f 1711 1716 1712
f 1711 1715 1716
f 1709 1713 1715
f 1709 1715 1711
f 1710 1716 1714
f 1710 1712 1716
f 1713 1714 1718
f 1713 1718 1717
f 1715 1720 1716
f 1715 1719 1720
f 1713 1717 1719
f 1713 1719 1715
f 1714 1720 1718
f 1714 1716 1720
f 1717 1718 1722
f 1717 1722 1721
f 1719 1724 1720
f 1719 1723 1724
f 1717 1721 1723
f 1717 1723 1719
f 1718 1724 1722
f 1718 1720 1724
f 1721 1722 1726
f 1721 1726 1725
f 1723 1728 1724
f 1723 1727 1728
f 1721 1725 1727
f 1721 1727 1723
f 1722 1728 1726
f 1722 1724 1728
f 1725 1726 1730
f 1725 1730 1729
f 1727 1732 1728
f 1727 1731 1732
f 1725 1729 1731
f 1725 1731 1727
f 1726 1732 1730
f 1726 1728 1732
f 1729 1730 1734
f 1729 1734 1733
f 1731 1736 1732
f 1731 1735 1736
f 1729 1733 1735
f 1729 1735 1731
f 1730 1736 1734
f 1730 1732 1736
f 1733 1734 1738
f 1733 1738 1737
f 1735 1740 1736
f 1735 1739 1740
f 1733 1737 1739
f 1733 1739 1735
f 1734 1740 1738
f 1734 1736 1740
f 1737 1738 1742
f 1737 1742 1741
f 1739 1744 1740
f 1739 1743 1744
f 1737 1741 1743
f 1737 1743 1739
f 1738 1744 1742
f 1738 1740 1744
f 1741 1742 1746
f 1741 1746 1745
f 1743 1748 1744
f 1743 1747 1748
f 1741 1745 1747
f 1741 1747 1743
f 1742 1748 1746
f 1742 1744 1748
f 1745 1746 1750
f 1745 1750 1749
f 1747 1752 1748
f 1747 1751 1752
f 1745 1749 1751
f 1745 1751 1747
f 1746 1752 1750
f 1746 1748 1752
f 1749 1750 1754
f 1749 1754 1753
f 1751 1756 1752
f 1751 1755 1756
f 1749 1753 1755
f 1749 1755 1751
f 1750 1756 1754
f 1750 1752 1756
f 1753 1754 1758
f 1753 1758 1757
f 1755 1760 1756
f 1755 1759 1760
f 1753 1757 1759
f 1753 1759 1755
f 1754 1760 1758
f 1754 1756 1760
f 1757 1758 1762
f 1757 1762 1761
f 1759 1764 1760
f 1759 1763 1764
f 1757 1761 1763
f 1757 1763 1759
f 1758 1764 1762
f 1758 1760 1764
f 1761 1762 1766
f 1761 1766 1765
f 1763 1768 1764
f 1763 1767 1768
f 1761 1765 1767
f 1761 1767 1763
f 1762 1768 1766
f 1762 1764 1768
f 1765 1766 1770
f 1765 1770 1769
f 1767 1772 1768
f 1767 1771 1772
f 1765 1769 1771
f 1765 1771 1767
f 1766 1772 1770
f 1766 1768 1772
f 1769 1770 1774
f 1769 1774 1773
f 1771 1776 1772
f 1771 1775 1776
f 1769 1773 1775
f 1769 1775 1771
f 1770 1776 1774
f 1770 1772 1776
f 1773 1774 1778
f 1773 1778 1777
f 1775 1780 1776
f 1775 1779 1780
f 1773 1777 1779
f 1773 1779 1775
f 1774 1780 1778
f 1774 1776 1780
f 1777 1778 1782
f 1777 1782 1781
f 1779 1784 1780
f 1779 1783 1784
f 1777 1781 1783
f 1777 1783 1779
f 1778 1784 1782
f 1778 1780 1784
f 1781 1782 1786
f 1781 1786 1785
f 1783 1788 1784
f 1783 1787 1788
f 1781 1785 1787
f 1781 1787 1783
f 1782 1788 1786
f 1782 1784 1788
f 1785 1786 1790
f 1785 1790 1789
f 1787 1792 1788
f 1787 1791 1792
f 1785 1789 1791
f 1785 1791 1787
f 1786 1792 1790
f 1786 1788 1792
f 1789 1790 1794
f 1789 1794 1793
f 1791 1796 1792
f 1791 1795 1796
f 1789 1793 1795
f 1789 1795 1791
f 1790 1796 1794
f 1790 1792 1796
f 1793 1794 1798
f 1793 1798 1797
f 1795 1800 1796
f 1795 1799 1800
f 1793 1797 1799
f 1793 1799 1795
f 1794 1800 1798
f 1794 1796 1800
f 1797 1798 1802
f 1797 1802 1801
f 1799 1804 1800
f 1799 1803 1804
f 1797 1801 1803
f 1797 1803 1799
f 1798 1804 1802
f 1798 1800 1804
f 1801 1802 1806
f 1801 1806 1805
f 1803 1808 1804
f 1803 1807 1808
f 1801 1805 1807
f 1801 1807 1803
f 1802 1808 1806
f 1802 1804 1808
f 1805 1806 1810
f 1805 1810 1809
f 1807 1812 1808
f 1807 1811 1812
f 1805 1809 1811
f 1805 1811 1807
f 1806 1812 1810
f 1806 1808 1812
f 1809 1810 1814
f 1809 1814 1813
f 1811 1816 1812
f 1811 1815 1816
f 1809 1813 1815
f 1809 1815 1811
f 1810 1816 1814
f 1810 1812 1816
f 1813 1814 1818
f 1813 1818 1817
f 1815 1820 1816
f 1815 1819 1820
f 1813 1817 1819
f 1813 1819 1815
f 1814 1820 1818
f 1814 1816 1820
f 1817 1818 1822
f 1817 1822 1821
f 1819 1824 1820
f 1819 1823 1824
f 1817 1821 1823
f 1817 1823 1819
f 1818 1824 1822
f 1818 1820 1824
f 1821 1822 1826
f 1821 1826 1825
f 1823 1828 1824
f 1823 1827 1828
f 1821 1825 1827
f 1821 1827 1823
f 1822 1828 1826
f 1822 1824 1828
f 1825 1826 1830
f 1825 1830 1829
f 1827 1832 1828
f 1827 1831 1832
f 1825 1829 1831
f 1825 1831 1827
f 1826 1832 1830
f 1826 1828 1832
f 1829 1830 1834
f 1829 1834 1833
f 1831 1836 1832
f 1831 1835 1836
f 1829 1833 1835
f 1829 1835 1831
f 1830 1836 1834
f 1830 1832 1836
f 1833 1834 1838
f 1833 1838 1837
f 1835 1840 1836
f 1835 1839 1840
f 1833 1837 1839
f 1833 1839 1835
f 1834 1840 1838
f 1834 1836 1840
f 1837 1838 1842
f 1837 1842 1841
f 1839 1844 1840
f 1839 1843 1844
f 1837 1841 1843
f 1837 1843 1839
f 1838 1844 1842
f 1838 1840 1844
f 1841 1842 1846
f 1841 1846 1845
f 1843 1848 1844
f 1843 1847 1848
f 1841 1845 1847
f 1841 1847 1843
f 1842 1848 1846
f 1842 1844 1848
f 1845 1846 1850
f 1845 1850 1849
f 1847 1852 1848
f 1847 1851 1852
f 1845 1849 1851
f 1845 1851 1847
f 1846 1852 1850
f 1846 1848 1852
f 1849 1850 1854
f 1849 1854 1853
f 1851 1856 1852
f 1851 1855 1856
f 1849 1853 1855
f 1849 1855 1851
f 1850 1856 1854
f 1850 1852 1856
f 1853 1854 1858
f 1853 1858 1857
f 1855 1860 1856
f 1855 1859 1860
f 1853 1857 1859
f 1853 1859 1855
f 1854 1860 1858
f 1854 1856 1860
f 1857 1858 1862
f 1857 1862 1861
f 1859 1864 1860
f 1859 1863 1864
f 1857 1861 1863
f 1857 1863 1859
f 1858 1864 1862
f 1858 1860 1864
f 1861 1862 1866
f 1861 1866 1865
f 1863 1868 1864
f 1863 1867 1868
f 1861 1865 1867
f 1861 1867 1863
f 1862 1868 1866
f 1862 1864 1868
f 1865 1866 1870
f 1865 1870 1869
f 1867 1872 1868
f 1867 1871 1872
f 1865 1869 1871
f 1865 1871 1867
f 1866 1872 1870
f 1866 1868 1872
f 1869 1870 1874
f 1869 1874 1873
f 1871 1876 1872
f 1871 1875 1876
f 1869 1873 1875
f 1869 1875 1871
f 1870 1876 1874
f 1870 1872 1876
f 1873 1874 1878
f 1873 1878 1877
f 1875 1880 1876
f 1875 1879 1880
f 1873 1877 1879
f 1873 1879 1875
f 1874 1880 1878
f 1874 1876 1880
f 1877 1878 1882
f 1877 1882 1881
f 1879 1884 1880
f 1879 1883 1884
f 1877 1881 1883
f 1877 1883 1879
f 1878 1884 1882
f 1878 1880 1884
f 1881 1882 1886
f 1881 1886 1885
f 1883 1888 1884
f 1883 1887 1888
f 1881 1885 1887
f 1881 1887 1883
f 1882 1888 1886
f 1882 1884 1888
f 1885 1886 1890
f 1885 1890 1889
f 1887 1892 1888
f 1887 1891 1892
f 1885 1889 1891
f 1885 1891 1887
f 1886 1892 1890
f 1886 1888 1892
f 1889 1890 1894
f 1889 1894 1893
f 1891 1896 1892
f 1891 1895 1896
f 1889 1893 1895
f 1889 1895 1891
f 1890 1896 1894
f 1890 1892 1896
f 1893 1894 1898
f 1893 1898 1897
f 1895 1900 1896
f 1895 1899 1900
f 1893 1897 1899
f 1893 1899 1895
f 1894 1900 1898
f 1894 1896 1900
f 1897 1898 1902
f 1897 1902 1901
f 1899 1904 1900
f 1899 1903 1904
f 1897 1901 1903
f 1897 1903 1899
f 1898 1904 1902
f 1898 1900 1904
f 1901 1902 1906
f 1901 1906 1905
f 1903 1908 1904
f 1903 1907 1908
f 1901 1905 1907
f 1901 1907 1903
f 1902 1908 1906
f 1902 1904 1908
f 1905 1906 1910
f 1905 1910 1909
f 1907 1912 1908
f 1907 1911 1912
f 1905 1909 1911
f 1905 1911 1907
f 1906 1912 1910
f 1906 1908 1912
f 1909 1910 1914
f 1909 1914 1913
f 1911 1916 1912
f 1911 1915 1916
f 1909 1913 1915
f 1909 1915 1911
f 1910 1916 1914
f 1910 1912 1916
f 1913 1914 1918
f 1913 1918 1917
f 1915 1920 1916
f 1915 1919 1920
f 1913 1917 1919
f 1913 1919 1915
f 1914 1920 1918
f 1914 1916 1920
f 1917 1918 1922
f 1917 1922 1921
f 1919 1924 1920
f 1919 1923 1924
f 1917 1921 1923
f 1917 1923 1919
f 1918 1924 1922
f 1918 1920 1924
f 1921 1922 1926
f 1921 1926 1925
f 1923 1928 1924
f 1923 1927 1928
f 1921 1925 1927
f 1921 1927 1923
f 1922 1928 1926
f 1922 1924 1928
f 1925 1926 1930
f 1925 1930 1929
f 1927 1932 1928
f 1927 1931 1932
f 1925 1929 1931
f 1925 1931 1927
f 1926 1932 1930
f 1926 1928 1932
f 1929 1930 1934
f 1929 1934 1933
f 1931 1936 1932
f 1931 1935 1936
f 1929 1933 1935
f 1929 1935 1931
f 1930 1936 1934
f 1930 1932 1936
f 1933 1934 1938
f 1933 1938 1937
f 1935 1940 1936
f 1935 1939 1940
f 1933 1937 1939
f 1933 1939 1935
f 1934 1940 1938
f 1934 1936 1940
f 1937 1938 1942
f 1937 1942 1941
f 1939 1944 1940
f 1939 1943 1944
f 1937 1941 1943
f 1937 1943 1939
f 1938 1944 1942
f 1938 1940 1944
f 1941 1942 1946
f 1941 1946 1945
f 1943 1948 1944
f 1943 1947 1948
f 1941 1945 1947
f 1941 1947 1943
f 1942 1948 1946
f 1942 1944 1948
f 1945 1946 1950
f 1945 1950 1949
f 1947 1952 1948
f 1947 1951 1952
f 1945 1949 1951
f 1945 1951 1947
f 1946 1952 1950
f 1946 1948 1952
f 1949 1950 1954
f 1949 1954 1953
f 1951 1956 1952
f 1951 1955 1956
f 1949 1953 1955
f 1949 1955 1951
f 1950 1956 1954
f 1950 1952 1956
f 1953 1954 1958
f 1953 1958 1957
f 1955 1960 1956
f 1955 1959 1960
f 1953 1957 1959
f 1953 1959 1955
f 1954 1960 1958
f 1954 1956 1960
f 1957 1958 1962
f 1957 1962 1961
f 1959 1964 1960
f 1959 1963 1964
f 1957 1961 1963
f 1957 1963 1959
f 1958 1964 1962
f 1958 1960 1964
f 1961 1962 1966
f 1961 1966 1965
f 1963 1968 1964
f 1963 1967 1968
f 1961 1965 1967
f 1961 1967 1963
f 1962 1968 1966
f 1962 1964 1968
f 1965 1966 1970
f 1965 1970 1969
f 1967 1972 1968
f 1967 1971 1972
f 1965 1969 1971
f 1965 1971 1967
f 1966 1972 1970
f 1966 1968 1972
f 1969 1970 1974
f 1969 1974 1973
f 1971 1976 1972
f 1971 1975 1976
f 1969 1973 1975
f 1969 1975 1971
f 1970 1976 1974
f 1970 1972 1976
f 1973 1974 1978
f 1973 1978 1977
f 1975 1980 1976
f 1975 1979 1980
f 1973 1977 1979
f 1973 1979 1975
f 1974 1980 1978
f 1974 1976 1980
f 1977 1978 1982
f 1977 1982 1981
f 1979 1984 1980
f 1979 1983 1984
f 1977 1981 1983
f 1977 1983 1979
f 1978 1984 1982
f 1978 1980 1984
f 1981 1982 1986
f 1981 1986 1985
f 1983 1988 1984
f 1983 1987 1988
f 1981 1985 1987
f 1981 1987 1983
f 1982 1988 1986
f 1982 1984 1988
f 1985 1986 1990
f 1985 1990 1989
f 1987 1992 1988
f 1987 1991 1992
f 1985 1989 1991
f 1985 1991 1987
f 1986 1992 1990
f 1986 1988 1992
f 1989 1990 1994
f 1989 1994 1993
f 1991 1996 1992
f 1991 1995 1996
f 1989 1993 1995
f 1989 1995 1991
f 1990 1996 1994
f 1990 1992 1996
f 1993 1994 1998
f 1993 1998 1997
f 1995 2000 1996
f 1995 1999 2000
f 1993 1997 1999
f 1993 1999 1995
f 1994 2000 1998
f 1994 1996 2000
f 1997 1998 2002
f 1997 2002 2001
f 1999 2004 2000
f 1999 2003 2004
f 1997 2001 2003
f 1997 2003 1999
f 1998 2004 2002
f 1998 2000 2004
f 2001 2002 2006
f 2001 2006 2005
f 2003 2008 2004
f 2003 2007 2008
f 2001 2005 2007
f 2001 2007 2003
f 2002 2008 2006
f 2002 2004 2008
f 2005 2006 2010
f 2005 2010 2009
f 2007 2012 2008
f 2007 2011 2012
f 2005 2009 2011
f 2005 2011 2007
f 2006 2012 2010
f 2006 2008 2012
f 2009 2010 2014
f 2009 2014 2013
f 2011 2016 2012
f 2011 2015 2016
f 2009 2013 2015
f 2009 2015 2011
f 2010 2016 2014
f 2010 2012 2016
f 2013 2014 2018
f 2013 2018 2017
f 2015 2020 2016
f 2015 2019 2020
f 2013 2017 2019
f 2013 2019 2015
f 2014 2020 2018
f 2014 2016 2020
f 2017 2018 2022
f 2017 2022 2021
f 2019 2024 2020
f 2019 2023 2024
f 2017 2021 2023
f 2017 2023 2019
f 2018 2024 2022
f 2018 2020 2024
f 2021 2022 2026
f 2021 2026 2025
f 2023 2028 2024
f 2023 2027 2028
f 2021 2025 2027
f 2021 2027 2023
f 2022 2028 2026
f 2022 2024 2028
f 2025 2026 2030
f 2025 2030 2029
f 2027 2032 2028
f 2027 2031 2032
f 2025 2029 2031
f 2025 2031 2027
f 2026 2032 2030
f 2026 2028 2032
f 2029 2030 2034
f 2029 2034 2033
f 2031 2036 2032
f 2031 2035 2036
f 2029 2033 2035
f 2029 2035 2031
f 2030 2036 2034
f 2030 2032 2036
f 2033 2034 2038
f 2033 2038 2037
f 2035 2040 2036
f 2035 2039 2040
f 2033 2037 2039
f 2033 2039 2035
f 2034 2040 2038
f 2034 2036 2040
f 2037 2038 2042
f 2037 2042 2041
f 2039 2044 2040
f 2039 2043 2044
f 2037 2041 2043
f 2037 2043 2039
f 2038 2044 2042
f 2038 2040 2044
f 2041 2042 2046
f 2041 2046 2045
f 2043 2048 2044
f 2043 2047 2048
f 2041 2045 2047
f 2041 2047 2043
f 2042 2048 2046
f 2042 2044 2048
f 2045 2046 2050
f 2045 2050 2049
f 2047 2052 2048
f 2047 2051 2052
f 2045 2049 2051
f 2045 2051 2047
f 2046 2052 2050
f 2046 2048 2052
f 2049 2050 2054
f 2049 2054 2053
f 2051 2056 2052
f 2051 2055 2056
f 2049 2053 2055
f 2049 2055 2051
f 2050 2056 2054
f 2050 2052 2056
f 2053 2054 2058
f 2053 2058 2057
f 2055 2060 2056
f 2055 2059 2060
f 2053 2057 2059
f 2053 2059 2055
f 2054 2060 2058
f 2054 2056 2060
f 2057 2058 2062
f 2057 2062 2061
f 2059 2064 2060
f 2059 2063 2064
f 2057 2061 2063
f 2057 2063 2059
f 2058 2064 2062
f 2058 2060 2064
f 2061 2062 2066
f 2061 2066 2065
f 2063 2068 2064
f 2063 2067 2068
f 2061 2065 2067
f 2061 2067 2063
f 2062 2068 2066
f 2062 2064 2068
f 2065 2066 2070
f 2065 2070 2069
f 2067 2072 2068
f 2067 2071 2072
f 2065 2069 2071
f 2065 2071 2067
f 2066 2072 2070
f 2066 2068 2072
f 2069 2070 2074
f 2069 2074 2073
f 2071 2076 2072
f 2071 2075 2076
f 2069 2073 2075
f 2069 2075 2071
f 2070 2076 2074
f 2070 2072 2076
f 2073 2074 2078
f 2073 2078 2077
f 2075 2080 2076
f 2075 2079 2080
f 2073 2077 2079
f 2073 2079 2075
f 2074 2080 2078
f 2074 2076 2080
f 2077 2078 2082
f 2077 2082 2081
f 2079 2084 2080
f 2079 2083 2084
f 2077 2081 2083
f 2077 2083 2079
f 2078 2084 2082
f 2078 2080 2084
f 2081 2082 2086
f 2081 2086 2085
f 2083 2088 2084
f 2083 2087 2088
f 2081 2085 2087
f 2081 2087 2083
f 2082 2088 2086
f 2082 2084 2088
f 2085 2086 2090
f 2085 2090 2089
f 2087 2092 2088
f 2087 2091 2092
f 2085 2089 2091
f 2085 2091 2087
f 2086 2092 2090
f 2086 2088 2092
f 2089 2090 2094
f 2089 2094 2093
f 2091 2096 2092
f 2091 2095 2096
f 2089 2093 2095
f 2089 2095 2091
f 2090 2096 2094
f 2090 2092 2096
f 2093 2094 2098
f 2093 2098 2097
f 2095 2100 2096
f 2095 2099 2100
f 2093 2097 2099
f 2093 2099 2095
f 2094 2100 2098
f 2094 2096 2100
f 2097 2098 2102
f 2097 2102 2101
f 2099 2104 2100
f 2099 2103 2104
f 2097 2101 2103
f 2097 2103 2099
f 2098 2104 2102
f 2098 2100 2104
f 2101 2102 2106
f 2101 2106 2105
f 2103 2108 2104
f 2103 2107 2108
f 2101 2105 2107
f 2101 2107 2103
f 2102 2108 2106
f 2102 2104 2108
f 2105 2106 2110
f 2105 2110 2109
f 2107 2112 2108
f 2107 2111 2112
f 2105 2109 2111
f 2105 2111 2107
f 2106 2112 2110
f 2106 2108 2112
f 2109 2110 2114
f 2109 2114 2113
f 2111 2116 2112
f 2111 2115 2116
f 2109 2113 2115
f 2109 2115 2111
f 2110 2116 2114
f 2110 2112 2116
f 2113 2114 2118
f 2113 2118 2117
f 2115 2120 2116
f 2115 2119 2120
f 2113 2117 2119
f 2113 2119 2115
f 2114 2120 2118
f 2114 2116 2120
f 2117 2118 2122
f 2117 2122 2121
f 2119 2124 2120
f 2119 2123 2124
f 2117 2121 2123
f 2117 2123 2119
f 2118 2124 2122
f 2118 2120 2124
f 2121 2122 2126
f 2121 2126 2125
f 2123 2128 2124
f 2123 2127 2128
f 2121 2125 2127
f 2121 2127 2123
f 2122 2128 2126
f 2122 2124 2128
f 2125 2126 2130
f 2125 2130 2129
f 2127 2132 2128
f 2127 2131 2132
f 2125 2129 2131
f 2125 2131 2127
f 2126 2132 2130
f 2126 2128 2132
f 2129 2130 2134
f 2129 2134 2133
f 2131 2136 2132
f 2131 2135 2136
f 2129 2133 2135
f 2129 2135 2131
f 2130 2136 2134
f 2130 2132 2136
f 2133 2134 2138
f 2133 2138 2137
f 2135 2140 2136
f 2135 2139 2140
f 2133 2137 2139
f 2133 2139 2135
f 2134 2140 2138
f 2134 2136 2140
f 2137 2138 2142
f 2137 2142 2141
f 2139 2144 2140
f 2139 2143 2144
f 2137 2141 2143
f 2137 2143 2139
f 2138 2144 2142
f 2138 2140 2144
f 2141 2142 2146
f 2141 2146 2145
f 2143 2148 2144
f 2143 2147 2148
f 2141 2145 2147
f 2141 2147 2143
f 2142 2148 2146
f 2142 2144 2148
f 2145 2146 2150
f 2145 2150 2149
f 2147 2152 2148
f 2147 2151 2152
f 2145 2149 2151
f 2145 2151 2147
f 2146 2152 2150
f 2146 2148 2152
f 2149 2150 2154
f 2149 2154 2153
f 2151 2156 2152
f 2151 2155 2156
f 2149 2153 2155
f 2149 2155 2151
f 2150 2156 2154
f 2150 2152 2156
f 2153 2154 2158
f 2153 2158 2157
f 2155 2160 2156
f 2155 2159 2160
f 2153 2157 2159
f 2153 2159 2155
f 2154 2160 2158
f 2154 2156 2160
f 2157 2158 2162
f 2157 2162 2161
f 2159 2164 2160
f 2159 2163 2164
f 2157 2161 2163
f 2157 2163 2159
f 2158 2164 2162
f 2158 2160 2164
f 2161 2162 2166
f 2161 2166 2165
f 2163 2168 2164
f 2163 2167 2168
f 2161 2165 2167
f 2161 2167 2163
f 2162 2168 2166
f 2162 2164 2168
f 2165 2166 2170
f 2165 2170 2169
f 2167 2172 2168
f 2167 2171 2172
f 2165 2169 2171
f 2165 2171 2167
f 2166 2172 2170
f 2166 2168 2172
f 2169 2170 2174
f 2169 2174 2173
f 2171 2176 2172
f 2171 2175 2176
f 2169 2173 2175
f 2169 2175 2171
f 2170 2176 2174
f 2170 2172 2176
f 2173 2174 2178
f 2173 2178 2177
f 2175 2180 2176
f 2175 2179 2180
f 2173 2177 2179
f 2173 2179 2175
f 2174 2180 2178
f 2174 2176 2180
f 2177 2178 2182
f 2177 2182 2181
f 2179 2184 2180
f 2179 2183 2184
f 2177 2181 2183
f 2177 2183 2179
f 2178 2184 2182
f 2178 2180 2184
f 2181 2182 2186
f 2181 2186 2185
f 2183 2188 2184
f 2183 2187 2188
f 2181 2185 2187
f 2181 2187 2183
f 2182 2188 2186
f 2182 2184 2188
f 2185 2186 2190
f 2185 2190 2189
f 2187 2192 2188
f 2187 2191 2192
f 2185 2189 2191
f 2185 2191 2187
f 2186 2192 2190
f 2186 2188 2192
f 2189 2190 2194
f 2189 2194 2193
f 2191 2196 2192
f 2191 2195 2196
f 2189 2193 2195
f 2189 2195 2191
f 2190 2196 2194
f 2190 2192 2196
f 2193 2194 2198
f 2193 2198 2197
f 2195 2200 2196
f 2195 2199 2200
f 2193 2197 2199
f 2193 2199 2195
f 2194 2200 2198
f 2194 2196 2200
f 2197 2198 2202
f 2197 2202 2201
f 2199 2204 2200
f 2199 2203 2204
f 2197 2201 2203
f 2197 2203 2199
f 2198 2204 2202
f 2198 2200 2204
f 2201 2202 2206
f 2201 2206 2205
f 2203 2208 2204
f 2203 2207 2208
f 2201 2205 2207
f 2201 2207 2203
f 2202 2208 2206
f 2202 2204 2208
f 2205 2206 2210
f 2205 2210 2209
f 2207 2212 2208
f 2207 2211 2212
f 2205 2209 2211
f 2205 2211 2207
f 2206 2212 2210
f 2206 2208 2212
f 2209 2210 2214
f 2209 2214 2213
f 2211 2216 2212
f 2211 2215 2216
f 2209 2213 2215
f 2209 2215 2211
f 2210 2216 2214
f 2210 2212 2216
f 2213 2214 2218
f 2213 2218 2217
f 2215 2220 2216
f 2215 2219 2220
f 2213 2217 2219
f 2213 2219 2215
f 2214 2220 2218
f 2214 2216 2220
f 2217 2218 2222
f 2217 2222 2221
f 2219 2224 2220
f 2219 2223 2224
f 2217 2221 2223
f 2217 2223 2219
f 2218 2224 2222
f 2218 2220 2224
f 2221 2222 2226
f 2221 2226 2225
f 2223 2228 2224
f 2223 2227 2228
f 2221 2225 2227
f 2221 2227 2223
f 2222 2228 2226
f 2222 2224 2228
f 2225 2226 2230
f 2225 2230 2229
f 2227 2232 2228
f 2227 2231 2232
f 2225 2229 2231
f 2225 2231 2227
f 2226 2232 2230
f 2226 2228 2232
f 2229 2230 2234
f 2229 2234 2233
f 2231 2236 2232
f 2231 2235 2236
f 2229 2233 2235
f 2229 2235 2231
f 2230 2236 2234
f 2230 2232 2236
f 2233 2234 2238
f 2233 2238 2237
f 2235 2240 2236
f 2235 2239 2240
f 2233 2237 2239
f 2233 2239 2235
f 2234 2240 2238
f 2234 2236 2240
f 2237 2238 2242
f 2237 2242 2241
f 2239 2244 2240
f 2239 2243 2244
f 2237 2241 2243
f 2237 2243 2239
f 2238 2244 2242
f 2238 2240 2244
f 2241 2242 2246
f 2241 2246 2245
f 2243 2248 2244
f 2243 2247 2248
f 2241 2245 2247
f 2241 2247 2243
f 2242 2248 2246
f 2242 2244 2248
f 2245 2246 2250
f 2245 2250 2249
f 2247 2252 2248
f 2247 2251 2252
f 2245 2249 2251
f 2245 2251 2247
f 2246 2252 2250
f 2246 2248 2252
f 2249 2250 2254
f 2249 2254 2253
f 2251 2256 2252
f 2251 2255 2256
f 2249 2253 2255
f 2249 2255 2251
f 2250 2256 2254
f 2250 2252 2256
f 2253 2254 2258
f 2253 2258 2257
f 2255 2260 2256
f 2255 2259 2260
f 2253 2257 2259
f 2253 2259 2255
f 2254 2260 2258
f 2254 2256 2260
f 2257 2258 2262
f 2257 2262 2261
f 2259 2264 2260
f 2259 2263 2264
f 2257 2261 2263
f 2257 2263 2259
f 2258 2264 2262
f 2258 2260 2264
f 2261 2262 2266
f 2261 2266 2265
f 2263 2268 2264
f 2263 2267 2268
f 2261 2265 2267
f 2261 2267 2263
f 2262 2268 2266
f 2262 2264 2268
f 2265 2266 2270
f 2265 2270 2269
f 2267 2272 2268
f 2267 2271 2272
f 2265 2269 2271
f 2265 2271 2267
f 2266 2272 2270
f 2266 2268 2272
f 2269 2270 2274
f 2269 2274 2273
f 2271 2276 2272
f 2271 2275 2276
f 2269 2273 2275
f 2269 2275 2271
f 2270 2276 2274
f 2270 2272 2276
f 2273 2274 2278
f 2273 2278 2277
f 2275 2280 2276
f 2275 2279 2280
f 2273 2277 2279
f 2273 2279 2275
f 2274 2280 2278
f 2274 2276 2280
f 2277 2278 2282
f 2277 2282 2281
f 2279 2284 2280
f 2279 2283 2284
f 2277 2281 2283
f 2277 2283 2279
f 2278 2284 2282
f 2278 2280 2284
f 2281 2282 2286
f 2281 2286 2285
f 2283 2288 2284
f 2283 2287 2288
f 2281 2285 2287
f 2281 2287 2283
f 2282 2288 2286
f 2282 2284 2288
f 2285 2286 2290
f 2285 2290 2289
f 2287 2292 2288
f 2287 2291 2292
f 2285 2289 2291
f 2285 2291 2287
f 2286 2292 2290
f 2286 2288 2292
f 2289 2290 2294
f 2289 2294 2293
f 2291 2296 2292
f 2291 2295 2296
f 2289 2293 2295
f 2289 2295 2291
f 2290 2296 2294
f 2290 2292 2296
f 2293 2294 2298
f 2293 2298 2297
f 2295 2300 2296
f 2295 2299 2300
f 2293 2297 2299
f 2293 2299 2295
f 2294 2300 2298
f 2294 2296 2300
f 2297 2298 2302
f 2297 2302 2301
f 2299 2304 2300
f 2299 2303 2304
f 2297 2301 2303
f 2297 2303 2299
f 2298 2304 2302
f 2298 2300 2304
f 2301 2302 2306
f 2301 2306 2305
f 2303 2308 2304
f 2303 2307 2308
f 2301 2305 2307
f 2301 2307 2303
f 2302 2308 2306
f 2302 2304 2308
f 2305 2306 2310
f 2305 2310 2309
f 2307 2312 2308
f 2307 2311 2312
f 2305 2309 2311
f 2305 2311 2307
f 2306 2312 2310
f 2306 2308 2312
f 2309 2310 2314
f 2309 2314 2313
f 2311 2316 2312
f 2311 2315 2316
f 2309 2313 2315
f 2309 2315 2311
f 2310 2316 2314
f 2310 2312 2316
f 2313 2314 2318
f 2313 2318 2317
f 2315 2320 2316
f 2315 2319 2320
f 2313 2317 2319
f 2313 2319 2315
f 2314 2320 2318
f 2314 2316 2320
f 2317 2318 2322
f 2317 2322 2321
f 2319 2324 2320
f 2319 2323 2324
f 2317 2321 2323
f 2317 2323 2319
f 2318 2324 2322
f 2318 2320 2324
f 2321 2322 2326
f 2321 2326 2325
f 2323 2328 2324
f 2323 2327 2328
f 2321 2325 2327
f 2321 2327 2323
f 2322 2328 2326
f 2322 2324 2328
f 2325 2326 2330
f 2325 2330 2329
f 2327 2332 2328
f 2327 2331 2332
f 2325 2329 2331
f 2325 2331 2327
f 2326 2332 2330
f 2326 2328 2332
f 2329 2330 2334
f 2329 2334 2333
f 2331 2336 2332
f 2331 2335 2336
f 2329 2333 2335
f 2329 2335 2331
f 2330 2336 2334
f 2330 2332 2336
f 2333 2334 2338
f 2333 2338 2337
f 2335 2340 2336
f 2335 2339 2340
f 2333 2337 2339
f 2333 2339 2335
f 2334 2340 2338
f 2334 2336 2340
f 2337 2338 2342
f 2337 2342 2341
f 2339 2344 2340
f 2339 2343 2344
f 2337 2341 2343
f 2337 2343 2339
f 2338 2344 2342
f 2338 2340 2344
f 2341 2342 2346
f 2341 2346 2345
f 2343 2348 2344
f 2343 2347 2348
f 2341 2345 2347
f 2341 2347 2343
f 2342 2348 2346
f 2342 2344 2348
f 2345 2346 2350
f 2345 2350 2349
f 2347 2352 2348
f 2347 2351 2352
f 2345 2349 2351
f 2345 2351 2347
f 2346 2352 2350
f 2346 2348 2352
f 2349 2350 2354
f 2349 2354 2353
f 2351 2356 2352
f 2351 2355 2356
f 2349 2353 2355
f 2349 2355 2351
f 2350 2356 2354
f 2350 2352 2356
f 2353 2354 2358
f 2353 2358 2357
f 2355 2360 2356
f 2355 2359 2360
f 2353 2357 2359
f 2353 2359 2355
f 2354 2360 2358
f 2354 2356 2360
f 2357 2358 2362
f 2357 2362 2361
f 2359 2364 2360
f 2359 2363 2364
f 2357 2361 2363
f 2357 2363 2359
f 2358 2364 2362
f 2358 2360 2364
f 2361 2362 2366
f 2361 2366 2365
f 2363 2368 2364
f 2363 2367 2368
f 2361 2365 2367
f 2361 2367 2363
f 2362 2368 2366
f 2362 2364 2368
f 2365 2366 2370
f 2365 2370 2369
f 2367 2372 2368
f 2367 2371 2372
f 2365 2369 2371
f 2365 2371 2367
f 2366 2372 2370
f 2366 2368 2372
f 2369 2370 2374
f 2369 2374 2373
f 2371 2376 2372
f 2371 2375 2376
f 2369 2373 2375
f 2369 2375 2371
f 2370 2376 2374
f 2370 2372 2376
f 2373 2374 2378
f 2373 2378 2377
f 2375 2380 2376
f 2375 2379 2380
f 2373 2377 2379
f 2373 2379 2375
f 2374 2380 2378
f 2374 2376 2380
f 2377 2378 2382
f 2377 2382 2381
f 2379 2384 2380
f 2379 2383 2384
f 2377 2381 2383
f 2377 2383 2379
f 2378 2384 2382
f 2378 2380 2384
f 2381 2382 2386
f 2381 2386 2385
f 2383 2388 2384
f 2383 2387 2388
f 2381 2385 2387
f 2381 2387 2383
f 2382 2388 2386
f 2382 2384 2388
f 2385 2386 2390
f 2385 2390 2389
f 2387 2392 2388
f 2387 2391 2392
f 2385 2389 2391
f 2385 2391 2387
f 2386 2392 2390
f 2386 2388 2392
f 2389 2390 2394
f 2389 2394 2393
f 2391 2396 2392
f 2391 2395 2396
f 2389 2393 2395
f 2389 2395 2391
f 2390 2396 2394
f 2390 2392 2396
f 2393 2394 2398
f 2393 2398 2397
f 2395 2400 2396
f 2395 2399 2400
f 2393 2397 2399
f 2393 2399 2395
f 2394 2400 2398
f 2394 2396 2400
f 2397 2398 2
f 2397 2 1
f 2399 4 2400
f 2399 3 4
f 2397 1 3
f 2397 3 2399
f 2398 4 2
f 2398 2400 4
