target_wp_relative_x,target_wp_relative_y,pos_x,pos_y,yaw_sin,yaw_cos,velocity,perp_error,heading_error,passed,kappa_local,mu_local,vmax_local,v_ratio,headroom,vmax_min_hH,vmax_mean_hH,vmax_slope_hH,limit_v_target,steer_angle,throttle,reward,reward_total,plan_x1,plan_y1,plan_x2,plan_y2,plan_x3,plan_y3
2.5,-6.644622629892183e-08,4.51398229598999,0.06053861975669861,0.34465789794921875,-0.9387283325195312,0.0,3.717856600360392e-08,-2.657849229592557e-08,0.0,0.8832024335861206,0.800000011920929,7.558594226837158,0.0,7.558594226837158,7.558594226837158,7.558594703674316,0.0,7.558594226837158,-6.003612520357819e-09,0.8,-0.003,-0.003,0.8749999776409819,-1.6653345369377348e-16,1.7499999552819638,-3.3306690738754696e-16,2.7483872260524445,0.023860484794007375
2.500009536743164,-6.323377732542212e-08,4.513991355895996,0.06053529679775238,0.34465789794921875,-0.9387283325195312,9.996796607971191,3.717856600360392e-08,-2.529341536217089e-08,0.0,0.8832024335861206,0.800000011920929,7.558594226837158,1.3223985433578491,-2.438202142715454,7.558594226837158,7.558594703674316,0.0,7.558594226837158,-1.1010641405865073e-08,0.0,0.07803931513207037,0.07503931513207036,0.8749999776409819,-1.6653345369377348e-16,1.7499999552819638,-3.3306690738754696e-16,2.748387680168163,0.023858556186341473
2.500019073486328,-3.903911860447806e-08,4.514000415802002,0.06053199619054794,0.34465789794921875,-0.9387283325195312,9.990646362304688,3.717856600360392e-08,-1.5615526649526146e-08,0.0,0.8832024335861206,0.800000011920929,7.558594226837158,1.321584939956665,-2.43205189704895,7.558594226837158,7.558594703674316,0.0,7.558594226837158,-1.3242543850057548e-08,0.0,0.07851537545345033,0.15355469058552068,0.8749999776409819,-1.6653345369377348e-16,1.7499999552819638,-3.3306690738754696e-16,2.748387666120107,0.023856519185548875
2.5000288486480713,-7.079783159724684e-08,4.514009475708008,0.0605287104845047,0.34465786814689636,-0.938728392124176,9.984509468078613,3.717856245089024e-08,-2.831880685505439e-08,0.0,0.8832024335861206,0.800000011920929,7.558594226837158,1.3207731246948242,-2.425915002822876,7.558594226837158,7.558594703674316,0.0,7.558594226837158,-1.808131617729278e-08,0.0,0.07898889420782046,0.23254358479334114,0.8749999776409816,-2.447924951631819e-08,1.7499999552819632,-4.895849903263638e-08,2.7483880798167664,0.023854625593333068
2.5000383853912354,2.418688325178664e-07,4.514018535614014,0.060525428503751755,0.3446579873561859,-0.9387283325195312,9.978377342224121,3.717856245089024e-08,9.674604228848693e-08,0.0,0.8832024335861206,0.800000011920929,7.558594226837158,1.3199620246887207,-2.419782876968384,7.558594226837158,7.558594703674316,0.0,7.558594226837158,5.899121190905183e-09,0.0,0.07946054033424478,0.3120041251275859,0.8749999673693709,9.834105413331073e-08,1.7499999347387418,1.9668210826662147e-07,2.748387818829689,0.02385286027873168
2.5000481605529785,2.1710438602440263e-07,4.5140275955200195,0.06052215024828911,0.3446579575538635,-0.9387283325195312,9.972247123718262,3.717855889817656e-08,8.684008179216107e-08,0.0,0.8832024335861206,0.800000011920929,7.558594226837158,1.3191510438919067,-2.4136526584625244,7.558594226837158,7.558594703674316,0.0,7.558594226837158,2.4820749441171873e-08,0.0,0.07993053634191365,0.39193466146949957,0.8749999673693731,7.386179379231805e-08,1.7499999347387463,1.477235875846361e-07,2.7483882325263926,0.023850966686509434
2.5000576972961426,2.6228175897813344e-07,4.514036655426025,0.06051887199282646,0.3446579575538635,-0.9387283325195312,9.966116905212402,3.717855889817656e-08,1.0491028490378085e-07,0.0,0.8832024335861206,0.800000011920929,7.558594226837158,1.3183401823043823,-2.407522439956665,7.558594226837158,7.558594703674316,0.0,7.558594226837158,4.55980432691934e-08,0.0,0.08039902916642477,0.47233369063592434,0.8749999673693731,7.386179379231805e-08,1.7499999347387463,1.477235875846361e-07,2.7483886455557816,0.02384914998400567
2.5000674724578857,3.7301168731573853e-07,4.514045715332031,0.060515593737363815,0.3446579873561859,-0.9387283325195312,9.959985733032227,3.717855889817656e-08,1.492006589387529e-07,0.0,0.8832024335861206,0.800000011920929,7.558594226837158,1.3175290822982788,-2.4013912677764893,7.558594226837158,7.558594703674316,0.0,7.558594226837158,7.393536312328019e-08,0.0,0.08086609134012596,0.5531997819760504,0.8749999570977628,1.2478084915334975e-07,1.7499999141955256,2.495616983066995e-07,2.748388610339337,0.023847240999385066
2.50007700920105,4.837421556658228e-07,4.514054775238037,0.06051231548190117,0.3446580171585083,-0.9387283325195312,9.953855514526367,3.717855889817656e-08,1.934909050760325e-07,0.0,0.8832024335861206,0.800000011920929,7.558594226837158,1.3167182207107544,-2.39526104927063,7.558594226837158,7.558594703674316,0.0,7.558594226837158,1.0894326562735636e-07,0.0,0.08133157756447225,0.6345313595405226,0.8749999468261501,1.7569991528354478e-07,1.7499998936523002,3.5139983056708957e-07,2.7483890432867564,0.02384544040797376
2.500086545944214,5.245299234957201e-07,4.514063835144043,0.06050903722643852,0.3446580171585083,-0.9387283325195312,9.947725296020508,3.717855889817656e-08,2.0980471049369953e-07,0.0,0.8832024335861206,0.800000011920929,7.558594226837158,1.3159072399139404,-2.3891308307647705,7.558594226837158,7.558594703674316,0.0,7.558594226837158,1.4351759102739972e-07,0.0,0.08179556060566227,0.7163269201461849,0.8749999468261506,1.7416343073284324e-07,1.7499998936523011,3.483268614656865e-07,2.7483889881943475,0.02384351048619293
2.500096321105957,5.653176913256175e-07,4.514072895050049,0.060505758970975876,0.3446579873561859,-0.9387283325195312,9.941593170166016,3.717856245089024e-08,2.261183595919647e-07,0.0,0.8832024335861206,0.800000011920929,7.558594226837158,1.315096139907837,-2.3829987049102783,7.558594226837158,7.558594703674316,0.0,7.558594226837158,1.7770931672252723e-07,0.0,0.08225818412518622,0.7985851042713712,0.8749999468261509,1.7262694540498558e-07,1.7499998936523018,3.4525389080997115e-07,2.748389421808912,0.02384163300501585
2.500105857849121,6.06105402312096e-07,4.514081954956055,0.06050248071551323,0.3446579873561859,-0.9387283325195312,9.93546199798584,3.717856245089024e-08,2.4243189500339213e-07,0.0,0.8832024335861206,0.800000011920929,7.558594226837158,1.3142850399017334,-2.3768675327301025,7.558594226837158,7.558594703674316,0.0,7.558594226837158,2.115634228012417e-07,0.0,0.0827192319292049,0.8813043362005761,0.8749999365545422,1.9906674331160445e-07,1.7500000969193572,4.803063573532995e-07,2.7483896110699804,0.023839729303532176
2.5001156330108643,6.468930564551556e-07,4.5140910148620605,0.06049920246005058,0.3446579873561859,-0.9387283325195312,9.929330825805664,3.717856245089024e-08,2.587452740954177e-07,0.0,0.8832024335861206,0.800000011920929,7.558594226837158,1.3134740591049194,-2.3707363605499268,7.558594226837158,7.558594703674316,0.0,7.558594226837158,2.451195975472016e-07,0.0,0.08317877608233148,0.9644831122829076,0.8749999262829338,2.2550654060760067e-07,1.7499998525658675,4.5101308121520134e-07,2.748389800331042,0.023837825602045504
2.5001251697540283,5.150148467691906e-07,4.514100074768066,0.060495924204587936,0.34465792775154114,-0.9387283325195312,9.923198699951172,3.717856600360392e-08,2.0599563299583679e-07,0.0,0.8832024335861206,0.800000011920929,7.558594226837158,1.3126628398895264,-2.3646042346954346,7.558594226837158,7.558594703674316,0.0,7.558594226837158,2.628127766724667e-07,0.0,0.0836368877136032,1.0481199999965107,0.8749999160113408,1.9151633234848475e-07,1.7499998320226815,3.830326646969695e-07,2.7483895436177095,0.023835567743148323
2.5001347064971924,5.558017619478051e-07,4.514109134674072,0.06049264594912529,0.34465792775154114,-0.9387283325195312,9.917068481445312,3.717856600360392e-08,2.2230871365991334e-07,0.0,0.8832024335861206,0.800000011920929,7.558594226837158,1.3118518590927124,-2.358474016189575,7.558594226837158,7.558594703674316,0.0,7.558594226837158,2.821092427594058e-07,0.0,0.08409335343591158,1.1322133534324224,0.8749999160113412,1.8997982875745834e-07,1.7499998320226824,3.7995965751491667e-07,2.748389956688905,0.023833746214449447
2.4982826709747314,1.1871223932757857e-06,4.512370586395264,0.06113135442137718,0.3446580171585083,-0.9387283325195312,0.7370795011520386,3.7178907064117084e-08,4.7517539769614814e-07,0.0,0.8832024335861206,0.800000011920929,7.558594226837158,0.09750252217054367,6.821515083312988,7.558594226837158,7.558594703674316,0.0,7.558594226837158,3.562536551726545e-07,0.7267720498847963,0.011741590023039105,1.1439549434554614,0.8749998749248776,3.936562628648055e-07,1.7499999736600256,8.69485403232062e-07,2.7483518400531515,0.024209011666539437
2.4948270320892334,-1.1747674761863891e-05,4.50912618637085,0.06232064589858055,0.344653844833374,-0.9387298226356506,2.0720832347869873,3.7179461287450977e-08,-4.708812866738299e-06,0.0,0.8832024335861206,0.800000011920929,7.558594226837158,0.27409979701042175,5.48651123046875,7.558594226837158,7.558594703674316,0.0,7.558594226837158,-7.492963051222576e-07,0.5937074517512322,0.0384416646952803,1.1823966081507418,0.875000080347595,-4.075710755002682e-06,1.7499999368845527,-8.233593387529936e-06,2.7482804503026865,0.024893688532301672
2.4902687072753906,8.764222911850084e-06,4.50484561920166,0.06388788670301437,0.3446631133556366,-0.9387264251708984,2.5641424655914307,3.7182161349846865e-08,3.5193886560591636e-06,0.0,0.8832024335861206,0.800000011920929,7.558594226837158,0.3391904830932617,4.994451999664307,7.558594226837158,7.558594703674316,0.0,7.558594226837158,1.3382398281660684e-07,0.5448572036767005,0.048282849311511014,1.2306794574622528,0.875000105226508,3.1202149857745276e-06,1.750000210453016,6.240429971549055e-06,2.748186298955485,0.02583860797893256
2.4845075607299805,-6.233616295503452e-05,4.499444007873535,0.06589119136333466,0.3446291387081146,-0.9387389421463013,3.1855530738830566,3.719656405110072e-08,-2.5089946575462818e-05,0.0,0.8832024335861206,0.800000011920929,7.558594226837158,0.4213920533657074,4.373041152954102,7.558594226837158,7.558594703674316,0.0,7.558594226837158,-5.549296184701148e-06,0.48304229429960255,0.06071106145760791,1.2913905189198607,0.8749999622243502,-2.19332033927766e-05,1.7499999449901975,-4.392235998529337e-05,2.7480680584947255,0.02692299494442274
2.4777793884277344,-0.00014939620450604707,4.493131637573242,0.06821981817483902,0.3445921540260315,-0.9387524724006653,3.6385443210601807,3.722974284414704e-08,-6.0294391005299985e-05,0.0,0.8832024335861206,0.800000011920929,7.558594226837158,0.4813147485256195,3.9200501441955566,7.558594226837158,7.558594703674316,0.0,7.558594226837158,-1.8515876965634187e-05,0.43803203639745714,0.06977088628892747,1.3611614052087881,0.8749998987522719,-5.2773499638947285e-05,1.7500000213205795,-0.00010546484210538498,2.7479094954707537,0.02828049968115509
2.470162868499756,-0.0002251188998343423,4.485983848571777,0.07085083425045013,0.34456080198287964,-0.9387639760971069,4.050614833831787,3.725932984366409e-08,-9.113524720305577e-05,0.0,0.8832024335861206,0.800000011920929,7.558594226837158,0.5358243584632874,3.50797963142395,7.558594226837158,7.558594703674316,0.0,7.558594226837158,-3.6923382435359645e-05,0.3970866724610329,0.07801229634020652,1.4391737015489947,0.8750000626974883,-7.969063559076783e-05,1.7500001253949766,-0.00015938127118153567,2.747718965112015,0.029892912744724387
2.461658239364624,-4.716061084764078e-05,4.477983474731445,0.0737357810139656,0.344647079706192,-0.9387323260307312,4.587155818939209,3.721386931943016e-08,-1.9158065697411075e-05,0.0,0.8832024335861206,0.800000011920929,7.558594226837158,0.6067991852760315,2.9714386463165283,7.558594226837158,7.558594703674316,0.0,7.558594226837158,-3.690692406289756e-05,0.3436695370602608,0.08874311636194787,1.5279168179109426,0.8749998861689049,-1.675125127365007e-05,1.7499997723378098,-3.350250254730014e-05,2.747502258050775,0.0319921123670176
2.4523749351501465,0.00018934803665615618,4.469259738922119,0.0769105851650238,0.3447476923465729,-0.9386953711509705,4.955957412719727,3.73561590549798e-08,7.721007568761706e-05,0.0,0.8832024335861206,0.800000011920929,7.558594226837158,0.6555851101875305,2.6026370525360107,7.558594226837158,7.558594703674316,0.0,7.558594226837158,-1.5124539994951575e-05,0.30699414833307265,0.0961191479589503,1.6240359658698929,0.8749998114412003,6.753744976040199e-05,1.7499998261362568,0.00013521304438124382,2.747246764081737,0.03440580321600106
2.442389488220215,0.0003896912094205618,4.459883213043213,0.0803438350558281,0.34482845664024353,-0.9386657476425171,5.277858257293701,3.743242871223629e-08,0.0001595532667124644,0.0,0.8832024335861206,0.800000011920929,7.558594226837158,0.6981668472290039,2.280736207962036,7.558594226837158,7.558594703674316,0.0,7.558594226837158,2.2695083282368973e-05,0.274986706430912,0.10255716380227674,1.7265931296721695,0.874999955434692,0.00013962579874199355,1.749999910869384,0.0002792515974839871,2.7469433376225734,0.03706201303108825
2.431892156600952,0.0005275618168525398,4.450029373168945,0.08396250754594803,0.3448821008205414,-0.9386460185050964,5.4858479499816895,3.742954035601542e-08,0.00021693469898309559,0.0,0.8832024335861206,0.800000011920929,7.558594226837158,0.7256801724433899,2.072746515274048,7.558594226837158,7.558594703674316,0.0,7.558594226837158,6.902679174421212e-05,0.2543510656666756,0.10671695641795735,1.8333100860901268,0.8749998843526499,0.00018981729691991411,1.7499997687052997,0.00037963459383982823,2.7466253828543796,0.03977302344275224
2.420884370803833,0.0006277983193285763,4.439695835113525,0.08775606006383896,0.34492215514183044,-0.9386312961578369,5.73863410949707,3.743743093309604e-08,0.0002593260142020881,0.0,0.8832024335861206,0.800000011920929,7.558594226837158,0.7591193318367004,1.819960355758667,7.558594226837158,7.558594703674316,0.0,7.558594226837158,0.00011948315798116939,0.2292232988381386,0.11177267833071103,1.945082764420838,0.8749999576936679,0.00022692497284804158,1.7499999153873358,0.00045384994569608317,2.746244890835767,0.04274860647056844
2.409743547439575,0.0005035715294070542,4.429237365722656,0.09159467369318008,0.3448754549026489,-0.9386484622955322,7.237185001373291,3.7452632994927626e-08,0.00020897306967526674,0.0,0.8832024335861206,0.800000011920929,7.558594226837158,0.9573509693145752,0.3214094638824463,7.558594226837158,7.558594703674316,0.0,7.558594226837158,0.00015262964200488485,0.07950389160394669,0.1417436968670057,2.0868264612878438,0.8749999085606046,0.00018285407039209112,1.7499998171212092,0.00036570814078418223,2.7458535184671833,0.04554257474917156
2.398186206817627,0.000597173348069191,4.418385028839111,0.0955694317817688,0.3449167013168335,-0.9386333227157593,5.883150100708008,3.7551416198766674e-08,0.00024901042343117297,0.0,0.8832024335861206,0.800000011920929,7.558594226837158,0.7782362103462219,1.6754443645477295,7.558594226837158,7.558594703674316,0.0,7.558594226837158,0.00019092026681145566,0.21495315057039263,0.11466299836624289,2.201489459654087,0.8749999011862342,0.00021785204545288206,1.7500000261600857,0.0004357863254552674,2.7454114561429366,0.0488080153588909
2.386152505874634,0.0006940074963495135,4.407090187072754,0.0997210443019867,0.34495437145233154,-0.9386194348335266,6.100390911102295,3.750958654791248e-08,0.0002908479073084891,0.0,0.8832024335861206,0.800000011920929,7.558594226837158,0.8069732785224915,1.4582035541534424,7.558594226837158,7.558594703674316,0.0,7.558594226837158,0.00023415646048651433,0.19335608052492143,0.11900781306157245,2.3204972727156594,0.8749998458450626,0.00025447871176009773,1.749999915474442,0.0005090396670517361,2.7449173906855644,0.05232447917464056
2.3738036155700684,0.0007662586867809296,4.395496845245361,0.10397464036941528,0.34498557448387146,-0.9386079907417297,6.359856605529785,3.754495025987126e-08,0.00032279783044941723,0.0,0.8832024335861206,0.800000011920929,7.558594226837158,0.8412960171699524,1.1987378597259521,7.558594226837158,7.558594703674316,0.0,7.558594226837158,0.00027952296604219625,0.16752348762750627,0.12419712548372441,2.444694398199384,0.8749999935305375,0.00028245084598704784,1.749999987061075,0.0005649016919740957,2.744386369339439,0.05598433512936196
2.3612723350524902,0.0009747997391968966,4.383734703063965,0.10829714685678482,0.34506872296333313,-0.93857741355896,7.445661544799805,3.7510240247229376e-08,0.00041282817255705595,0.0,0.8832024335861206,0.800000011920929,7.558594226837158,0.9849287271499634,0.11293291300535202,7.558594226837158,7.558594703674316,0.0,7.558594226837158,0.00033988848697628714,0.05904140230417252,0.14591321820657122,2.590607616405955,0.8749997569293545,0.0003612190878805599,1.7499997376330043,0.0007225204465555191,2.743794893441308,0.06001366506429173
2.3484854698181152,0.0009881089208647609,4.371732234954834,0.11270644515752792,0.3450753092765808,-0.9385749697685242,6.530540466308594,3.7491048487936496e-08,0.0004207430174574256,0.0,0.8832024335861206,0.800000011920929,7.558594226837158,0.8638744354248047,1.0280539989471436,7.558594226837158,7.558594703674316,0.0,7.558594226837158,0.000394940006285253,0.15058677046060562,0.12761079776550327,2.7182184141714583,0.8749999653815128,0.0003681811474254837,1.7499999307630256,0.0007363622948509674,2.7431739392531362,0.06396347465502472
2.335419178009033,0.0009743259870447218,4.359471321105957,0.1172226220369339,0.345066636800766,-0.938578188419342,6.691316604614258,3.7373055761236174e-08,0.0004171952896285802,0.0,0.8832024335861206,0.800000011920929,7.558594226837158,0.8851422667503357,0.8672778606414795,7.558594226837158,7.558594703674316,0.0,7.558594226837158,0.00044271350954844447,0.1345973242020607,0.130826320445921,2.849044734617379,0.874999910334611,0.0003650782715691747,1.749999820669222,0.0007301565431383494,2.7424826544018917,0.06814083484955569
2.3220975399017334,0.0009911240777000785,4.346969127655029,0.12182287871837616,0.3450719714164734,-0.9385762214660645,6.7761712074279785,3.7311298939357584e-08,0.0004268227203283459,0.0,0.8832024335861206,0.800000011920929,7.558594226837158,0.8963670134544373,0.7824232578277588,7.558594226837158,7.558594703674316,0.0,7.558594226837158,0.0004870412612835917,0.12619038492441179,0.13252341180389132,2.9815681464212704,0.8749999164510904,0.0003734797455743899,1.7499998329021809,0.0007469594911487798,2.7417498880394215,0.0725155462985887
2.3085458278656006,0.0009879943681880832,4.334247589111328,0.12649349868297577,0.3450731933116913,-0.938575804233551,6.934263229370117,3.731587483457588e-08,0.00042797261266969144,0.0,0.8832024335861206,0.800000011920929,7.558594226837158,0.9172797799110413,0.6243312358856201,7.558594226837158,7.558594703674316,0.0,7.558594226837158,0.0005264137232193747,0.11045461245775223,0.13568525188656735,3.1172533983078377,0.8749999365356013,0.0003745547394657933,1.7499998936391667,0.0007490535354555128,2.7409449587910317,0.0771125961886523
2.294769048690796,0.0009737653308548033,4.321319580078125,0.1312544345855713,0.34506434202194214,-0.9385790228843689,7.006538391113281,3.725168085111363e-08,0.0004243412986397743,0.0,0.8832024335861206,0.800000011920929,7.558594226837158,0.9268404841423035,0.552056074142456,7.558594226837158,7.558594703674316,0.0,7.558594226837158,0.0005603338866690071,0.10329104048967361,0.1371307552059048,3.2543841535137426,0.8750001156790634,0.00037136110097019115,1.7500000075834474,0.000742639932191369,2.7400883563388967,0.08187708085204182
2.280836582183838,0.0009641563519835472,4.308244228363037,0.13606518507003784,0.34505897760391235,-0.9385809898376465,7.1145782470703125,3.7227330551559135e-08,0.0004227204481139779,0.0,0.8832024335861206,0.800000011920929,7.558594226837158,0.9411322474479675,0.4440162181854248,7.558594226837158,7.558594703674316,0.0,7.558594226837158,0.0005898973192032587,0.0925466625905037,0.1392915522281832,3.393675705741926,0.875000074621674,0.0003699303638202145,1.750000149243348,0.000739860727640429,2.7391689612924086,0.08684400815490234
2.266725540161133,0.000927672372199595,4.295004367828369,0.1409466564655304,0.34503844380378723,-0.938588559627533,7.14157247543335,3.7227245286430843e-08,0.0004092565504834056,0.0,0.8832024335861206,0.800000011920929,7.558594226837158,0.9447031021118164,0.4170219898223877,7.558594226837158,7.558594703674316,0.0,7.558594226837158,0.0006129414475370827,0.08990036505937576,0.13983143754718144,3.5335071432891074,0.8749999346340271,0.0003580930075950395,1.7499998692680543,0.000716186015190079,2.7381808697331618,0.09198814159269741
2.2524209022521973,0.0008998652338050306,4.281580924987793,0.14589039981365204,0.3450232744216919,-0.9385941028594971,7.175890922546387,3.7275224684663044e-08,0.00039951023063622415,0.0,0.8832024335861206,0.800000011920929,7.558594226837158,0.9492428302764893,0.3827035427093506,7.558594226837158,7.558594703674316,0.0,7.558594226837158,0.0006310729826524732,0.08652002599954606,0.14051780699760144,3.674024950286709,0.8749999002402941,0.00034961138687672477,1.7499998004805881,0.0006992227737534495,2.7371384516426405,0.09731567179215495
2.2379820346832275,0.0008699744357727468,4.268035888671875,0.15089178085327148,0.3450019657611847,-0.9386019706726074,7.341261863708496,3.747155474798092e-08,0.0003887316270265728,0.0,0.8832024335861206,0.800000011920929,7.558594226837158,0.9711184501647949,0.2173326015472412,7.558594226837158,7.558594703674316,0.0,7.558594226837158,0.000644636700655777,0.07003237842798232,0.14382522618062202,3.817850176467331,0.8749999024853112,0.0003401287279357068,1.7500000287507675,0.0006803397107527642,2.7360046081682943,0.10288874326445652
2.223396062850952,0.0008431167807430029,4.254349708557129,0.15593543648719788,0.3449854850769043,-0.9386080503463745,7.358885765075684,3.768547074400885e-08,0.0003792022180277854,0.0,0.8832024335861206,0.800000011920929,7.558594226837158,0.9734498262405396,0.1997087001800537,7.558594226837158,7.558594703674316,0.0,7.558594226837158,0.0006544521630904489,0.06830951257944107,0.1441777047198539,3.962027881187185,0.8749998739624893,0.00033175219740405604,1.7499999717065697,0.0006635866457557205,2.734832295503873,0.10858663179889483
2.208707332611084,0.0008158113341778517,4.240571022033691,0.16102547943592072,0.3449636399745941,-0.9386160373687744,7.454879283905029,3.818503202523971e-08,0.0003693614562507719,0.0,0.8832024335861206,0.800000011920929,7.558594226837158,0.9861480593681335,0.10371517390012741,7.558594226837158,7.558594703674316,0.0,7.558594226837158,0.0006608900085257197,0.058748627550601965,0.14609757550756652,4.108125456694752,0.875000105685575,0.0003232145584167734,1.7499999670262099,0.0006464028169715919,2.733550987083607,0.11455266353812998
2.193889617919922,0.0007856629672460258,4.226668357849121,0.16615138947963715,0.34494417905807495,-0.9386231899261475,7.473084926605225,3.864760955707425e-08,0.00035811413545161486,0.0,0.8832024335861206,0.800000011920929,7.558594226837158,0.9885563254356384,0.0855095311999321,7.558594226837158,7.558594703674316,0.0,7.558594226837158,0.0006640298914261134,0.05696077052354813,0.14646168894819198,4.254587145642944,0.8750000836664774,0.00031344083011858315,1.749999964108018,0.0006267434728366439,2.732220065982126,0.12065301928996841
2.1790311336517334,0.0007639923132956028,4.212724685668945,0.1712845116853714,0.3449312746524811,-0.9386279582977295,7.524061679840088,3.900202116824403e-08,0.00035061099333688617,0.0,0.8832024335861206,0.800000011920929,7.558594226837158,0.9952996373176575,0.03453277796506882,7.558594226837158,7.558594703674316,0.0,7.558594226837158,0.0006651055476670181,0.05189471010446548,0.14748122434761815,4.402068369990562,0.87499990683837,0.0003067454348206211,1.7499997931172346,0.0006135468162266067,2.730811613488557,0.12694169594905713
2.164132833480835,0.0007350699743255973,4.198741912841797,0.1764266937971115,0.3449172079563141,-0.938633143901825,7.493618488311768,3.9252775252407446e-08,0.00033966024057008326,0.0,0.8832024335861206,0.800000011920929,7.558594226837158,0.9912725687026978,0.06497596949338913,7.558594226837158,7.558594703674316,0.0,7.558594226837158,0.0006635810803449729,0.05496758555650712,0.1468723611209168,4.548940731111478,0.8749998584296129,0.0002972364757905521,1.7499997374178933,0.0005944170046876529,2.7293251641968577,0.13339389707044247
2.1491715908050537,0.0007166318828240037,4.184699535369873,0.18158911168575287,0.344908207654953,-0.9386364221572876,7.503353118896484,3.9475388291521085e-08,0.00033344561234116554,0.0,0.8832024335861206,0.800000011920929,7.558594226837158,0.9925602674484253,0.05524133890867233,7.558594226837158,7.558594703674316,0.0,7.558594226837158,0.0006608321843250422,0.05402450538873673,0.14706705403525333,4.6960077851467315,0.8750000345058188,0.00029183550888800536,1.7500000895697685,0.0005836150706856058,2.727791625596187,0.13997090062279183
2.134150743484497,0.0007603138801641762,4.170602321624756,0.1867755800485611,0.34492480754852295,-0.9386303424835205,7.821600437164307,3.9835342136029794e-08,0.0003562606289051473,0.0,0.8832024335861206,0.800000011920929,7.558594226837158,1.0346587896347046,-0.26300597190856934,7.558594226837158,7.558594703674316,0.0,7.558594226837158,0.0006635601932720445,0.02222957237482071,0.15204855348257004,4.848056338629301,0.8749999327943688,0.0003117097874358321,1.7499998655887377,0.0006234195748716642,2.726133980033148,0.14687962954677847
2.119025468826294,0.0007224729051813483,4.156404495239258,0.19199061393737793,0.34490901231765747,-0.9386361241340637,7.533332347869873,3.9948307772874614e-08,0.0003409458149690181,0.0,0.8832024335861206,0.800000011920929,7.558594226837158,0.9965260028839111,0.02526211179792881,7.558594226837158,7.558594703674316,0.0,7.558594226837158,0.0006625079217182504,0.05106708527803421,0.147666638200347,4.995722976829648,0.8749999537691616,0.00029832934904289177,1.7499999075383232,0.0005966586980857835,2.7244288092490723,0.15381253609359213
2.1039133071899414,0.0006748323212377727,4.142212867736816,0.19718417525291443,0.3448966443538666,-0.9386406540870667,7.588197231292725,3.945961069007353e-08,0.00032075101626105607,0.0,0.8832024335861206,0.800000011920929,7.558594226837158,1.0037835836410522,-0.029602771624922752,7.558594226837158,7.558594703674316,0.0,7.558594226837158,0.0006570177943799991,0.04560859699487686,0.14874641006156916,5.144469386891217,0.8749999273078699,0.0002806765200266126,1.7499998340582972,0.0005614089873966499,2.722640924220936,0.1608904433029864
2.0887653827667236,0.0006854997482150793,4.127991676330566,0.20240099728107452,0.3449051082134247,-0.9386375546455383,7.864804267883301,3.936057169084961e-08,0.0003281841636635363,0.0,0.8832024335861206,0.800000011920929,7.558594226837158,1.0403738021850586,-0.3062098026275635,7.558594226837158,7.558594703674316,0.0,7.558594226837158,0.0006538525829050129,0.01797260150194168,0.15242078510214122,5.296890171993358,0.8749999397244332,0.00028712345957804253,1.7499998588909207,0.0005743028663146577,2.720764230402245,0.16820613112546046
2.0735743045806885,0.0006265025585889816,4.113731861114502,0.2076381891965866,0.34487950801849365,-0.9386469721794128,7.560530185699463,3.9443879273903804e-08,0.00030213649733923376,0.0,0.8832024335861206,0.800000011920929,7.558594226837158,1.0001237392425537,-0.0019357263809069991,7.558594226837158,7.558594703674316,0.0,7.558594226837158,0.0006451760465393837,0.04840812146425247,0.14821052185351438,5.4451006938468725,0.8750000247942374,0.0002644366858837732,1.7499998257975988,0.0005287911460865047,2.718843194308141,0.17553180492182652
2.058260440826416,0.0005827678833156824,4.099359035491943,0.21292351186275482,0.34485766291618347,-0.9386550188064575,7.6270952224731445,3.9738637269692845e-08,0.0002831360907293856,0.0,0.8832024335861206,0.800000011920929,7.558594226837158,1.0089291334152222,-0.06850076466798782,7.558594226837158,7.558594703674316,0.0,7.558594226837158,0.0006332284242879191,0.04177798597574234,0.14944805060705987,5.594548744453932,0.8749999369225067,0.0002477883071259068,1.7499998944001318,0.0004955206660545164,2.7167837228826945,0.1831510169703272
2.0429141521453857,0.0005330119165591896,4.084957122802734,0.2182244062423706,0.34483063220977783,-0.9386649131774902,7.693800926208496,4.0226950659416616e-08,0.0002609076618682593,0.0,0.8832024335861206,0.800000011920929,7.558594226837158,1.0177531242370605,-0.1352064609527588,7.558594226837158,7.558594703674316,0.0,7.558594226837158,0.0006176653913071536,0.0351297898888588,0.15051039625568577,5.745059140709618,0.875000108039063,0.00022835460008790998,1.7499999922829679,0.00045662698614978847,2.714668574430057,0.19086505438950718
2.0275323390960693,0.0005024629645049572,4.070517539978027,0.22352495789527893,0.34481823444366455,-0.9386695027351379,7.665369033813477,4.0239960696908383e-08,0.0002478199312463403,0.0,0.8832024335861206,0.800000011920929,7.558594226837158,1.0139920711517334,-0.10677457600831985,7.558594226837158,7.558594703674316,0.0,7.558594226837158,0.0006009770219287206,0.03799135107278824,0.15007935878050815,5.895138499490126,0.8749998358007889,0.00021685484198863403,1.7499996921543455,0.0004336537349163283,2.7124700840961786,0.1987540699379533
2.0120837688446045,0.0004610258329194039,4.056015968322754,0.22885046899318695,0.34479960799217224,-0.9386762976646423,7.680781841278076,4.0333137718562284e-08,0.0002291285345563665,0.0,0.8832024335861206,0.800000011920929,7.558594226837158,1.0160309076309204,-0.12218738347291946,7.558594226837158,7.558594703674316,0.0,7.558594226837158,0.0005820299308002426,0.03647014818429947,0.15031703653070463,6.045455536020831,0.8749999689766363,0.0002005238602965087,1.7499999379532727,0.0004010477205930174,2.7101586097937904,0.20683332812663746
1.996649980545044,0.00041004832019098103,4.041523456573486,0.23415814340114594,0.34478259086608887,-0.9386825561523438,7.682418346405029,3.991087993426845e-08,0.00020536813826765865,0.0,0.8832024335861206,0.800000011920929,7.558594226837158,1.0162473917007446,-0.12382388859987259,7.558594226837158,7.558594703674316,0.0,7.558594226837158,0.0005599448581538605,0.03632565076112747,0.15034171543622313,6.195797251457054,0.875000008818813,0.0001797405951203257,1.75000003818827,0.00035942524039966894,2.7077959924615347,0.2149817949105166
1.9811441898345947,0.00036879201070405543,4.026966094970703,0.23949790000915527,0.3447662591934204,-0.9386885762214661,7.680057525634766,3.978447793429041e-08,0.00018615100998431444,0.0,0.8832024335861206,0.800000011920929,7.558594226837158,1.0159350633621216,-0.12146306782960892,7.558594226837158,7.558594703674316,0.0,7.558594226837158,0.0005361172186182436,0.03658078773736954,0.1503060811922906,6.346103332649345,0.8750000985033545,0.00016289830327009813,1.750000176457038,0.0003258525567385595,2.7053193013411745,0.2233408801563339
1.9655992984771729,0.00030700390925630927,4.012373924255371,0.24485625326633453,0.3447372615337372,-0.9386991858482361,7.686866283416748,3.9854764821711797e-08,0.00015618844190612435,0.0,0.8832024335861206,0.800000011920929,7.558594226837158,1.0168358087539673,-0.12827181816101074,7.558594226837158,7.558594703674316,0.0,7.558594226837158,0.0005083248159836331,0.03591910850763321,0.15040824938315392,6.496511582032499,0.87499983599509,0.00013659359008932892,1.749999875245571,0.0002733253227811261,2.7027547033948323,0.23181957395996888
1.9500030279159546,0.0002587079652585089,3.9977290630340576,0.2502204477787018,0.34472039341926575,-0.9387053847312927,7.708695411682129,3.9476336866073325e-08,0.00013267055328469723,0.0,0.8832024335861206,0.800000011920929,7.558594226837158,1.0197234153747559,-0.1501009464263916,7.558594226837158,7.558594703674316,0.0,7.558594226837158,0.00047848983165525786,0.033754983704090115,0.15072329956296115,6.64723488159546,0.8750000673196192,0.00011610087475721897,1.7500001551861755,0.000232145798311989,2.7001207917867194,0.24043690313551846
1.934423565864563,0.00023490257444791496,3.983103036880493,0.2555866539478302,0.3447110950946808,-0.9387088418006897,7.940698146820068,3.939466708402506e-08,0.00012143285130150616,0.0,0.8832024335861206,0.800000011920929,7.558594226837158,1.0504132509231567,-0.38210368156433105,7.558594226837158,7.558594703674316,0.0,7.558594226837158,0.0004496264484285736,0.010572188465595244,0.15289389365214487,6.800128775247605,0.874999990652631,0.00010624347853033234,1.7499999607588803,0.0002125429084670616,2.6973636992969987,0.24925814253851786
1.9188405275344849,0.00018140800239052624,3.96846604347229,0.2609339654445648,0.34469762444496155,-0.938713788986206,7.692585468292236,3.8664676793587205e-08,9.454043174628168e-05,0.0,0.8832024335861206,0.800000011920929,7.558594226837158,1.0175923109054565,-0.13399100303649902,7.558594226837158,7.558594703674316,0.0,7.558594226837158,0.0004180842339103446,0.03538701442956924,0.1504926356225562,6.950621410870161,0.8749999450175454,8.275141277236386e-05,1.749999869489512,0.00016555877724588886,2.694537907624378,0.2581468391229238
1.9032342433929443,0.00013877719175070524,3.9538049697875977,0.2662826180458069,0.34469276666641235,-0.9387155771255493,7.715743064880371,3.794476555185611e-08,7.291650399565697e-05,0.0,0.8832024335861206,0.800000011920929,7.558594226837158,1.020655632019043,-0.1571485996246338,7.558594226837158,7.558594703674316,0.0,7.558594226837158,0.00038536840552197253,0.03308969964265823,0.1508209457414089,7.10144235661157,0.8750001433427579,6.385141031406416e-05,1.7500000423329962,0.00012767659127765896,2.6916399646757143,0.26716021404234325
1.8876749277114868,0.0001112312893383205,3.939199209213257,0.2716459333896637,0.34467899799346924,-0.9387205839157104,7.889842510223389,3.797325831556009e-08,5.892502667848021e-05,0.0,0.8832024335861206,0.800000011920929,7.558594226837158,1.0436859130859375,-0.33124804496765137,7.558594226837158,7.558594703674316,0.0,7.558594226837158,0.00035334106952284697,0.01569681052446365,0.15260234142559342,7.254044698037164,0.8749999490123427,5.155534459810873e-05,1.7500001423775893,0.00010313691496444122,2.688623934872217,0.2763332314122522
1.8720698356628418,4.076200639246963e-05,3.9245502948760986,0.27702435851097107,0.34464383125305176,-0.9387335181236267,7.7564697265625,3.798911762942225e-08,2.1773763364763e-05,0.0,0.8832024335861206,0.800000011920929,7.558594226837158,1.0260430574417114,-0.1978752613067627,7.558594226837158,7.558594703674316,0.0,7.558594226837158,0.0003166898408350883,0.029040698339939115,0.15134630022664575,7.405390998263809,0.8750000714294013,1.9136525201690624e-05,1.7499999395896624,3.813492803306229e-05,2.6855443594329986,0.2855536316216286
1.8564260005950928,-1.2816717571695335e-05,3.9098634719848633,0.2824120819568634,0.3446187973022461,-0.9387426972389221,7.681869029998779,3.792144553926846e-08,-6.903974281158298e-06,0.0,0.8832024335861206,0.800000011920929,7.558594226837158,1.0161747932434082,-0.12327457219362259,7.558594226837158,7.558594703674316,0.0,7.558594226837158,0.00027787272649945784,0.03651537981271744,0.1503334470544233,7.555724445318233,0.8749999958730721,-6.060184298328775e-06,1.7499999712052627,-1.2064415170764953e-05,2.682374318353083,0.29492942826524937
1.840740442276001,-9.191712888423353e-05,3.8951337337493896,0.2878037691116333,0.34458598494529724,-0.9387547373771667,7.948517322540283,3.767819123368099e-08,-4.9934868002310395e-05,0.0,0.8832024335861206,0.800000011920929,7.558594226837158,1.0514476299285889,-0.3899228572845459,7.558594226837158,7.558594703674316,0.0,7.558594226837158,0.00023390241205782324,0.009869638416767119,0.15292954584135593,7.708653991159588,0.8750000265117195,-4.365961752433867e-05,1.7499998292068624,-8.740139074814302e-05,2.679079361830887,0.30445249923547235
1.82504403591156,-0.00013557367492467165,3.880390167236328,0.2931895852088928,0.3445761203765869,-0.938758373260498,7.768067836761475,3.7409215281059005e-08,-7.428515527863055e-05,0.0,0.8832024335861206,0.800000011920929,7.558594226837158,1.02757728099823,-0.2094733715057373,7.558594226837158,7.558594703674316,0.0,7.558594226837158,0.000189604775975779,0.02791767595529556,0.15148377244147093,7.860137763601059,0.8749999201125964,-6.502648551154344e-05,1.7499998196868563,-0.00012999701666305263,2.6757103673462557,0.31412005160468504
1.809401512145996,-0.00017977746028918773,3.8657026290893555,0.29857125878334045,0.3445577919483185,-0.9387651085853577,7.730041980743408,3.735795672810127e-08,-9.935741400113329e-05,0.0,0.8832024335861206,0.800000011920929,7.558594226837158,1.0225471258163452,-0.1714475154876709,7.558594226837158,7.558594703674316,0.0,7.558594226837158,0.00014485524581410285,0.03173417748689651,0.15101295220537653,8.011150715806435,0.8749999230424207,-8.696242229916384e-05,1.7499998666220855,-0.00017398079935926347,2.672266886068362,0.32385811112563956
1.793749213218689,-0.00024530760128982365,3.851004123687744,0.3039517402648926,0.34453055262565613,-0.9387751221656799,7.903468132019043,3.733662978788743e-08,-0.00013675692025572062,0.0,0.8832024335861206,0.800000011920929,7.558594226837158,1.0454883575439453,-0.34487366676330566,7.558594226837158,7.558594703674316,0.0,7.558594226837158,9.692247935557218e-05,0.014407759840488431,0.15269060095273018,8.163841316759166,0.8750000538002439,-0.00011963890577226799,1.7500001076004879,-0.00023927781154453598,2.668713023239724,0.33370977496225573
1.778021216392517,-0.0002746052050497383,3.8362371921539307,0.3093652129173279,0.3445180356502533,-0.9387797117233276,7.689062595367432,3.735580378361192e-08,-0.00015444427845068276,0.0,0.8832024335861206,0.800000011920929,7.558594226837158,1.0171263217926025,-0.13046813011169434,7.558594226837158,7.558594703674316,0.0,7.558594226837158,5.063359842137452e-05,0.035854105417728425,0.1504408101695348,8.3142821269287,0.8749999412872526,-0.00013513859918112825,1.7500001063970267,-0.00027019505886038964,2.665070770452759,0.34373848567558485
1.7622344493865967,-0.0003064039919991046,3.821417808532715,0.31480666995048523,0.3444996178150177,-0.9387864470481873,7.791711330413818,3.735979348107321e-08,-0.00017387242405675352,0.0,0.8832024335861206,0.800000011920929,7.558594226837158,1.0307049751281738,-0.23311686515808105,7.558594226837158,7.558594703674316,0.0,7.558594226837158,5.401992757281924e-06,0.025607888157367704,0.1517473525731164,8.466029479501817,0.8750001109564101,-0.0001520880943422509,1.7499999775549093,-0.0003042023677606309,2.6613219780574133,0.35391060818063425
1.7464884519577026,-0.0003505178028717637,3.8066318035125732,0.32022061944007874,0.3444819450378418,-0.9387929439544678,7.953083515167236,3.7438859123994916e-08,-0.00020069860329385847,0.0,0.8832024335861206,0.800000011920929,7.558594226837158,1.0520516633987427,-0.394489049911499,7.558594226837158,7.558594703674316,0.0,7.558594226837158,-4.0567807438401344e-05,0.009483167002201077,0.15294923112770492,8.618978710629522,0.8749999044549132,-0.0001756214028048042,1.7500000122027823,-0.00035110471829447043,2.657473620939131,0.3641711471564638
1.7308062314987183,-0.00036532600643113256,3.7919065952301025,0.32561489939689636,0.3444784879684448,-0.9387941956520081,7.79523229598999,3.7555317078386e-08,-0.0002110727218678221,0.0,0.8832024335861206,0.800000011920929,7.558594226837158,1.0311707258224487,-0.23663783073425293,7.558594226837158,7.558594703674316,0.0,7.558594226837158,-8.347272510222313e-05,0.025271103909015654,0.1517846909314442,8.770763401560966,0.8750000021883624,-0.00018463756612990823,1.7499999017141326,-0.00036899534978340753,2.653568127237232,0.3745095374174361
1.7151042222976685,-0.00040837068809196353,3.7771594524383545,0.3310072720050812,0.34446465969085693,-0.938799262046814,7.8548479080200195,3.7880948156043814e-08,-0.00023810255515854806,0.0,0.8832024335861206,0.800000011920929,7.558594226837158,1.0390567779541016,-0.2962534427642822,7.558594226837158,7.558594703674316,0.0,7.558594226837158,-0.00012743556487492542,0.019321828768253325,0.15234162883497718,8.923105030395943,0.8749999085223356,-0.0002083712606970045,1.7499979384023852,-0.00023235762078366307,2.649566654706215,0.3849307344925882
1.699343204498291,-0.0004047405964229256,3.762359142303467,0.3364256024360657,0.3444729745388031,-0.9387962222099304,7.83515739440918,3.821490679456474e-08,-0.00023817471810616553,0.0,0.8832024335861206,0.800000011920929,7.558594226837158,1.036452054977417,-0.2765629291534424,7.558594226837158,7.558594703674316,0.0,7.558594226837158,-0.00016624260556096467,0.021299589254856106,0.15217339973036909,9.075278430126312,0.8749999634401956,-0.00020835998037765924,1.7499933704598023,0.00014308269131169116,2.645432964163738,0.39557862980664615
1.6835057735443115,-0.00042469106847420335,3.7474887371063232,0.3418750762939453,0.3444654941558838,-0.9387989640235901,7.836688041687012,3.849052632176608e-08,-0.00025226589059457183,0.0,0.8832024335861206,0.800000011920929,7.558594226837158,1.0366545915603638,-0.2780935764312744,7.558594226837158,7.558594703674316,0.0,7.558594226837158,-0.0002036670570784833,0.021156415083408354,0.1521870324494676,9.227465462575779,0.8749999163297094,-0.00022076037204943333,1.7499788893670478,0.0007825068592410833,2.641216434341982,0.406314396521693
1.6677212715148926,-0.00044435716699808836,3.7326695919036865,0.347310334444046,0.3444555699825287,-0.9388025999069214,7.828707218170166,3.8674301094943075e-08,-0.0002664456842467189,0.0,0.8832024335861206,0.800000011920929,7.558594226837158,1.035598874092102,-0.2701127529144287,7.558594226837158,7.558594703674316,0.0,7.558594226837158,-0.00023989160180071896,0.021964296152591704,0.15211491824380824,9.379580380819588,0.8750000349317777,-0.00023309123670922638,1.7499601325797691,0.001527418595389074,2.6369215470906155,0.4171122864028937
1.6520438194274902,-0.00046049387310631573,3.717951774597168,0.3527112901210785,0.34444597363471985,-0.9388061761856079,8.043697357177734,3.8786257761103116e-08,-0.00027874193619936705,0.0,0.8832024335861206,0.800000011920929,7.558594226837158,1.0640381574630737,-0.48510289192199707,7.558594226837158,7.558594703674316,0.0,7.558594226837158,-0.00027463193579697545,0.00047555981874465667,0.15316743995251325,9.532747820772101,0.8749999358663239,-0.00024387328281733067,1.7499213327850518,0.0026106293512014878,2.6325458857799835,0.42795567098030013
1.6363425254821777,-0.0005028410232625902,3.7032084465026855,0.35811159014701843,0.3444265127182007,-0.9388132691383362,7.858569622039795,3.9237729509977726e-08,-0.000307295675156638,0.0,0.8832024335861206,0.800000011920929,7.558594226837158,1.0395491123199463,-0.2999751567840576,7.558594226837158,7.558594703674316,0.0,7.558594226837158,-0.0003117349586344907,0.018985711491107938,0.15237168026535944,9.68511950103746,0.8749999094979355,-0.0002688663735768704,1.7498726860233456,0.0037925177030766477,2.6280999716774653,0.4388488816669422
1.6206599473953247,-0.0005393571918830276,3.6884825229644775,0.3635052740573883,0.3444101810455322,-0.9388192892074585,7.707885265350342,3.9770092996604944e-08,-0.0003328009624965489,0.0,0.8832024335861206,0.800000011920929,7.558594226837158,1.0196162462234497,-0.1492908000946045,7.558594226837158,7.558594703674316,0.0,7.558594226837158,-0.0003502341083271273,0.034062632982730864,0.15071194048641756,9.835831441523878,0.8749999655571149,-0.0002911691953363382,1.7498047758129838,0.005212129028236201,2.6235704909833775,0.449827815371832
1.60495126247406,-0.0005660979659296572,3.673734426498413,0.3689141571521759,0.34439536929130554,-0.9388247132301331,8.136876106262207,4.007065257383147e-08,-0.00035271974047645926,0.0,0.8832024335861206,0.800000011920929,7.558594226837158,1.0763641595840454,-0.5782816410064697,7.558594226837158,7.558594703674316,0.0,7.558594226837158,-0.00038870324404439787,0.0,0.15304931336063046,9.988880754884509,0.874999808455835,-0.0003087060662598784,1.749713141900242,0.006869652860675091,2.618920669727985,0.46094851905867124
1.5892542600631714,-0.0006161460769362748,3.6589932441711426,0.3743079602718353,0.3443734645843506,-0.9388327598571777,7.95196008682251,4.0994837746666235e-08,-0.00038769509410485625,0.0,0.8832024335861206,0.800000011920929,7.558594226837158,1.0519030094146729,-0.39336562156677246,7.558594226837158,7.558594703674316,0.0,7.558594226837158,-0.0004305469124470036,0.009672677719593046,0.15294445578801877,10.141825210672527,0.8749999309959815,-0.0003391729697230228,1.7496083291861164,0.008628420121612024,2.6142097221772613,0.4720967687393175
1.573674201965332,-0.0006343454588204622,3.6443674564361572,0.37967681884765625,0.3443603813648224,-0.9388375282287598,7.7724385261535645,4.1126664740431806e-08,-0.000403098325477913,0.0,0.8832024335861206,0.800000011920929,7.558594226837158,1.0281554460525513,-0.21384406089782715,7.558594226837158,7.558594703674316,0.0,7.558594226837158,-0.0004709471139102349,0.02762771618127823,0.15153417020676882,10.293359380879297,0.8749998992849782,-0.000352675869581931,1.7494630758139371,0.010729872480266578,2.6094491224441483,0.4832813252739672
1.5580534934997559,-0.0006834261585026979,3.629701614379883,0.38505417108535767,0.3443319499492645,-0.9388479590415955,7.873549938201904,4.1598728017788744e-08,-0.00043864097096957266,0.0,0.8832024335861206,0.800000011920929,7.558594226837158,1.041530728340149,-0.314955472946167,7.558594226837158,7.558594703674316,0.0,7.558594226837158,-0.0005146227988871635,0.01753022866487503,0.15248704161243815,10.445846422491735,0.8749997990388303,-0.00038379029302409995,1.7493031393014773,0.012902669991209703,2.604569035190479,0.4945567554809047
1.542389154434204,-0.000699673022609204,3.6149933338165283,0.39044296741485596,0.3443252742290497,-0.9388504028320312,7.692505836486816,4.2355825513595846e-08,-0.00045362935634329915,0.0,0.8832024335861206,0.800000011920929,7.558594226837158,1.017581820487976,-0.1339113712310791,7.558594226837158,7.558594703674316,0.0,7.558594226837158,-0.0005565457755386438,0.035642225840091704,0.15049145451615015,10.596337877007885,0.8750000187799133,-0.00039685576169512515,1.7491029742945567,0.015381263706966797,2.5995965248474495,0.5059837778094665
1.526705265045166,-0.0007127212593331933,3.6002674102783203,0.39584028720855713,0.344319224357605,-0.9388526082038879,8.177875518798828,4.305829648387771e-08,-0.0004668361507356167,0.0,0.8832024335861206,0.800000011920929,7.558594226837158,1.0817875862121582,-0.6192810535430908,7.558594226837158,7.558594703674316,0.0,7.558594226837158,-0.0005965198181565402,0.0,0.1528873061819685,10.749225183189854,0.8749999308152123,-0.00040848106762431113,1.748871585708636,0.01804666417677081,2.59454400402302,0.5174980365080202
1.5110747814178467,-0.0007641134434379637,3.585592269897461,0.40122103691101074,0.34428805112838745,-0.9388640522956848,7.744194507598877,4.3677427896682275e-08,-0.0005056754453107715,0.0,0.8832024335861206,0.800000011920929,7.558594226837158,1.0244193077087402,-0.18560004234313965,7.558594226837158,7.558594703674316,0.0,7.558594226837158,-0.0006405641297004118,0.03049180837869644,0.15119492106510313,10.900420104254957,0.8749999299962364,-0.000442427681093982,1.7486146780925262,0.02081329212482652,2.589401962933198,0.5290156423126942
1.4954261779785156,-0.0008010831661522388,3.5708985328674316,0.40660372376441956,0.34426814317703247,-0.9388713836669922,7.758999824523926,4.470753722785048e-08,-0.000535688828676939,0.0,0.8832024335861206,0.800000011920929,7.558594226837158,1.02637779712677,-0.20040535926818848,7.558594226837158,7.558594703674316,0.0,7.558594226837158,-0.0006862062513178374,0.029026625015735625,0.15137672615337372,11.05179683040833,0.874999971829531,-0.00046873581391437824,1.7483028433840624,0.023879283458394962,2.5841810368068447,0.5406332642376351
1.4797554016113281,-0.0008042050758376718,3.556185722351074,0.41199854016304016,0.34426623582839966,-0.9388720989227295,7.961276054382324,4.542397036289003e-08,-0.0005434715421870351,0.0,0.8832024335861206,0.800000011920929,7.558594226837158,1.0531353950500488,-0.4026815891265869,7.558594226837158,7.558594703674316,0.0,7.558594226837158,-0.0007282366887234019,0.008813462040424346,0.15298244448841494,11.204779274896746,0.8749997806678871,-0.0004755364953352714,1.7479687366518375,0.02709215025249656,2.578875094163451,0.5523822911353236
1.464115023612976,-0.000808375421911478,3.541501522064209,0.4173833131790161,0.34426334500312805,-0.9388731122016907,7.736596584320068,4.615047899392266e-08,-0.0005521255661733449,0.0,0.8832024335861206,0.800000011920929,7.558594226837158,1.0234142541885376,-0.17800211906433105,7.558594226837158,7.558594703674316,0.0,7.558594226837158,-0.0007672771533871126,0.03128373248338699,0.15109821131656717,11.355877486213313,0.8749997820422161,-0.0004830868443647107,1.747576686934861,0.03056729314589668,2.573460174539236,0.5642108209206017
1.4484686851501465,-0.0008016351494006813,3.5268161296844482,0.4227822721004486,0.3442590832710266,-0.9388746619224548,7.9178314208984375,4.573923817474679e-08,-0.0005534362280741334,0.0,0.8832024335861206,0.800000011920929,7.558594226837158,1.0473884344100952,-0.3592369556427002,7.558594226837158,7.558594703674316,0.0,7.558594226837158,-0.0008020206782931136,0.013176053030490874,0.15277557693437177,11.508653063147685,0.8749997826320829,-0.0004842839733734672,1.7471474554184594,0.03420972533724864,2.567974007324717,0.5761133305748808
1.4327882528305054,-0.000811705132946372,3.5120949745178223,0.42818236351013184,0.3442510962486267,-0.9388776421546936,7.822300434112549,4.6346151805209956e-08,-0.00056652125203982,0.0,0.8832024335861206,0.800000011920929,7.558594226837158,1.034751296043396,-0.2637059688568115,7.558594226837158,7.558594703674316,0.0,7.558594226837158,-0.0008356324057398515,0.022734081823825837,0.15205516430175414,11.660708227449438,0.8749999622058947,-0.000495690895626566,1.7466783733987965,0.03800460485076829,2.5624111856492364,0.5880773721453365
1.4170440435409546,-0.0007913940935395658,3.497313976287842,0.43360504508018494,0.34426265954971313,-0.9388733506202698,7.813291549682617,4.69326408847337e-08,-0.0005584823084063828,0.0,0.8832024335861206,0.800000011920929,7.558594226837158,1.0335595607757568,-0.2546970844268799,7.558594226837158,7.558594703674316,0.0,7.558594226837158,-0.0008634739527905819,0.023645632240772242,0.1519683920985093,11.812676619547947,0.8749998255748503,-0.0004886810052440738,1.746139359498565,0.04210990137476889,2.5567071705489144,0.6002329849377026
1.4013391733169556,-0.0007671134080737829,3.482570171356201,0.43901440501213074,0.34427693486213684,-0.9388681650161743,7.838195323944092,4.7518920354150396e-08,-0.0005474144709296525,0.0,0.8832024335861206,0.800000011920929,7.558594226837158,1.0368539094924927,-0.2796008586883545,7.558594226837158,7.558594703674316,0.0,7.558594226837158,-0.0008855399978463605,0.02116645732164383,0.15220034752067427,11.964876967068621,0.8749998833585352,-0.0004789700424123744,1.745572290141333,0.04631688664565048,2.550933630130253,0.6124329806048122
1.3857264518737793,-0.0007417763699777424,3.4679133892059326,0.4443936049938202,0.34429115056991577,-0.9388629198074341,8.061841011047363,4.7958611304466103e-08,-0.0005352977896109223,0.0,0.8832024335861206,0.800000011920929,7.558594226837158,1.0664383172988892,-0.503246545791626,7.558594226837158,7.558594703674316,0.0,7.558594226837158,-0.0009022730916471004,0.0,0.15317165060389012,12.11804861767251,0.8749998365124401,-0.0004683516375617591,1.7449364646310743,0.05075553802542132,2.545127853077048,0.6246164491231125
1.3701103925704956,-0.0007168635493144393,3.4532527923583984,0.4497724175453186,0.3443065583705902,-0.9388572573661804,8.010538101196289,4.8599488877698604e-08,-0.0005232158582657576,0.0,0.8832024335861206,0.800000011920929,7.558594226837158,1.0596518516540527,-0.45194363594055176,7.558594226837158,7.558594703674316,0.0,7.558594226837158,-0.0009143084996374855,0.003941887876987455,0.15312567478327613,12.271174292455786,0.8749999459420708,-0.00045774864352904343,1.7442541025296565,0.055346598267833946,2.539230706148162,0.636875089762211
1.354567050933838,-0.0006884378381073475,3.43866229057312,0.4551309049129486,0.34432122111320496,-0.9388518929481506,7.703231334686279,4.870515368793349e-08,-0.0005082345451228321,0.0,0.8832024335861206,0.800000011920929,7.558594226837158,1.0190006494522095,-0.144636869430542,7.558594226837158,7.558594703674316,0.0,7.558594226837158,-0.000921543968749711,0.034671932241916656,0.15064620893675906,12.421820501392546,0.8749999241213107,-0.00044468339614756047,1.743529823405155,0.060067632559236306,2.5332696946943116,0.6491522820578313
1.339019775390625,-0.0006601483328267932,3.4240682125091553,0.46049100160598755,0.3443359434604645,-0.9388465285301208,8.103607177734375,4.8782588635276625e-08,-0.0004930086433887482,0.0,0.8832024335861206,0.800000011920929,7.558594226837158,1.0719631910324097,-0.5450127124786377,7.558594226837158,7.558594703674316,0.0,7.558594226837158,-0.0009244889394634519,0.0,0.15313134152534724,12.574951842917892,0.8749998200324628,-0.000431348378996832,1.7427246479603136,0.06503624220703785,2.527243610419785,0.6614817652118693
1.3235061168670654,-0.000626441091299057,3.4095067977905273,0.46584251523017883,0.3443526029586792,-0.938840389251709,8.137701034545898,4.8500417904051574e-08,-0.0004733193782158196,0.0,0.8832024335861206,0.800000011920929,7.558594226837158,1.0764732360839844,-0.5791065692901611,7.558594226837158,7.558594703674316,0.0,7.558594226837158,-0.000922639994083159,0.0,0.15304670856523414,12.727998551483127,0.8749997313070306,-0.00041418079961430543,1.741887653949841,0.07009918217536859,2.5211558601927475,0.6738493710317726
1.308095097541809,-0.0005899116513319314,3.3950417041778564,0.4711586534976959,0.3443717062473297,-0.9388334155082703,7.699551105499268,4.82148827529727e-08,-0.0004509699938353151,0.0,0.8832024335861206,0.800000011920929,7.558594226837158,1.018513798713684,-0.14095664024353027,7.558594226837158,7.558594703674316,0.0,7.558594226837158,-0.0009159602459709933,0.03505776128053665,0.15059362961826223,12.87859218110139,0.8749998568533539,-0.00039461935824980365,1.7409753519958175,0.07536434265353414,2.515005877024352,0.6862179811751765
1.2926794290542603,-0.000553858932107687,3.3805723190307617,0.47647643089294434,0.344390869140625,-0.9388263821601868,8.099925994873047,4.7920128309897336e-08,-0.0004284580354578793,0.0,0.8832024335861206,0.800000011920929,7.558594226837158,1.0714762210845947,-0.5413315296173096,7.558594226837158,7.558594703674316,0.0,7.558594226837158,-0.0009049813036929743,0.0,0.15313770336622046,13.031729884467609,0.8749999306736258,-0.0003748574157872442,1.7400089805010062,0.08077534695895627,2.5087934158125207,0.6986348735167145
1.2771790027618408,-0.000519060471560806,3.366023540496826,0.4818238914012909,0.34440919756889343,-0.9388196468353271,7.635237216949463,4.756864058208521e-08,-0.00040641165105625987,0.0,0.8832024335861206,0.800000011920929,7.558594226837158,1.0100061893463135,-0.07664275914430618,7.558594226837158,7.558594703674316,0.0,7.558594226837158,-0.0008903141116183478,0.04150717706918716,0.1495872487691682,13.181317133236776,0.8749999010902239,-0.0003556021532036824,1.738987462872673,0.08634818051762588,2.502486229350338,0.7111631550041805
1.2616534233093262,-0.0004969068104401231,3.3514459133148193,0.48716601729393005,0.3444296717643738,-0.9388121366500854,8.005385398864746,4.893154681440137e-08,-0.0003938536101486534,0.0,0.8832024335861206,0.800000011920929,7.558594226837158,1.0589702129364014,-0.4467909336090088,7.558594226837158,7.558594703674316,0.0,7.558594226837158,-0.0008745358368196139,0.0045142446446418735,0.1531152485312522,13.334432381768028,0.8750000742984988,-0.0003445751079361181,1.737870971586666,0.092156373259421,2.4960612691004354,0.7237794982585176
1.246119499206543,-0.00045793718891218305,3.3368594646453857,0.49250832200050354,0.3444655239582062,-0.9387989640235901,7.832955360412598,5.078963027926875e-08,-0.00036749057471752167,0.0,0.8832024335861206,0.800000011920929,7.558594226837158,1.0361608266830444,-0.27436089515686035,7.558594226837158,7.558594703674316,0.0,7.558594226837158,-0.0008546588872306114,0.021756925365924835,0.1521536159975629,13.48658599776559,0.8750000555470266,-0.00032147977114821424,1.736712461720188,0.0980899051212103,2.489558504093489,0.7364845682481569
1.2306984663009644,-0.0004055751778651029,3.3223843574523926,0.49782609939575195,0.34450075030326843,-0.9387860298156738,7.944611549377441,5.073614417483441e-08,-0.00032954878406599164,0.0,0.8832024335861206,0.800000011920929,7.558594226837158,1.0509309768676758,-0.3860170841217041,7.558594226837158,7.558594703674316,0.0,7.558594226837158,-0.0008285500234081157,0.010601329147815702,0.15291203489348662,13.639498032659077,0.8749999540656794,-0.00028831541480123235,1.7354773012308349,0.10419931317390224,2.483043405706131,0.7491534106219366
1.2153164148330688,-0.0003557928139343858,3.3079466819763184,0.5031328797340393,0.34453293681144714,-0.9387742280960083,7.745638370513916,5.033977856783167e-08,-0.00029275735141709447,0.0,0.8832024335861206,0.800000011920929,7.558594226837158,1.0246102809906006,-0.1870439052581787,7.558594226837158,7.558594703674316,0.0,7.558594226837158,-0.0007972022594219881,0.030501970341205595,0.15121305053805897,13.790711083197136,0.8749999161427766,-0.0002561297760675929,1.7341793367050398,0.11044092960282714,2.4764591567501477,0.7618457391774922
1.199926733970642,-0.00030714250169694424,3.293501853942871,0.5084421038627625,0.34456515312194824,-0.9387624263763428,8.096854209899902,4.996245550614731e-08,-0.00025596769410185516,0.0,0.8832024335861206,0.800000011920929,7.558594226837158,1.0710699558258057,-0.538259744644165,7.558594226837158,7.558594703674316,0.0,7.558594226837158,-0.0007612323370904971,0.0,0.15314260270564878,13.943853685902784,0.8749998975964571,-0.00022393269907938773,1.7328333579933632,0.11679319195544874,2.469799077093735,0.7745938076752479
1.1845067739486694,-0.0002596623671706766,3.2790284156799316,0.5137616395950317,0.3445974588394165,-0.9387505650520325,8.087040901184082,4.9605830554355634e-08,-0.00021921559527982026,0.0,0.8832024335861206,0.800000011920929,7.558594226837158,1.0697717666625977,-0.5284464359283447,7.558594226837158,7.558594703674316,0.0,7.558594226837158,-0.0007211925229601304,0.0,0.1531556963848491,14.097009382287633,0.874999918960536,-0.0001917989328333869,1.7313752356553471,0.1233954454104732,2.4630682235992625,0.7874052485715953
1.1691704988479614,-0.00021373637719079852,3.2646336555480957,0.5190524458885193,0.3446292281150818,-0.9387388825416565,7.725722789764404,4.922457463862884e-08,-0.00018281028314959258,0.0,0.8832024335861206,0.800000011920929,7.558594226837158,1.0219758749008179,-0.167128324508667,7.558594226837158,7.558594703674316,0.0,7.558594226837158,-0.0006776399577022486,0.032508790113925934,0.15095581408245995,14.247965196370092,0.8749998568958929,-0.00015991939930343202,1.72988207057901,0.13005059771259386,2.4563028118229653,0.8001943600145501
1.1538933515548706,-0.00017422772361896932,3.2503013610839844,0.5243416428565979,0.3446403443813324,-0.9387348294258118,8.090371131896973,4.639350237312101e-08,-0.00015099118172656745,0.0,0.8832024335861206,0.800000011920929,7.558594226837158,1.0702123641967773,-0.5317766666412354,7.558594226837158,7.558594703674316,0.0,7.558594226837158,-0.0006320238521296807,0.0,0.15315168725836947,14.401116883628461,0.8749998254700441,-0.00013217457563591273,1.7283152620668616,0.13683297072063805,2.4494991714436773,0.8129544001984388
1.1386210918426514,-0.00013501911598723382,3.2359726428985596,0.5296266674995422,0.3446537256240845,-0.9387298822402954,8.073141098022461,4.4168025681301515e-08,-0.0001185812579933554,0.0,0.8832024335861206,0.800000011920929,7.558594226837158,1.0679330825805664,-0.5145466327667236,7.558594226837158,7.558594703674316,0.0,7.558594226837158,-0.0005844535178893156,0.0,0.1531676511723116,14.554284534800773,0.8750000629796315,-0.00010374470348978315,1.726669366202608,0.14377227910061946,2.442642591981164,0.825748815639432
1.1234087944030762,-9.817166574066505e-05,3.221691131591797,0.5348663330078125,0.34468749165534973,-0.9387174844741821,7.647257328033447,4.473464088050605e-08,-8.73873068485409e-05,0.0,0.8832024335861206,0.800000011920929,7.558594226837158,1.0115962028503418,-0.08866287022829056,7.558594226837158,7.558594703674316,0.0,7.558594226837158,-0.0005354335315842132,0.040371792919635774,0.1497879230664081,14.70407245786718,0.8750000587214307,-7.641347219761174e-05,1.724983481267631,0.15078065388089568,2.4357388919373753,0.8385560832067052
1.1081825494766235,-6.051191667211242e-05,3.2073965072631836,0.5401105284690857,0.34472307562828064,-0.9387044310569763,8.129894256591797,4.537049136388305e-08,-5.460465035866946e-05,0.0,0.8832024335861206,0.800000011920929,7.558594226837158,1.075440526008606,-0.5712997913360596,7.558594226837158,7.558594703674316,0.0,7.558594226837158,-0.0004847755780392635,0.0,0.15307021040947646,14.857142668276657,0.8750001770062069,-4.77011745904643e-05,1.7231758420425156,0.1580261806260092,2.428737707262926,0.8514365253595951
1.0929354429244995,-2.473822132742498e-05,3.1930840015411377,0.545366644859314,0.3447537124156952,-0.9386931657791138,7.613576412200928,4.546770071556239e-08,-2.2634660126641393e-05,0.0,0.8832024335861206,0.800000011920929,7.558594226837158,1.007140874862671,-0.05498195439577103,7.558594226837158,7.558594703674316,0.0,7.558594226837158,-0.0004328559273250145,0.04376104906320572,0.14921106739086457,15.00635373566752,0.8750001392356892,-1.9717734973834222e-05,1.7213187431143755,0.16536416661240366,2.421680039034569,0.8643586452598219
1.0776821374893188,1.036792582453927e-05,3.1787655353546143,0.5506242513656616,0.344785213470459,-0.9386816024780273,8.116308212280273,4.564469691104023e-08,9.620578566682525e-06,0.0,0.8832024335861206,0.800000011920929,7.558594226837158,1.0736433267593384,-0.5577137470245361,7.558594226837158,7.558594703674316,0.0,7.558594226837158,-0.0003797585816134536,0.0,0.1531052664469165,15.159459002114437,0.8750000617207824,8.479238823466684e-06,1.719383632972062,0.17284580111919567,2.4145670777278725,0.8773193180707582
1.0623717308044434,4.386604996398091e-05,3.1643943786621094,0.5559044480323792,0.3448135256767273,-0.9386712312698364,7.697819709777832,4.5468471654430687e-08,4.1290681110695004e-05,0.0,0.8832024335861206,0.800000011920929,7.558594226837158,1.018284797668457,-0.13922524452209473,7.558594226837158,7.558594703674316,0.0,7.558594226837158,-0.00032575426557820834,0.035359904720783236,0.15056871936231367,15.31002772147675,0.8750000770582759,3.620532642784058e-05,1.7173463127140156,0.18052014494223556,2.4073507222849724,0.8903726758038454
1.0471097230911255,7.466103852493688e-05,3.150071382522583,0.5611751079559326,0.3448333740234375,-0.938663899898529,7.712701320648193,4.441775303121176e-08,7.130201993277296e-05,0.0,0.8832024335861206,0.800000011920929,7.558594226837158,1.020253300666809,-0.15410685539245605,7.558594226837158,7.558594703674316,0.0,7.558594226837158,-0.0002713243659691691,0.03388987445116043,0.15077904609359413,15.460806767570345,0.8750000302932952,6.243735913769033e-05,1.7152684421296138,0.18824598098553885,2.400106821777563,0.9034063259202456
1.0317970514297485,9.2667767603416e-05,3.1357004642486572,0.5664621591567993,0.34484320878982544,-0.9386603236198425,7.707862377166748,4.35358984418599e-08,8.98120051715523e-05,0.0,0.8832024335861206,0.800000011920929,7.558594226837158,1.019613265991211,-0.14926791191101074,7.558594226837158,7.558594703674316,0.0,7.558594226837158,-0.00021911690551907711,0.03439100672006607,0.1507116273075473,15.611518394877892,0.874999986008736,7.864122529599449e-05,1.7130751560866653,0.19616421995578187,2.39279918613184,0.9164862199950716
1.016512155532837,0.00011073446512455121,3.1213507652282715,0.5717268586158752,0.3448660373687744,-0.9386519193649292,7.907052040100098,4.412052589941595e-08,0.00010893570288317278,0.0,0.8832024335861206,0.800000011920929,7.558594226837158,1.0459624528884888,-0.34845757484436035,7.558594226837158,7.558594703674316,0.0,7.558594226837158,-0.00016873179358889936,0.014489568684101103,0.1527125829111933,15.764230977789087,0.8750001210917449,9.537997976039048e-05,1.7108153106345596,0.20418886541234554,2.3854292781951303,0.9295999722991345
1.001194715499878,0.00013837654842063785,3.106969118118286,0.5769985914230347,0.3449026346206665,-0.93863844871521,7.690328598022461,4.5281254301698937e-08,0.00013821142783854157,0.0,0.8832024335861206,0.800000011920929,7.558594226837158,1.0172938108444214,-0.13173413276672363,7.558594226837158,7.558594703674316,0.0,7.558594226837158,-0.0001176614716191814,0.03616748976945877,0.15045949160038025,15.914690469389466,0.8749999621947039,0.00012095205722800761,1.708485822261809,0.21235077434625554,2.3779611086263173,0.9428124618939719
1.0130963325500488,0.00017862836830317974,3.092620611190796,0.5822756886482239,0.3449292480945587,-0.9386286735534668,8.135631561279297,0.0002852735633496195,0.0001763192267389968,1.0,0.8757995367050171,0.800000011920929,7.558594226837158,1.0761994123458862,-0.5770370960235596,7.558594226837158,7.558594703674316,0.0,7.558594226837158,-6.399154497889656e-05,0.0,4.953053186989542,20.86774365637901,0.8749998888956055,0.00015423620121657322,1.7060428298261128,0.22068411492106904,2.370470046951891,0.9560185958055629
1.0248357057571411,0.0008784488891251385,3.078219175338745,0.5875848531723022,0.3449586033821106,-0.9386178851127625,7.931844234466553,0.001091368612833321,0.0008571604266762733,1.0,0.8683122396469116,0.800000011920929,7.558594226837158,1.0492420196533203,-0.37324976921081543,7.558594226837158,7.558594703674316,0.0,7.558594226837158,0.0001371540924993116,0.012034506409168241,4.951183848381599,25.81892750476061,0.8749997707643152,0.000750035700741003,1.7035424180083087,0.22915194010588674,2.3629022599534415,0.9693293282655635
1.0095244646072388,0.0009105828357860446,3.063851833343506,0.5928779244422913,0.3449772894382477,-0.9386110305786133,7.767683029174805,0.0010902050416916609,0.0009019916760735214,0.0,0.8683122396469116,0.800000011920929,7.558594226837158,1.0275263786315918,-0.20908856391906738,7.558594226837158,7.558594703674316,0.0,7.558594226837158,0.00032476208403898023,0.028454716284275053,0.15147923484122716,25.970406739601835,0.8749996400568542,0.000789197014927967,1.7009553656481078,0.23770715183127267,2.3552832730362994,0.9826157643536235
1.0212595462799072,0.002219049260020256,3.049553155899048,0.5981404781341553,0.34499281644821167,-0.9386053085327148,7.9120192527771,0.002355229575186968,0.002172851702198386,1.0,0.8607447147369385,0.800000011920929,7.558594226837158,1.0466195344924927,-0.3534247875213623,7.558594226837158,7.558594703674316,0.0,7.558594226837158,0.0007773604266050622,0.014035032942295075,4.947741826527535,30.918148566129368,0.8749978050598758,0.0019012102518493057,1.6983089861445153,0.2463674252205953,2.3476739442654697,0.9958747200403402
1.005958914756775,0.0022596875205636024,3.035194158554077,0.603425145149231,0.3450246751308441,-0.9385936260223389,7.670958518981934,0.002352522686123848,0.002246298361569643,0.0,0.8607447147369385,0.800000011920929,7.558594226837158,1.014731526374817,-0.11236406117677689,7.558594226837158,7.558594703674316,0.0,7.558594226837158,0.0011933018197117532,0.03814638516664505,0.15016626863127155,31.06831483476064,0.8749977209134726,0.001965536683613378,1.6955688256349728,0.2551560489060661,2.3399563898447684,1.0092302378397764
1.0174953937530518,0.004204237833619118,3.0208323001861572,0.6087100505828857,0.3450565040111542,-0.9385818839073181,8.126936912536621,0.004017642233520746,0.004131924360990524,1.0,0.8531008958816528,0.800000011920929,7.558594226837158,1.0750492811203003,-0.5683424472808838,7.558594226837158,7.558594703674316,0.0,7.558594226837158,0.0019862199103254383,0.0,4.9447437492560145,36.013058584016655,0.8749925893796878,0.003615445903537018,1.692763844748011,0.2641429548346455,2.332207867154926,1.022673948697447
1.0020707845687866,0.004213536623865366,3.0063529014587402,0.6140263676643372,0.3450712263584137,-0.9385765194892883,7.787846565246582,0.004012521356344223,0.004204804543405771,0.0,0.8531008958816528,0.800000011920929,7.558594226837158,1.0301936864852905,-0.22925209999084473,7.558594226837158,7.558594703674316,0.0,7.558594226837158,0.002702314715048395,0.02647732302904129,0.15170442169267281,36.164763005709325,0.8749923957226913,0.0036792830737458204,1.6898146708846622,0.27322727873549046,2.324329756176556,1.0361472521698791
1.0133620500564575,0.006722896825522184,2.991892099380493,0.6193318963050842,0.34507855772972107,-0.9385737776756287,7.858623504638672,0.006023953203111887,0.00663415202870965,1.0,0.8453846573829651,0.800000011920929,7.558594226837158,1.0395562648773193,-0.30002903938293457,7.558594226837158,7.558594703674316,0.0,7.558594226837158,0.003882841223533743,0.01941235829591751,4.940701993352764,41.10546499906209,0.8749807886363264,0.005804868538535346,1.6868965933956759,0.2824255284620122,2.3164786749578115,1.0496949596047305
1.0245935916900635,0.009825091809034348,2.9775288105010986,0.624617338180542,0.34507274627685547,-0.9385759234428406,7.800260543823242,0.00833418220281601,0.009588963352143764,1.0,0.8375998139381409,0.800000011920929,7.558594226837158,1.0318357944488525,-0.24166607856750488,7.558594226837158,7.558594703674316,0.0,7.558594226837158,0.005591736177349482,0.02525713696718216,4.938496653222192,46.04396165228428,0.8749597843108413,0.008390271132940441,1.6839095272625177,0.29176599873454473,2.308675701200267,1.0632077497326704
1.0092519521713257,0.009809289127588272,2.963130235671997,0.6299135088920593,0.3450559079647064,-0.9385821223258972,7.893339157104492,0.008315120823681355,0.0097190598025918,0.0,0.8375998139381409,0.800000011920929,7.558594226837158,1.0441484451293945,-0.3347446918487549,7.558594226837158,7.558594703674316,0.0,7.558594226837158,0.00712895965730465,0.015961260006427766,0.15261824377607586,46.196579896060356,0.8749588262020846,0.008504035647083963,1.680733775901436,0.3010900143456695,2.3007249907415996,1.0766224577429242
1.0202946662902832,0.013475403189659119,2.948744297027588,0.6351901292800903,0.34505146741867065,-0.9385837912559509,7.981328964233398,0.010873934254050255,0.013206595554947853,1.0,0.829750120639801,0.800000011920929,7.558594226837158,1.0557879209518433,-0.42273449897766113,7.558594226837158,7.558594703674316,0.0,7.558594226837158,0.009272669712881819,0.007168678944110869,4.936371899087938,51.132951795148294,0.874923761097016,0.011555481395002454,1.6776537530587423,0.3106393214954609,2.2928331935159236,1.0902482811368044
1.0049375295639038,0.013425441458821297,2.934324264526367,0.6404739618301392,0.345020055770874,-0.9385952949523926,7.765328407287598,0.01084666233509779,0.013358683325350285,0.0,0.829750120639801,0.800000011920929,7.558594226837158,1.0272150039672852,-0.20673394203186035,7.558594226837158,7.558594703674316,0.0,7.558594226837158,0.011198507098228207,0.028769854900836944,0.15143793035271433,51.28438972550101,0.8749218902807333,0.01168851600860793,1.6742853876455643,0.3201759279557272,2.2848132265288426,1.1036654408031916
1.015823483467102,0.017622696235775948,2.919957399368286,0.6457306146621704,0.3449958562850952,-0.9386042356491089,8.141672134399414,0.013609156012535095,0.017346447333693504,1.0,0.8218391537666321,0.800000011920929,7.558594226837158,1.0769985914230347,-0.5830776691436768,7.558594226837158,7.558594703674316,0.0,7.558594226837158,0.013797647947115252,0.0,4.933009348147353,56.21739907364836,0.8748683336401747,0.015177333463345655,1.6710845218816655,0.329932318543256,2.276902076339651,1.1173130511911944
1.0005581378936768,0.01759008876979351,2.9056270122528076,0.6509923338890076,0.3449701964855194,-0.9386136531829834,7.711920261383057,0.013566546142101288,0.01757846586406231,0.0,0.8218391537666321,0.800000011920929,7.558594226837158,1.0201499462127686,-0.15332579612731934,7.558594226837158,7.558594703674316,0.0,7.558594226837158,0.016143349540649093,0.03412474978685379,0.15074439836040593,56.36814347200877,0.8748648519975544,0.015380338703392449,1.6675880877931628,0.3396117560525277,2.2688265216660577,1.1307259664063674
1.0112899541854858,0.022286325693130493,2.891282081604004,0.6561975479125977,0.3449356257915497,-0.9386263489723206,8.104278564453125,0.01649598963558674,0.02203395590186119,1.0,0.8138704895973206,0.800000011920929,7.558594226837158,1.072052001953125,-0.5456840991973877,7.558594226837158,7.558594703674316,0.0,7.558594226837158,0.019217845711672756,0.0,4.929757465736716,61.29790093774548,0.8747877111393605,0.019278212582166665,1.6642565381552028,0.34956693813100925,2.2608936643539206,1.1443824982698838
1.0218563079833984,0.02745070494711399,2.876972198486328,0.6613966226577759,0.34483227133750916,-0.9386643171310425,7.683144569396973,0.01956501230597496,0.026857109740376472,1.0,0.8058475255966187,0.800000011920929,7.558594226837158,1.0163434743881226,-0.12455011159181595,7.558594226837158,7.558594703674316,0.0,7.558594226837158,0.02301737387547517,0.03701960376977921,4.925297220106874,66.22319815785235,0.8746845830956388,0.02349719201179251,1.6609501134689098,0.35950794799275343,2.2530619385434103,1.1579332101828177
1.0066125392913818,0.02731305919587612,2.8626515865325928,0.6666296720504761,0.3447282612323761,-0.9387025237083435,7.91908597946167,0.019490154460072517,0.02712698094546795,0.0,0.8058475255966187,0.800000011920929,7.558594226837158,1.04755437374115,-0.3604915142059326,7.558594226837158,7.558594703674316,0.0,7.558594226837158,0.026430672778801737,0.01344447408914566,0.1527243626653784,66.37592252051773,0.8746779545535219,0.023733184014603725,1.6572242696574953,0.36932444163656464,2.24497704576115,1.1711810366765074
1.01686429977417,0.03300449997186661,2.8482508659362793,0.6718845367431641,0.3446102738380432,-0.9387458562850952,7.699062347412109,0.02264239452779293,0.032445743680000305,1.0,0.7977735996246338,0.800000011920929,7.558594226837158,1.018449068069458,-0.14046788215637207,7.558594226837158,7.558594703674316,0.0,7.558594226837158,0.030639363100771047,0.035451692135334015,4.922172244814123,71.29809476533185,0.8745395124180823,0.02838512337186544,1.6537568503687627,0.37960720879834897,2.237057446281251,1.1849247630494
1.0014837980270386,0.032623957842588425,2.833770275115967,0.6770966649055481,0.34434476494789124,-0.9388432502746582,7.826662540435791,0.022557582706212997,0.03256410360336304,0.0,0.7977735996246338,0.800000011920929,7.558594226837158,1.0353283882141113,-0.2680680751800537,7.558594226837158,7.558594703674316,0.0,7.558594226837158,0.03437953148883801,0.02270972909212112,0.15201305016660108,71.45010781549846,0.8745359419763425,0.028488494218617322,1.6499022004204105,0.3893464641582657,2.2290358289259675,1.1978819732411603
1.0114960670471191,0.038507189601659775,2.8193163871765137,0.68229740858078,0.3439989686012268,-0.9389700293540955,7.837717056274414,0.02577902562916279,0.038051165640354156,1.0,0.7896519899368286,0.800000011920929,7.558594226837158,1.0367907285690308,-0.27912259101867676,7.558594226837158,7.558594703674316,0.0,7.558594226837158,0.03891266122459486,0.021614677755832673,4.920416015456264,76.37052383095472,0.8743666406133307,0.033286776506880555,1.6464160429250394,0.39942393622552774,2.2213685710585747,1.211153360697859
1.0213701725006104,0.04480689764022827,2.8049347400665283,0.6874527335166931,0.34360310435295105,-0.9391149282455444,7.9065165519714355,0.029058005660772324,0.043841294944286346,1.0,0.7814857959747314,0.800000011920929,7.558594226837158,1.0458916425704956,-0.34792208671569824,7.558594226837158,7.558594703674316,0.0,7.558594226837158,0.04421123573151306,0.014744465162754058,4.919224055234712,81.28974788618943,0.8741593241698051,0.03834885683918582,1.6429351231340807,0.409505950477021,2.2138091271655327,1.2243139775256244
1.0061333179473877,0.04429079592227936,2.790574073791504,0.6926009058952332,0.34321436285972595,-0.9392570853233337,7.975568771362305,0.02892294153571129,0.04399240016937256,0.0,0.7814857959747314,0.800000011920929,7.558594226837158,1.0550260543823242,-0.4169743061065674,7.558594226837158,7.558594703674316,0.0,7.558594226837158,0.048920307455948095,0.007844852230548857,0.15287969122718775,81.44262757741662,0.8741534196853996,0.03848092387284946,1.638922183637707,0.4192102601266448,2.2059355789469506,1.2369106641216958
1.015791654586792,0.051088057458400726,2.7762084007263184,0.6977647542953491,0.34282541275024414,-0.9393991231918335,7.769601821899414,0.032198600471019745,0.050251491367816925,1.0,0.7732780575752258,0.800000011920929,7.558594226837158,1.027780294418335,-0.21100735664367676,7.558594226837158,7.558594703674316,0.0,7.558594226837158,0.05447614325510556,0.02844301305055618,4.914638728003921,86.35726630542054,0.8738953839927808,0.043951483041347716,1.6353423439053836,0.4295433067312441,2.198365576564853,1.250199692108831
1.0005309581756592,0.050408657640218735,2.761770725250244,0.7027832865715027,0.34240829944610596,-0.9395512342453003,8.101346015930176,0.03206486627459526,0.05033934488892555,0.0,0.7732780575752258,0.800000011920929,7.558594226837158,1.0716640949249268,-0.5427515506744385,7.558594226837158,7.558594703674316,0.0,7.558594226837158,0.05939798776667961,0.0,0.15293008144550904,86.51019638686604,0.8738915866956949,0.044028289398824444,1.6311578244456162,0.43928230876415936,2.1904804565342464,1.2626522914769254
1.0100359916687012,0.057231198996305466,2.747419834136963,0.707806408405304,0.34173035621643066,-0.9397980570793152,7.728976249694824,0.03534865379333496,0.056602008640766144,1.0,0.7650317549705505,0.800000011920929,7.558594226837158,1.0224062204360962,-0.17038178443908691,7.558594226837158,7.558594703674316,0.0,7.558594226837158,0.06513865797561595,0.0325193941617012,4.91075137045686,91.4209477573229,0.8735987003738523,0.049500278429913364,1.6276345134438432,0.4491826335292466,2.1833228165448504,1.275206990727806
1.0193040370941162,0.06449368596076965,2.7330684661865234,0.7128278613090515,0.34105217456817627,-0.9400443434715271,8.100682258605957,0.038621604442596436,0.06318804621696472,1.0,0.7567497491836548,0.800000011920929,7.558594226837158,1.0715763568878174,-0.5420877933502197,7.558594226837158,7.558594703674316,0.0,7.558594226837158,0.07166957647896505,0.0,4.911146459119487,96.3320942164424,0.8732537654909748,0.05525273142830281,1.6240834724433637,0.45923540168246596,2.176189920455898,1.2878513331794434
1.0041290521621704,0.06325285136699677,2.718658685684204,0.7177888751029968,0.3401252329349518,-0.9403801560401917,7.705911159515381,0.03842713311314583,0.06290962547063828,0.0,0.7567497491836548,0.800000011920929,7.558594226837158,1.019355058670044,-0.14731669425964355,7.558594226837158,7.558594703674316,0.0,7.558594226837158,0.07737029219821027,0.03484216460466385,0.15037930742734734,96.48247352386974,0.8732691768381919,0.05500961268371335,1.619932766987623,0.46828953350295177,2.1689825437266106,1.2991080772879822
1.0132015943527222,0.0704728215932846,2.70428729057312,0.722718358039856,0.33909380435943604,-0.9407525658607483,7.91607666015625,0.04166019335389137,0.0694427490234375,1.0,0.7484347224235535,0.800000011920929,7.558594226837158,1.0471562147140503,-0.3574821949005127,7.558594226837158,7.558594703674316,0.0,7.558594226837158,0.08384944290642325,0.01384325987100601,4.907384076179716,101.38985760004945,0.8728911411272312,0.0607135937829521,1.6164691861616787,0.47787468346905404,2.1623698443760255,1.3109529327528529
0.9981207251548767,0.06898583471775055,2.689908266067505,0.7275351881980896,0.3380166292190552,-0.9411401152610779,7.781686782836914,0.04145820066332817,0.06900598108768463,0.0,0.7484347224235535,0.800000011920929,7.558594226837158,1.029378890991211,-0.22309231758117676,7.558594226837158,7.558594703674316,0.0,7.558594226837158,0.0894696233461142,0.027287283003330234,0.1512679265640995,101.54112552661356,0.8729175770255616,0.06033233509895161,1.612316098430449,0.48665118110259664,2.1554088935428877,1.321734595665734
1.0070124864578247,0.07634604722261429,2.6755495071411133,0.7323992252349854,0.33678022027015686,-0.9415832757949829,7.6601152420043945,0.04462449997663498,0.07566963881254196,1.0,0.7400893568992615,0.800000011920929,7.558594226837158,1.0132970809936523,-0.10152078419923782,7.558594226837158,7.558594703674316,0.0,7.558594226837158,0.0959014904043826,0.03945753587961197,4.901224440325386,106.44234996693893,0.8724961752241013,0.06614775766799849,1.6088650883070041,0.496062425517159,2.1491346368264144,1.3331485881820693
1.0156670808792114,0.08388588577508926,2.6611318588256836,0.7371025085449219,0.3355036973953247,-0.942038893699646,8.147521018981934,0.04778348654508591,0.08240487426519394,1.0,0.7317162156105042,0.800000011920929,7.558594226837158,1.0777722597122192,-0.5889265537261963,7.558594226837158,7.558594703674316,0.0,7.558594226837158,0.1030591980465026,0.0,4.902460775486648,111.34481074242558,0.8720308962691521,0.07202273861878866,1.6054423931369224,0.5053764822922174,2.142962643913285,1.3444061542660335
1.0005837678909302,0.08186092227697372,2.6466712951660156,0.7418662309646606,0.3339393138885498,-0.942594587802887,7.718848705291748,0.04751306399703026,0.0816313624382019,0.0,0.7317162156105042,0.800000011920929,7.558594226837158,1.0210665464401245,-0.16025424003601074,7.558594226837158,7.558594703674316,0.0,7.558594226837158,0.10920489077644718,0.03360458263635636,0.15034927038627743,111.49516001281185,0.8720862729099242,0.07134818052016481,1.601357893624916,0.5135479985336517,2.1366904549261476,1.3541402229214645
1.0090614557266235,0.08914883434772491,2.6322388648986816,0.7465313673019409,0.3321022093296051,-0.9432433843612671,7.73545503616333,0.050571367144584656,0.08811946958303452,1.0,0.7233178019523621,0.800000011920929,7.558594226837158,1.0232632160186768,-0.17686057090759277,7.558594226837158,7.558594703674316,0.0,7.558594226837158,0.11605012862350039,0.03196081862688065,4.89714989980289,116.39230991261473,0.8716050481289064,0.07700480193256481,1.5981481024769428,0.5221247613695548,2.131376472568255,1.3642159348663967
1.0173624753952026,0.09668910503387451,2.617830753326416,0.7511023879051208,0.33023953437805176,-0.9438971877098083,8.105676651000977,0.05357625335454941,0.09475439041852951,1.0,0.7148963809013367,0.800000011920929,7.558594226837158,1.0722370147705078,-0.5470821857452393,7.558594226837158,7.558594703674316,0.0,7.558594226837158,0.12353797323755507,0.0,4.897400334163013,121.28971024677774,0.8710748328252201,0.08278603753910041,1.5949803328753933,0.5306753543068259,2.126187494508857,1.3742063168872618
1.0023695230484009,0.09432057291269302,2.6033782958984375,0.7557711005210876,0.3283529579639435,-0.9445551037788391,7.664674758911133,0.053232885897159576,0.09382135421037674,0.0,0.7148963809013367,0.800000011920929,7.558594226837158,1.0139002799987793,-0.1060803011059761,7.558594226837158,7.558594703674316,0.0,7.558594226837158,0.1299417137265731,0.039054719049930575,0.14939424945390375,121.43910449623165,0.8711517041542074,0.08197333245864635,1.5909355472671698,0.5384589096545979,2.120463653815248,1.3831975983757379
1.01044762134552,0.10211464017629623,2.5889530181884766,0.7603328227996826,0.3264005482196808,-0.945231556892395,7.932244300842285,0.056103844195604324,0.10071686655282974,1.0,0.706454336643219,0.800000011920929,7.558594226837158,1.0492949485778809,-0.37364983558654785,7.558594226837158,7.558594703674316,0.0,7.558594226837158,0.13709017820184474,0.01231788437128067,4.893715307162215,126.33281980339386,0.8705657923694463,0.08797835598683948,1.5877466584675588,0.54708930235001,2.115479128228825,1.3931063614072472
0.9955341815948486,0.09918297082185745,2.574444532394409,0.7647367119789124,0.32415977120399475,-0.9460023641586304,7.685962200164795,0.05578955262899399,0.09930021315813065,0.0,0.706454336643219,0.800000011920929,7.558594226837158,1.0167162418365479,-0.12736773490905762,7.558594226837158,7.558594703674316,0.0,7.558594226837158,0.1430905332271042,0.03695015978097915,0.14963753775389568,126.48245734114775,0.8706894808786226,0.08674498281120321,1.583823987971621,0.5541987257311779,2.110357842425195,1.401102107078944
1.003469705581665,0.1065649539232254,2.5599722862243652,0.7691325545310974,0.3216494619846344,-0.946858823299408,7.675962448120117,0.058568038046360016,0.10579994320869446,1.0,0.6979937553405762,0.800000011920929,7.558594226837158,1.0153933763504028,-0.11736799031496048,7.558594226837158,7.558594703674316,0.0,7.558594226837158,0.1497910870635805,0.03796897725343704,4.887718658810037,131.37017599995778,0.8701073725516691,0.09240236212215444,1.580939496768983,0.5619417619220181,2.1062991890103038,1.4097262419240932
1.0112284421920776,0.11391712725162506,2.545480728149414,0.7734048366546631,0.3189280033111572,-0.9477789402008057,7.929803371429443,0.061282455921173096,0.11217927932739258,1.0,0.6895167231559753,0.800000011920929,7.558594226837158,1.0489720106124878,-0.37120890617370605,7.558594226837158,7.558594703674316,0.0,7.558594226837158,0.15707588695519192,0.012604327175617217,4.888509953978565,136.25868595393635,0.8695001764810347,0.09795115787672326,1.578192824549015,0.5693454900366368,2.1026421085433333,1.4178421988398828
0.9965022802352905,0.11013256758451462,2.5309367179870605,0.7773807644844055,0.3161543011665344,-0.9487077593803406,8.079010963439941,0.06100074201822281,0.11007242649793625,0.0,0.6895167231559753,0.800000011920929,7.558594226837158,1.0687096118927002,-0.5204164981842041,7.558594226837158,7.558594703674316,0.0,7.558594226837158,0.1630511991582517,0.0,0.1521856875340876,136.41087164147044,0.8697046529777989,0.09611900941688842,1.5745364833882878,0.5753803036491109,2.09850674501365,1.4243008951125997
1.0041677951812744,0.11715666949748993,2.516422748565674,0.7813953757286072,0.31304898858070374,-0.9497369527816772,7.65025520324707,0.06363996863365173,0.11614532023668289,1.0,0.6810253858566284,0.800000011920929,7.558594226837158,1.0119928121566772,-0.0916607454419136,7.558594226837158,7.558594703674316,0.0,7.558594226837158,0.169625378144854,0.04056335579156876,4.882139563115818,141.29301120458626,0.8691049494359777,0.10139881717750465,1.5720248838909094,0.5821053465740577,2.0955844324996202,1.4314197728777098
1.0116896629333496,0.12426171451807022,2.5019516944885254,0.7854031324386597,0.3097399175167084,-0.9508213400840759,7.6594438552856445,0.06616191565990448,0.12221378833055496,1.0,0.6725214719772339,0.800000011920929,7.558594226837158,1.013208270072937,-0.10084939748048782,7.558594226837158,7.558594703674316,0.0,7.558594226837158,0.17671973327069332,0.03966547527551651,4.880509523445754,146.17352072803203,0.8684735966862218,0.10667109583361581,1.5696689833452473,0.5885968907760883,2.093069973900299,1.4381480528517274
0.9970602989196777,0.12013444304466248,2.48742938041687,0.7894130349159241,0.30645516514778137,-0.9518851041793823,7.868768692016602,0.06575135141611099,0.11991060525178909,0.0,0.6725214719772339,0.800000011920929,7.558594226837158,1.0408982038497925,-0.31017422676086426,7.558594226837158,7.558594703674316,0.0,7.558594226837158,0.18248936717062028,0.018753424971103667,0.15132114979312797,146.32484187782515,0.8687169691264581,0.10467051935778332,1.5662476628774111,0.5940862386849217,2.0898450611157044,1.4436346876070294
1.0044912099838257,0.12701520323753357,2.4729456901550293,0.7932055592536926,0.302837610244751,-0.9530421495437622,7.618241310119629,0.06817243248224258,0.12577977776527405,1.0,0.6640069484710693,0.800000011920929,7.558594226837158,1.0077579021453857,-0.0596468523144722,7.558594226837158,7.558594703674316,0.0,7.558594226837158,0.18882695231594043,0.04381403703927994,4.87642334431542,151.20126522214056,0.868087611638604,0.10976734256028972,1.5640840016931574,0.6000792880132113,2.0879707738629945,1.4495780875865685
1.0117212533950806,0.13388751447200775,2.458411455154419,0.7969130277633667,0.2990517020225525,-0.9542369246482849,7.604619979858398,0.07050158828496933,0.13157185912132263,1.0,0.6554834842681885,0.800000011920929,7.558594226837158,1.0059560537338257,-0.04602552205324173,7.558594226837158,7.558594703674316,0.0,7.558594226837158,0.19564218731207178,0.04519907558679581,4.874402149387208,156.07566737152777,0.8674372727870587,0.11479347414085986,1.5620454092219427,0.6058527400377323,2.0864285878184377,1.4551728459100943
0.9973025918006897,0.12908123433589935,2.443913459777832,0.8006346225738525,0.29520002007484436,-0.9554354548454285,7.887591361999512,0.07006820291280746,0.12871479988098145,0.0,0.6554834842681885,0.800000011920929,7.558594226837158,1.0433881282806396,-0.3289968967437744,7.558594226837158,7.558594703674316,0.0,7.558594226837158,0.20105313587312293,0.016925660173892975,0.15128207143764946,156.22694944296543,0.8677616509872778,0.11231468071674411,1.5590015096864467,0.610348180186054,2.0843001837765653,1.4592135421365002
1.004403829574585,0.1357327550649643,2.429321527481079,0.8041478395462036,0.291118860244751,-0.9566869139671326,7.711696147918701,0.07228516042232513,0.13432389497756958,1.0,0.6469528079032898,0.800000011920929,7.558594226837158,1.02012038230896,-0.15310168266296387,7.558594226837158,7.558594703674316,0.0,7.558594226837158,0.20700866455017305,0.034521926100254056,4.87270912886589,161.09965857183133,0.8671181158132726,0.11718028463096994,1.5571455949324866,0.615691495186612,2.0840261704722907,1.46371355354684
1.0114368200302124,0.14209328591823578,2.4147579669952393,0.8075377345085144,0.28663408756256104,-0.9580401182174683,7.589523792266846,0.07441380620002747,0.1395731270313263,1.0,0.6384164690971375,0.800000011920929,7.558594226837158,1.003959059715271,-0.030929332599043846,7.558594226837158,7.558594703674316,0.0,7.558594226837158,0.21336262602482936,0.04675645989656448,4.868961919197601,165.96862049102893,0.8664910443713528,0.12173041066897852,1.5556052555842848,0.6203551672769869,2.085889970920954,1.463689526772023
0.9972587823867798,0.13626497983932495,2.400219678878784,0.8106704950332642,0.2821504473686218,-0.9593701958656311,8.148751258850098,0.07407265901565552,0.13579857349395752,0.0,0.6384164690971375,0.800000011920929,7.558594226837158,1.077934980392456,-0.5901567935943604,7.558594226837158,7.558594703674316,0.0,7.558594226837158,0.218179369639066,0.0,0.15150889486355051,166.12012938589248,0.8669443430867614,0.1184589007019442,1.553040652745697,0.6234790413519155,2.0909124949068936,1.4457141040668415
1.0041640996932983,0.14268450438976288,2.3856420516967773,0.8139647245407104,0.27754974365234375,-0.9607112407684326,7.515134811401367,0.07604602724313736,0.1411479413509369,1.0,0.6298759579658508,0.800000011920929,7.558594226837158,0.9941187500953674,0.04345964640378952,7.558594226837158,7.558594703674316,0.0,7.558594226837158,0.22354765281640177,0.054219986555576326,4.864141292769476,170.98427067866197,0.8662982716744185,0.12309473056649267,1.5515859276003792,0.6280881960008726,2.0974865340060322,1.4267505892182004
1.0109834671020508,0.14894144237041473,2.371080160140991,0.8171181082725525,0.2727057933807373,-0.9620974659919739,7.876165390014648,0.07793540507555008,0.14627113938331604,1.0,0.6213327050209045,0.800000011920929,7.558594226837158,1.0418766736984253,-0.31757092475891113,7.558594226837158,7.558594703674316,0.0,7.558594226837158,0.22934916751654522,0.018146020605564115,4.867490822945797,175.85176150160777,0.8656561935362197,0.12753130430288742,1.5503415043304727,0.6322688184628035,2.104323702041511,1.4071144243356835
0.9970964789390564,0.14230188727378845,2.3566336631774902,0.8199889659881592,0.2674294114112854,-0.9635774493217468,7.507882118225098,0.07756122946739197,0.1417590081691742,0.0,0.6213327050209045,0.800000011920929,7.558594226837158,0.9931593537330627,0.05071233958005905,7.558594226837158,7.558594703674316,0.0,7.558594226837158,0.23353067763663782,0.05498177786111832,0.1456514120964162,175.99741291370418,0.8662228046989512,0.12362407234356486,1.5483524059670635,0.634080278358158,2.1101119469674203,1.3872384782543545
1.0040295124053955,0.14811396598815918,2.342189073562622,0.8228558897972107,0.26214495301246643,-0.9650285243988037,8.15899658203125,0.07935838401317596,0.14646320044994354,1.0,0.6127881407737732,0.800000011920929,7.558594226837158,1.0792902708053589,-0.6004021167755127,7.558594226837158,7.558594703674316,0.0,7.558594226837158,0.23819751618533028,0.0,4.864556507086428,180.86196942079062,0.8656317570227906,0.12769763334783235,1.5475218065558403,0.6373927125999845,2.117334431157771,1.3664395287517586
0.9901371002197266,0.1413603574037552,2.3276968002319336,0.8256310224533081,0.2566486895084381,-0.9665047526359558,7.447397708892822,0.07895362377166748,0.14181014895439148,0.0,0.6127881407737732,0.800000011920929,7.558594226837158,0.985158383846283,0.11119674891233444,7.558594226837158,7.558594703674316,0.0,7.558594226837158,0.24134869805069972,0.06105974586725235,0.1444527818806688,181.00642220267127,0.8662165697729363,0.12366845134953038,1.545662220086652,0.6389809895435958,2.1230996272114977,1.3459634687935746
0.9971801042556763,0.14634835720062256,2.3132853507995605,0.8280038237571716,0.2507763206958771,-0.9680450558662415,7.815536975860596,0.08074412494897842,0.1457219123840332,1.0,0.6042434573173523,0.800000011920929,7.558594226837158,1.0338566303253174,-0.2569425106048584,7.558594226837158,7.558594703674316,0.0,7.558594226837158,0.24494211477069178,0.024278975307941437,4.86033366316573,185.866755865837,0.8657261662923809,0.12705588837195603,1.5453346168731072,0.6410339191020521,2.1308771826051434,1.3234222628668724
1.0040526390075684,0.15160731971263885,2.298884153366089,0.8305034637451172,0.24486345052719116,-0.9695575833320618,7.546012878417969,0.08234822005033493,0.14986328780651093,1.0,0.5956999659538269,0.800000011920929,7.558594226837158,0.9982033967971802,0.012581581249833107,7.558594226837158,7.558594703674316,0.0,7.558594226837158,0.24896955123263648,0.051242452833652495,4.854562001000153,190.72131786683715,0.8651926293867986,0.1306400974015649,1.5450453247625844,0.6432634648365203,2.138510945136513,1.3008870649746744
0.9902812838554382,0.14439262449741364,2.2843728065490723,0.8329625725746155,0.238937109708786,-0.9710350632667542,7.70701265335083,0.08193789422512054,0.14478935301303864,0.0,0.5956999659538269,0.800000011920929,7.558594226837158,1.0195008516311646,-0.14841818809509277,7.558594226837158,7.558594703674316,0.0,7.558594226837158,0.2514729111351231,0.035169714567661284,0.14908681832267906,190.87040468515983,0.8658442455763361,0.12624848073466538,1.543539030325896,0.6441178989299752,2.1443258449842917,1.2791669894553173
0.9972207546234131,0.1489698439836502,2.2699882984161377,0.8350523114204407,0.2325114607810974,-0.9725936651229858,7.399506092071533,0.08350536227226257,0.14828844368457794,1.0,0.587158739566803,0.800000011920929,7.558594226837158,0.9788231253623962,0.1590883731842041,7.558594226837158,7.558594703674316,0.0,7.558594226837158,0.2544066916279065,0.06593794993638993,4.848365989646438,195.71877067480625,0.8653970969161798,0.12927736466596368,1.5436833390993392,0.6453103912819675,2.152301274148215,1.2551143585546032
1.0040441751480103,0.1537104696035385,2.2556309700012207,0.8371677994728088,0.22604979574680328,-0.9741157293319702,7.784210681915283,0.08492480963468552,0.1519118845462799,1.0,0.5786208510398865,0.800000011920929,7.558594226837158,1.0297126770019531,-0.2256162166595459,7.558594226837158,7.558594703674316,0.0,7.558594226837158,0.2577429556051994,0.02750352058649063,4.85320656376352,200.57197723856976,0.8649231635630288,0.1324122701787548,1.5438881124479527,0.6465640620582331,2.160110545543947,1.2310016256458827
0.9904881119728088,0.14596930146217346,2.241192102432251,0.839260995388031,0.21963322162628174,-0.9755825400352478,7.51886510848999,0.08452676981687546,0.14631788432598114,0.0,0.5786208510398865,0.800000011920929,7.558594226837158,0.9946122169494629,0.03972934931516647,7.558594226837158,7.558594703674316,0.0,7.558594226837158,0.25953118076719695,0.05405102528810501,0.145770463902056,200.71774770247183,0.8656502365183867,0.1275718273043157,1.5428257405040076,0.646488085016965,2.165971451722563,1.2079261507738663
0.9972881078720093,0.15014640986919403,2.2267706394195557,0.8408395051956177,0.21292611956596375,-0.977068305015564,7.656313896179199,0.08596602827310562,0.14943240582942963,1.0,0.5700873732566833,0.800000011920929,7.558594226837158,1.0127942562103271,-0.09771943837404251,7.558594226837158,7.558594703674316,0.0,7.558594226837158,0.2617533035142091,0.04033501461267471,4.848228816021248,205.56597651849307,0.8652487047784068,0.13026727380796865,1.543282796882014,0.6470401605916303,2.1737096695362013,1.1827007482889869
1.003936529159546,0.15458709001541138,2.2123589515686035,0.8425983786582947,0.20615065097808838,-0.9785202741622925,7.318889617919922,0.08719589561223984,0.15278099477291107,1.0,0.5615593194961548,0.800000011920929,7.558594226837158,0.968159019947052,0.23970484733581543,7.558594226837158,7.558594703674316,0.0,7.558594226837158,0.2644041198919754,0.0740980636048317,4.840006068607675,210.40598258710074,0.8648077049842443,0.1331639084591006,1.543789448622756,0.6477639994426604,2.1812756983117203,1.1574850333778575
0.9905118346214294,0.14648042619228363,2.197949171066284,0.8443602323532104,0.19936519861221313,-0.979925274848938,8.213204383850098,0.08680105209350586,0.14681945741176605,0.0,0.5615593194961548,0.800000011920929,7.558594226837158,1.0864609479904175,-0.6546099185943604,7.558594226837158,7.558594703674316,0.0,7.558594226837158,0.26551258942437267,0.0,0.15092654204009867,210.55690912914085,0.865586187115012,0.12800596776744186,1.543054079352486,0.6470212965763886,2.1869320480192087,1.1333267911674334
0.9972532987594604,0.15022583305835724,2.183568000793457,0.8454726934432983,0.19231300055980682,-0.9813336133956909,7.742710590362549,0.0880962386727333,0.14951540529727936,1.0,0.5530374646186829,0.800000011920929,7.558594226837158,1.02422297000885,-0.18411612510681152,7.558594226837158,7.558594703674316,0.0,7.558594226837158,0.26704815707199103,0.031756832983493806,4.844448585312811,215.40135771445367,0.8652379579407679,0.1303391055754774,1.5439002564894824,0.6468122039573619,2.194433574264144,1.106891541307009
1.003778338432312,0.1543126106262207,2.1691367626190186,0.8468441367149353,0.18521755933761597,-0.9826975464820862,7.344427585601807,0.08915147930383682,0.15253758430480957,1.0,0.5445227026939392,0.800000011920929,7.558594226837158,0.9715372323989868,0.21416687965393066,7.558594226837158,7.558594703674316,0.0,7.558594226837158,0.26902597358932323,0.07160057082414627,4.835516315503593,220.23687402995725,0.8648401395554745,0.13295342154397552,1.5447298317487272,0.6469332631611181,2.2016855476018624,1.0805564262915008
0.9904906749725342,0.1452701985836029,2.154681444168091,0.8479273915290833,0.17783719301223755,-0.9840599298477173,7.334723949432373,0.0889064148068428,0.14562663435935974,0.0,0.5445227026939392,0.800000011920929,7.558594226837158,0.9702536463737488,0.22387051582336426,7.558594226837158,7.558594703674316,0.0,7.558594226837158,0.26934348188786916,0.07261026878595352,0.1421417425266135,220.37901577248385,0.8657382095909788,0.12697341254508834,1.5444984459072777,0.6448575322589738,2.2073386538626627,1.0544220639129207
0.9969484806060791,0.14900290966033936,2.1401920318603516,0.8490634560585022,0.17043104767799377,-0.9853696227073669,7.766754627227783,0.08986318856477737,0.14836080372333527,1.0,0.5360158085823059,0.800000011920929,7.558594226837158,1.0274035930633545,-0.2081601619720459,7.558594226837158,7.558594703674316,0.0,7.558594226837158,0.27018980092922007,0.029447117569446565,4.8397620761276405,225.2187778486115,0.8653878236486486,0.1293399616030355,1.545597256792496,0.644450530583234,2.214421162857787,1.027126774593237
1.0034624338150024,0.15237897634506226,2.1257896423339844,0.8498150706291199,0.1629059612751007,-0.9866415858268738,7.30064058303833,0.09084290266036987,0.1507018506526947,1.0,0.5275174975395203,0.800000011920929,7.558594226837158,0.9657450318336487,0.2579538822174072,7.558594226837158,7.558594703674316,0.0,7.558594226837158,0.27141991012569716,0.07607251671075821,4.829691228655812,230.0484690772673,0.8650826951774057,0.1313655465158976,1.546882664165853,0.6435133152147935,2.221423538557378,0.9992459705255015
0.9901756644248962,0.14325426518917084,2.1113176345825195,0.8506554365158081,0.15532781183719635,-0.9878630042076111,7.788341045379639,0.09057123214006424,0.1436786949634552,0.0,0.5275174975395203,0.800000011920929,7.558594226837158,1.030259132385254,-0.22974658012390137,7.558594226837158,7.558594703674316,0.0,7.558594226837158,0.27105134911809126,0.02734443204164505,0.15010612143967764,230.19857519870698,0.8659839107456313,0.1252867051066374,1.5468313057112346,0.6411487095995975,2.2264763080010392,0.9724589494265153
0.9963861703872681,0.1468738168478012,2.0967166423797607,0.8514571189880371,0.1478344053030014,-0.9890121221542358,7.3281168937683105,0.09133782237768173,0.14635257422924042,1.0,0.5190284848213196,0.800000011920929,7.558594226837158,0.9693796038627625,0.23047757148742676,7.558594226837158,7.558594703674316,0.0,7.558594226837158,0.27128106904269816,0.07337954674005509,4.826995522591987,235.02557072129898,0.8656459928865542,0.12760186519353714,1.548058338711356,0.6405907833374587,2.2328457904420187,0.9445741995889275
1.002708911895752,0.15022341907024384,2.082273483276367,0.851833701133728,0.14034870266914368,-0.9901021122932434,7.798703670501709,0.09214790910482407,0.14871153235435486,1.0,0.5105494260787964,0.800000011920929,7.558594226837158,1.0316299200057983,-0.24010920524597168,7.558594226837158,7.558594703674316,0.0,7.558594226837158,0.27197193502613876,0.02636118205308914,4.83343283932067,239.85900356061964,0.8653425627531874,0.1296435189974275,1.549424934222222,0.6396041126562287,2.2390178051021525,0.9164033710407515
1.0088850259780884,0.1537887006998062,2.0677995681762695,0.8523866534233093,0.13279561698436737,-0.9911434650421143,7.288594722747803,0.0927543044090271,0.1512698382139206,1.0,0.5020807981491089,0.800000011920929,7.558594226837158,0.9641515612602234,0.26999974250793457,7.558594226837158,7.558594703674316,0.0,7.558594226837158,0.27310945461680425,0.07738415460824967,4.82277392167618,244.68177748229581,0.8650079215759277,0.13185690783588777,1.5508184050232834,0.6387845889332118,2.2449391680596578,0.88823839507086
0.995597779750824,0.14482882618904114,2.0533244609832764,0.8529408574104309,0.12523457407951355,-0.9921271800994873,8.22513484954834,0.09241354465484619,0.1444559544324875,0.0,0.5020807981491089,0.800000011920929,7.558594226837158,1.0880391597747803,-0.6665403842926025,7.558594226837158,7.558594703674316,0.0,7.558594226837158,0.27270360126448695,0.0,0.15090376971330113,244.8326812520091,0.8658862947097197,0.1259598278391477,1.5508458002395134,0.6364663272083645,2.2488914549288705,0.8612975941107894
1.0019769668579102,0.1480388641357422,2.039066791534424,0.8528921008110046,0.1177176684141159,-0.9930471181869507,8.196192741394043,0.0930836871266365,0.14668558537960052,1.0,0.4936232566833496,0.800000011920929,7.558594226837158,1.0842106342315674,-0.6375982761383057,7.558594226837158,7.558594703674316,0.0,7.558594226837158,0.2728079320423738,0.0,4.829366163712098,249.66204741572122,0.8656032735962089,0.12789011026548708,1.5524116660986427,0.6351166559164154,2.2543468374686504,0.8328097759005952
1.0080649852752686,0.15150709450244904,2.0246312618255615,0.8530638813972473,0.11015819013118744,-0.9939140677452087,7.216438293457031,0.0935330018401146,0.1491784155368805,1.0,0.4851771891117096,0.800000011920929,7.558594226837158,0.9546065330505371,0.34215617179870605,7.558594226837158,7.558594703674316,0.0,7.558594226837158,0.2734156294306489,0.08464248185396195,4.816392448021686,254.4784398637429,0.865281736926692,0.130047501032724,1.553945113592015,0.6340882351466228,2.259490761889069,0.8043343653939967
0.9947158098220825,0.14226284623146057,2.010068893432617,0.8531104326248169,0.10247048735618591,-0.9947360157966614,7.310540199279785,0.0932762548327446,0.14205527305603027,0.0,0.4851771891117096,0.800000011920929,7.558594226837158,0.967054545879364,0.24805426597595215,7.558594226837158,7.558594703674316,0.0,7.558594226837158,0.2724745488786139,0.07527930497407914,0.14173803802651352,254.6201779017694,0.8661861879204759,0.12388076698086203,1.5541383305398457,0.6313376766357673,2.2627638201592735,0.7766293463079956
1.0010607242584229,0.14473652839660645,1.9958181381225586,0.8527450561523438,0.09426702558994293,-0.9955469369888306,7.201083183288574,0.09376771003007889,0.1435881406068802,1.0,0.47674307227134705,0.800000011920929,7.558594226837158,0.9525753259658813,0.3575112819671631,7.558594226837158,7.558594703674316,0.0,7.558594226837158,0.271963089792291,0.08626637416124344,4.812872858908828,259.4330507606782,0.8659953173239473,0.12520837869570028,1.5562425014961812,0.6287966560474346,2.267928478179547,0.746318037141736
1.00722074508667,0.14736901223659515,1.9814757108688354,0.8524362444877625,0.08608756214380264,-0.9962875843048096,7.69693660736084,0.09410995990037918,0.14528167247772217,1.0,0.4683213233947754,0.800000011920929,7.558594226837158,1.0181679725646973,-0.13834214210510254,7.558594226837158,7.558594703674316,0.0,7.558594226837158,0.2718634990745483,0.03672896676301956,4.820600907705639,264.25365166838384,0.8657820812692124,0.12667472443054612,1.5583203633621538,0.6264580187557953,2.27273536445688,0.7160841966983147
0.9940686225891113,0.13754649460315704,1.9670668840408325,0.8520713448524475,0.07784301787614822,-0.9969656467437744,7.467013835906982,0.09390469640493393,0.13749417662620544,0.0,0.4683213233947754,0.800000011920929,7.558594226837158,0.9877532124519348,0.09158062189817429,7.558594226837158,7.558594703674316,0.0,7.558594226837158,0.2701529299979587,0.05973942771196365,0.14493088642708343,264.3985825548109,0.8667421842133343,0.11992866889009854,1.5590128267255228,0.6225241635191867,2.2756002807322764,0.6869104226361025
1.0003470182418823,0.13959509134292603,1.9528396129608154,0.8513060212135315,0.06937107443809509,-0.9975908994674683,7.564843654632568,0.09426048398017883,0.1386512815952301,1.0,0.4599122703075409,0.800000011920929,7.558594226837158,1.0006943941116333,-0.00624919543042779,7.558594226837158,7.558594703674316,0.0,7.558594226837158,0.26888558770184484,0.049988425009250645,4.8151774746020095,269.2137600294129,0.8666028650902198,0.12093147938318653,1.5613923993286138,0.6193306373398453,2.2800382634375684,0.6556694282119199
1.0063848495483398,0.1419517993927002,1.938472867012024,0.8506735563278198,0.06100741773843765,-0.9981372952461243,7.494559288024902,0.09443610906600952,0.1401268094778061,1.0,0.4515162706375122,0.800000011920929,7.558594226837158,0.9913970232009888,0.06403516978025436,7.558594226837158,7.558594703674316,0.0,7.558594226837158,0.26807547949456206,0.05704297105073929,4.812088662921703,274.02584869233465,0.8664233757929182,0.1222100534208876,1.563670019409252,0.6165654952972974,2.284022839908934,0.6247456474518931
0.9930441975593567,0.13210980594158173,1.9239321947097778,0.8499354720115662,0.052740428596735,-0.9986082315444946,7.247376441955566,0.09426133334636688,0.1322585791349411,0.0,0.4515162706375122,0.800000011920929,7.558594226837158,0.958699107170105,0.3112180233001709,7.558594226837158,7.558594703674316,0.0,7.558594226837158,0.26571190941858325,0.08179158210039139,0.14068164060148225,274.16653033293613,0.8673583166264253,0.11538913978633683,1.5644108726492958,0.6125025283362414,2.28596706491109,0.5951750076172208
0.9992450475692749,0.13356776535511017,1.9097158908843994,0.8485774397850037,0.04404584690928459,-0.9990295171737671,7.773097515106201,0.09456877410411835,0.13288100063800812,1.0,0.44313356280326843,0.800000011920929,7.558594226837158,1.0282427072525024,-0.21450304985046387,7.558594226837158,7.558594703674316,0.0,7.558594226837158,0.26375733486211755,0.029264632198810578,4.813504544992151,278.9800348779283,0.8672862985434522,0.11592902189915141,1.567057611638926,0.6085213042412358,2.289606284532087,0.5629163508100532
1.0052053928375244,0.13540855050086975,1.8953500986099243,0.8474957346916199,0.035398535430431366,-0.9993732571601868,7.406825065612793,0.09463682770729065,0.13390129804611206,1.0,0.43476447463035583,0.800000011920929,7.558594226837158,0.9797913432121277,0.15176939964294434,7.558594226837158,7.558594703674316,0.0,7.558594226837158,0.26224714748284333,0.06590549129724503,4.805477140046357,283.78551201797467,0.8671675673222381,0.11681380315681261,1.5696107545683355,0.6050177750528616,2.29279875936321,0.5309883230262132
1.0111534595489502,0.13725325465202332,1.8810458183288574,0.8462566137313843,0.026845594868063927,-0.9996395707130432,8.17673110961914,0.0946575403213501,0.13491471111774445,1.0,0.42640912532806396,0.800000011920929,7.558594226837158,1.0816361904144287,-0.6181366443634033,7.558594226837158,7.558594703674316,0.0,7.558594226837158,0.26112739375056754,0.0,4.811406687345256,288.5969187053199,0.8670486612232681,0.11769255678351231,1.572163378249335,0.6015034049132404,2.2956242239554685,0.49919224226243936
0.9978124499320984,0.12714244425296783,1.8665530681610107,0.8449772000312805,0.018381809815764427,-0.9998310208320618,7.1927490234375,0.09453464299440384,0.12673822045326233,0.0,0.42640912532806396,0.800000011920929,7.558594226837158,0.9514728784561157,0.3658454418182373,7.558594226837158,7.558594703674316,0.0,7.558594226837158,0.2584163561893772,0.08734868601083756,0.1397011853041174,288.736619890624,0.8679820959608736,0.11059930176995918,1.5731436880377077,0.5967850856937098,2.2964350922871986,0.4688331171981352
1.0037000179290771,0.1284533441066742,1.852218508720398,0.8432628512382507,0.00963547918945551,-0.99995356798172,7.289009094238281,0.09458082914352417,0.1272878795862198,1.0,0.4180677533149719,0.800000011920929,7.558594226837158,0.964206337928772,0.26958537101745605,7.558594226837158,7.558594703674316,0.0,7.558594226837158,0.25614054517892915,0.07777111398935319,4.79826746208651,293.53488735271054,0.8679210988767181,0.11107639136447978,1.5758873325007394,0.5926095247409628,2.2987142022253293,0.4361694354711728
1.0093274116516113,0.1301659345626831,1.8377084732055664,0.8417319655418396,0.0010508092818781734,-0.999999463558197,7.3350725173950195,0.09442881494760513,0.12825514376163483,1.0,0.40974050760269165,0.800000011920929,7.558594226837158,0.9702997207641602,0.22352194786071777,7.558594226837158,7.558594703674316,0.0,7.558594226837158,0.2543369452903431,0.07320743112802505,4.797496529299994,298.33238388201056,0.8678132892108392,0.11191584373482825,1.5784798051353996,0.5890063946056172,2.300505803706032,0.4040085591203746
0.9958288073539734,0.12004410475492477,1.823150396347046,0.840096116065979,-0.00745975598692894,-0.9999721646308899,7.794354438781738,0.09433400630950928,0.11996805667877197,0.0,0.40974050760269165,0.800000011920929,7.558594226837158,1.0310546159744263,-0.23575997352600098,7.558594226837158,7.558594703674316,0.0,7.558594226837158,0.2509873817625041,0.027319134638309477,0.15065498643796923,298.48303886844855,0.8687109173433312,0.1047204312207154,1.579538957565479,0.584056087024615,2.3003549807410453,0.3732886776880131
1.0015392303466797,0.12129638344049454,1.8087694644927979,0.8380956053733826,-0.016166621819138527,-0.9998692870140076,7.445959568023682,0.09421590715646744,0.12052299082279205,1.0,0.4014275074005127,0.800000011920929,7.558594226837158,0.9849681258201599,0.11263488978147507,7.558594226837158,7.558594703674316,0.0,7.558594226837158,0.24815006032239398,0.06217096044778824,4.796505582084277,303.2795444505328,0.868652687510536,0.10520250905941866,1.5823199901888954,0.5797897082206861,2.301589870478575,0.34055104274726766
1.0070642232894897,0.12289799004793167,1.794276237487793,0.8362297415733337,-0.024712279438972473,-0.9996945858001709,7.646366119384766,0.09392610937356949,0.12143544107675552,1.0,0.39312881231307983,0.800000011920929,7.558594226837158,1.011478304862976,-0.08777166157960892,7.558594226837158,7.558594703674316,0.0,7.558594226837158,0.24584071563397003,0.04216354773759842,4.798647052807952,308.07819150334075,0.8685563263333244,0.1059950472059579,1.5849853827672273,0.5759896088796821,2.3023759625110762,0.30831933939479783
1.0125246047973633,0.12449464946985245,1.7797802686691284,0.83424311876297,-0.0331929512321949,-0.9994489550590515,7.920633792877197,0.09357922524213791,0.12234065681695938,1.0,0.3848445415496826,0.800000011920929,7.558594226837158,1.0477590560913086,-0.36203932762145996,7.558594226837158,7.558594703674316,0.0,7.558594226837158,0.24399552404321995,0.01475799842119217,4.7999405341669314,312.87813203750767,0.8684600431429107,0.10678127762840003,1.58763898025671,0.5721978611325275,2.302803728123991,0.2761689205747505
0.9991917014122009,0.11343727260828018,1.7654776573181152,0.8316012024879456,-0.04209008440375328,-0.9991137981414795,7.430117130279541,0.09374493360519409,0.11304502189159393,0.0,0.3848445415496826,0.800000011920929,7.558594226837158,0.9828724265098572,0.1284773349761963,7.558594226837158,7.558594703674316,0.0,7.558594226837158,0.2403831232660736,0.06381442665338516,0.14465384551817667,313.02278588302585,0.8694151237084624,0.09870387025748008,1.5891263846730874,0.5656723722045907,2.301576596439242,0.24389097515728086
1.004713773727417,0.1145913377404213,1.7510919570922852,0.8292333483695984,-0.05074404925107956,-0.9987117052078247,7.340014457702637,0.09339974820613861,0.11356299370527267,1.0,0.37657466530799866,0.800000011920929,7.558594226837158,0.9709534645080566,0.21858000755310059,7.558594226837158,7.558594703674316,0.0,7.558594226837158,0.2373067292228452,0.07285888688325882,4.787854697155178,317.81064058018103,0.8693638423412758,0.09915420837056324,1.5919715743373253,0.5612135514529608,2.3014262373260554,0.21114090367172447
1.0100836753845215,0.11577209085226059,1.736610770225525,0.8267948031425476,-0.059347085654735565,-0.9982374310493469,7.356569290161133,0.09297370165586472,0.11411835998296738,1.0,0.36831921339035034,0.800000011920929,7.558594226837158,0.9731433987617493,0.2020251750946045,7.558594226837158,7.558594703674316,0.0,7.558594226837158,0.23471123988354364,0.07124300276994706,4.786507712379849,322.59714829256086,0.8693085964277859,0.09963698506470034,1.5947866523964944,0.556838282167031,2.30088938394826,0.17844480064451904
0.9964280724525452,0.10561801493167877,1.7221271991729736,0.8243584036827087,-0.0679459199309349,-0.9976890087127686,8.216931343078613,0.09293147921562195,0.10560231655836105,0.0,0.36831921339035034,0.800000011920929,7.558594226837158,1.0869539976119995,-0.658336877822876,7.558594226837158,7.558594703674316,0.0,7.558594226837158,0.2305902455170647,0.0,0.15175498314888416,322.7489032757097,0.8701255304543212,0.09223038678449774,1.596082632109137,0.5511621745788284,2.2985104469394044,0.14719702940889776
1.0019488334655762,0.10638213902711868,1.707849383354187,0.8215781450271606,-0.07672244310379028,-0.9970524907112122,7.228318691253662,0.09250380098819733,0.10577891767024994,1.0,0.36007821559906006,0.800000011920929,7.558594226837158,0.9561781287193298,0.3302757740020752,7.558594226837158,7.558594703674316,0.0,7.558594226837158,0.22699217835422944,0.08410666850328447,4.7807583381371375,327.5296616138469,0.8701092921376651,0.0923840653506534,1.599097637813819,0.5460748162770901,2.297389844206858,0.11400765011048897
1.0073930025100708,0.10751669108867645,1.693528413772583,0.8190319538116455,-0.08539669960737228,-0.9963470101356506,8.275668144226074,0.09187891334295273,0.10632515698671341,1.0,0.35185158252716064,0.800000011920929,7.558594226837158,1.0947238206863403,-0.7170736789703369,7.558594226837158,7.558594703674316,0.0,7.558594226837158,0.22393523954765554,0.0,4.7896281096995,332.3192897235464,0.8700586717051446,0.0928593042803736,1.6020466884906255,0.5413743610298389,2.2958793148481043,0.08138120679786565
1.012803077697754,0.10868918895721436,1.6792078018188477,0.8164886832237244,-0.09406433254480362,-0.9955661296844482,8.255949974060059,0.09115883708000183,0.10690607875585556,1.0,0.3436392843723297,0.800000011920929,7.558594226837158,1.0921154022216797,-0.6973555088043213,7.558594226837158,7.558594703674316,0.0,7.558594226837158,0.22136318730865995,0.0,4.788116898636533,337.1074066221829,0.8700045602828999,0.09336473082057556,1.6050067665027166,0.5366678285805949,2.2940110379145526,0.04886231014154538
0.9992579221725464,0.09823660552501678,1.6650029420852661,0.813361406326294,-0.10270776599645615,-0.9947115778923035,7.301688194274902,0.09125305712223053,0.09799467027187347,0.0,0.3436392843723297,0.800000011920929,7.558594226837158,0.9658836126327515,0.25690627098083496,7.558594226837158,7.558594703674316,0.0,7.558594226837158,0.21716573788891508,0.07681601907968522,0.14233314696002708,337.24973976914293,0.8708020873667959,0.0856081647787246,1.6064976188942732,0.5301597434829131,2.290416638356015,0.01724126990967015
1.004644751548767,0.09916753321886063,1.6507803201675415,0.810242235660553,-0.11113259941339493,-0.9938055872917175,7.774349212646484,0.09062585234642029,0.09839032590389252,1.0,0.3354412019252777,0.800000011920929,7.558594226837158,1.0284082889556885,-0.21575474739074707,7.558594226837158,7.558594703674316,0.0,7.558594226837158,0.2135480033690335,0.029591815950870515,4.784137312235798,342.0338770813787,0.8707681913094553,0.08595270892208406,1.6094123200807104,0.5252594578044207,2.2879282811090316,-0.015121504247717465
1.0100035667419434,0.10007289797067642,1.6365830898284912,0.807014524936676,-0.11949686706066132,-0.9928345680236816,7.943188667297363,0.08995268493890762,0.09875938296318054,1.0,0.32725727558135986,0.800000011920929,7.558594226837158,1.050742745399475,-0.384594202041626,7.558594226837158,7.558594703674316,0.0,7.558594226837158,0.21043598341300848,0.012721409533023836,4.7837980796133115,346.817675160992,0.8707363351243628,0.08627401270622582,1.612320686380931,0.5203217564107327,2.2851155184504197,-0.047356975606560575
0.9962257742881775,0.0900799036026001,1.6223162412643433,0.8036396503448486,-0.12781454622745514,-0.9917981028556824,7.341501235961914,0.09003618359565735,0.09017594903707504,0.0,0.32725727558135986,0.800000011920929,7.558594226837158,0.9711501598358154,0.21709322929382324,7.558594226837158,7.558594703674316,0.0,7.558594226837158,0.20582122311844836,0.07289356134653092,0.14323344016726938,346.96090860115925,0.8714447383109121,0.07879703631958122,1.6136792728593519,0.5141825708146425,2.280562557174948,-0.07825641413602827
1.0014595985412598,0.09112296998500824,1.6080927848815918,0.800149142742157,-0.13587751984596252,-0.9907256364822388,7.780601978302002,0.08932264894247055,0.09074029326438904,1.0,0.3190873861312866,0.800000011920929,7.558594226837158,1.0292353630065918,-0.22200751304626465,7.558594226837158,7.558594703674316,0.0,7.558594226837158,0.20187262129559458,0.029022997038364418,4.779319424249592,351.74022802540884,0.8714002091728399,0.07928882139123476,1.616471335927275,0.509498812031433,2.2771244662742123,-0.10992702097377446
1.0066577196121216,0.09219474345445633,1.593867540359497,0.7966479063034058,-0.14392375946044922,-0.9895887970924377,7.922205448150635,0.08852531015872955,0.09133020788431168,1.0,0.31093135476112366,0.800000011920929,7.558594226837158,1.0479669570922852,-0.36361098289489746,7.558594226837158,7.558594703674316,0.0,7.558594226837158,0.19851733797194787,0.014875813934803011,4.778806164879119,356.519034190288,0.8713533028354352,0.07980286010102301,1.6192679046747236,0.5048081040282919,2.273392912335858,-0.14144573994185777
1.0117735862731934,0.09313593804836273,1.5796202421188354,0.792950451374054,-0.1519298255443573,-0.9883912801742554,7.309588432312012,0.08771767467260361,0.0917934700846672,1.0,0.30278903245925903,0.800000011920929,7.558594226837158,0.9669286608695984,0.24900603294372559,7.558594226837158,7.558594703674316,0.0,7.558594226837158,0.19565788238515655,0.07614218319177629,4.767576292068408,361.28661048235637,0.8713162227530861,0.08020653509762443,1.622061940955207,0.4999999207513791,2.2693470251025483,-0.1730044175061155
0.9978991150856018,0.08363206684589386,1.5654475688934326,0.7892218828201294,-0.15982350707054138,-0.9871456027030945,8.252185821533203,0.08779524266719818,0.08361274749040604,0.0,0.30278903245925903,0.800000011920929,7.558594226837158,1.0916175842285156,-0.6935913562774658,7.558594226837158,7.558594703674316,0.0,7.558594226837158,0.19134472035903213,0.0,0.15184574858974942,361.4384562309461,0.8719432023146048,0.07307593803186457,1.623311520310493,0.49416809152411756,2.2636953316942225,-0.20288299764559614
1.0029749870300293,0.08471202850341797,1.5512295961380005,0.7853837013244629,-0.16763447225093842,-0.9858492016792297,7.748243808746338,0.08691037446260452,0.08426076918840408,1.0,0.2946602702140808,0.800000011920929,7.558594226837158,1.024954915046692,-0.18964934349060059,7.558594226837158,7.558594703674316,0.0,7.558594226837158,0.1876811672743102,0.03231807024240494,4.772362413168306,366.2108186441144,0.8718956766496796,0.07364094485849618,1.6260548299603945,0.4894939524372991,2.259103423286012,-0.23392545035627907
1.0080887079238892,0.08555471897125244,1.537102222442627,0.7813591957092285,-0.1754978448152542,-0.9844798445701599,7.464514255523682,0.08602618426084518,0.08466535806655884,1.0,0.2865448594093323,0.800000011920929,7.558594226837158,0.9874225854873657,0.09408020228147507,7.558594226837158,7.558594703674316,0.0,7.558594226837158,0.18453735603571192,0.06070613093614578,4.765755531644004,370.9765741757584,0.8718657340697579,0.07399372675888402,1.6288604038284082,0.4844729169367111,2.254239285030213,-0.26512736678521753
1.0130671262741089,0.08680293709039688,1.5228731632232666,0.7774063944816589,-0.18306460976600647,-0.9831008911132812,7.715538024902344,0.08502466231584549,0.08547453582286835,1.0,0.2784425914287567,0.800000011920929,7.558594226837158,1.020628571510315,-0.15694355964660645,7.558594226837158,7.558594703674316,0.0,7.558594226837158,0.1819408011409256,0.03563588314294815,4.7685881206156076,375.745162296374,0.871805675799501,0.07469917667534903,1.6321224285837574,0.47905445957334003,2.2491244800112544,-0.2955024081143909
0.9988553524017334,0.07769052684307098,1.5085641145706177,0.7732210159301758,-0.19055861234664917,-0.9816758036613464,7.382401943206787,0.08511465042829514,0.07762327045202255,0.0,0.2784425914287567,0.800000011920929,7.558594226837158,0.9765605926513672,0.1761925220489502,7.558594226837158,7.558594703674316,0.0,7.558594226837158,0.17792439166453083,0.06896655903100968,0.1442034449802195,375.88936574135425,0.8723652624036358,0.06785216510102951,1.6322855503557678,0.46562519274000813,2.242442786282488,-0.3246313371487701
1.0037789344787598,0.07844489812850952,1.4943925142288208,0.7687678337097168,-0.19819344580173492,-0.9801629185676575,7.450429439544678,0.08418393135070801,0.0779910609126091,1.0,0.2703532576560974,0.800000011920929,7.558594226837158,0.9855594038963318,0.10816501826047897,7.558594226837158,7.558594703674316,0.0,7.558594226837158,0.17446152153235595,0.06220086528062821,4.760555638217052,380.6499213795713,0.872340246671754,0.068173014716846,1.630295391921429,0.4374758525496541,2.2367826421366566,-0.35547319978970204
1.0085586309432983,0.07968388497829437,1.4800673723220825,0.7645323276519775,-0.2056039422750473,-0.978635311126709,7.853837966918945,0.0830773338675499,0.07884390652179718,1.0,0.26227661967277527,0.800000011920929,7.558594226837158,1.0389231443405151,-0.295243501663208,7.558594226837158,7.558594703674316,0.0,7.558594226837158,0.17159385149278872,0.02189298677682877,4.765178745245214,385.41510012481655,0.872281693213282,0.06891692989098508,1.627810326747967,0.4099307170723581,2.2308792407917513,-0.38548926853090304
1.0132642984390259,0.0807894691824913,1.4657456874847412,0.760037362575531,-0.21290762722492218,-0.9770723581314087,7.470548152923584,0.08199640363454819,0.07956356555223465,1.0,0.2542124092578888,0.800000011920929,7.558594226837158,0.988220751285553,0.08804630488157272,7.558594226837158,7.558594703674316,0.0,7.558594226837158,0.16922194622506567,0.06023073789834977,4.757604966484135,390.17270509130066,0.8722319170487653,0.06954469077464936,1.6249414793732821,0.3823172893382478,2.224739509366244,-0.41543772743262086
0.9989755749702454,0.07160693407058716,1.4516016244888306,0.7551916241645813,-0.2201993614435196,-0.9754548668861389,8.228994369506836,0.08220933377742767,0.07155797630548477,0.0,0.2542124092578888,0.800000011920929,7.558594226837158,1.0885497331619263,-0.6703999042510986,7.558594226837158,7.558594703674316,0.0,7.558594226837158,0.16536306264999956,0.0,0.15216997086172349,390.3248750621624,0.8727606715416645,0.0625597888029592,1.6208773132889964,0.35593217359255513,2.2171602909125374,-0.444334277141458
1.0036288499832153,0.07300357520580292,1.437288522720337,0.7506001591682434,-0.2271977663040161,-0.9738486409187317,7.848349094390869,0.0810440182685852,0.0726117268204689,1.0,0.2461603879928589,0.800000011920929,7.558594226837158,1.0381971597671509,-0.28975462913513184,7.558594226837158,7.558594703674316,0.0,7.558594226837158,0.16219111672283137,0.022482410862445838,4.760207538044387,395.08508260020676,0.8726942862313797,0.06347945539569244,1.6172767275159246,0.32883925828667215,2.2106731965702675,-0.47342517406999757
1.0082447528839111,0.07393594831228256,1.423012375831604,0.7456929087638855,-0.2343486100435257,-0.9721526503562927,7.640804290771484,0.07993175834417343,0.07320033013820648,1.0,0.23812028765678406,0.800000011920929,7.558594226837158,1.0107426643371582,-0.08220983296632767,7.558594226837158,7.558594703674316,0.0,7.558594226837158,0.1595223992053542,0.043245990278720864,4.755938349046623,399.8410209492534,0.8726568409578236,0.06399310647539005,1.6134096313036557,0.3012044172136746,2.2038574267026734,-0.5030863296995151
1.0128329992294312,0.07506991177797318,1.4087258577346802,0.7408125996589661,-0.241338312625885,-0.9704410433769226,7.588658332824707,0.07874065637588501,0.07398347556591034,1.0,0.23009179532527924,0.800000011920929,7.558594226837158,1.0038446187973022,-0.030063873156905174,7.558594226837158,7.558594703674316,0.0,7.558594226837158,0.1573406201090721,0.04848213781595231,4.75333990971323,404.59436085896664,0.872606424815357,0.06467648447385668,1.6091782453271462,0.2739462271791421,2.196861350660352,-0.5322191820075064
0.9983683228492737,0.06619074940681458,1.3945575952529907,0.7357166409492493,-0.24848100543022156,-0.9686367511749268,7.862745761871338,0.07890190184116364,0.06620204448699951,0.0,0.23009179532527924,0.800000011920929,7.558594226837158,1.0401015281677246,-0.3041512966156006,7.558594226837158,7.558594703674316,0.0,7.558594226837158,0.15369332286724238,0.02109807541131974,0.152060276551754,404.7464211355184,0.8730832076033245,0.057884477148794106,1.603868915199483,0.24773996178806001,2.1884007246724018,-0.560578336298251
1.0030205249786377,0.06699413061141968,1.3804057836532593,0.7305806279182434,-0.2555798292160034,-0.9667879343032837,7.9551591873168945,0.0777079313993454,0.06669332087039948,1.0,0.22207462787628174,0.800000011920929,7.558594226837158,1.0523262023925781,-0.3965647220611572,7.558594226837158,7.558594703674316,0.0,7.558594226837158,0.15058407571163324,0.011864968121051794,4.754270860789647,409.50069199630803,0.8730548044750536,0.05831338775158704,1.59910736643923,0.2202136716555117,2.1809112294673025,-0.5899126979447861
1.0075056552886963,0.06826791167259216,1.366105079650879,0.7254853844642639,-0.26230093836784363,-0.9649861454963684,7.629074573516846,0.07641832530498505,0.06765591353178024,1.0,0.21406850218772888,0.800000011920929,7.558594226837158,1.0091910362243652,-0.070480115711689,7.558594226837158,7.558594703674316,0.0,7.558594226837158,0.14805401968902965,0.044476119949817663,4.749133067710192,414.24982506401824,0.8729982355131531,0.05915380224177211,1.5938871336516272,0.19336992107487766,2.1733573617335233,-0.6182674963963273
1.0120211839675903,0.06908286362886429,1.3519036769866943,0.7201179265975952,-0.26918497681617737,-0.9630885124206543,7.589765548706055,0.0751781016588211,0.06815653294324875,1.0,0.2060730755329132,0.800000011920929,7.558594226837158,1.0039911270141602,-0.03117108903825283,7.558594226837158,7.558594703674316,0.0,7.558594226837158,0.14593255449113288,0.04842927795648576,4.746756779378314,418.99658184339654,0.8729684772098256,0.05959082279401709,1.5884256534772816,0.16606895425871532,2.1654751802972307,-0.6471313189368294
1.0165598392486572,0.06967123597860336,1.3377666473388672,0.7146077156066895,-0.27613234519958496,-0.9611195921897888,7.890923500061035,0.07393690198659897,0.06842927634716034,1.0,0.19808802008628845,0.800000011920929,7.558594226837158,1.0438289642333984,-0.33232903480529785,7.558594226837158,7.558594703674316,0.0,7.558594226837158,0.14412110024181976,0.018338096888065345,4.748906928221699,423.7454887716182,0.8729521630545434,0.059828913754216145,1.5826895418292926,0.13861814128254518,2.157335634768661,-0.6761154760060284
1.0017657279968262,0.061722517013549805,1.3234374523162842,0.7093033194541931,-0.2826584577560425,-0.9592206478118896,7.715875625610352,0.07397334277629852,0.06153593212366104,0.0,0.19808802008628845,0.800000011920929,7.558594226837158,1.0206732749938965,-0.15728116035461426,7.558594226837158,7.558594703674316,0.0,7.558594226837158,0.1409927667400093,0.03584942892313005,0.15053068110980009,423.896019452728,0.8733438721959997,0.053809991154986136,1.5757743629768723,0.11346537468339762,2.148138017293721,-0.702715354772453
1.0060901641845703,0.06280108541250229,1.309133529663086,0.7037203311920166,-0.2891722023487091,-0.9572771191596985,7.848417282104492,0.07263583689928055,0.06234005093574524,1.0,0.19011302292346954,0.800000011920929,7.558594226837158,1.0382061004638672,-0.2898228168487549,7.558594226837158,7.558594703674316,0.0,7.558594226837158,0.13841123566982633,0.022612310736179357,4.745316818051189,428.6413362707792,0.8733003711474104,0.05451220767584278,1.5693280931563465,0.08673039122715809,2.139817565796351,-0.7305879082463907
1.010385274887085,0.06403879076242447,1.2948353290557861,0.6980686187744141,-0.2954677641391754,-0.9553527235984802,8.0314302444458,0.07126867026090622,0.06329590082168579,1.0,0.18214774131774902,0.800000011920929,7.558594226837158,1.0624154806137085,-0.4728357791900635,7.558594226837158,7.558594703674316,0.0,7.558594226837158,0.13634581275422902,0.004320109465122228,4.744502132080327,433.3858384028595,0.8732478161698455,0.05534691799396679,1.5625799709818633,0.0603760902923316,2.1314414702834648,-0.7579031346823956
1.014702558517456,0.06496953964233398,1.2806166410446167,0.6922146081924438,-0.3018437623977661,-0.9533573985099792,7.710099220275879,0.06992855668067932,0.06394088268280029,1.0,0.17419181764125824,0.800000011920929,7.558594226837158,1.019909143447876,-0.1515047550201416,7.558594226837158,7.558594703674316,0.0,7.558594226837158,0.1346666411874104,0.03645132606744767,4.740427794018382,438.1262661968779,0.8732118857305153,0.055910143233561554,1.5555863279406141,0.03378813718167256,2.1228442941671486,-0.7854165164713174
0.9997631907463074,0.057008419185876846,1.2663915157318115,0.6863230466842651,-0.30816829204559326,-0.9513318538665771,7.704230785369873,0.07005339115858078,0.05696024000644684,0.0,0.17419181764125824,0.800000011920929,7.558594226837158,1.0191328525543213,-0.14563632011413574,7.558594226837158,7.558594703674316,0.0,7.558594226837158,0.13163201531541754,0.037055563604831705,0.15041052176410374,438.276676718642,0.8735809674051219,0.049813247241742686,1.5476292035343069,0.008630883936732447,2.113042595066838,-0.8116769216306016
1.0039502382278442,0.058402273803949356,1.2520332336425781,0.6805291771888733,-0.3142496943473816,-0.9493403434753418,7.9447784423828125,0.06858139485120773,0.05810699239373207,1.0,0.16624487936496735,0.800000011920929,7.558594226837158,1.0509530305862427,-0.3861839771270752,7.558594226837158,7.580047607421875,0.02383650653064251,7.558594226837158,0.12920989266465915,0.013018544056415563,4.739311296723941,443.01598801536596,0.8735232543073084,0.05081503594181336,1.5400527588563644,-0.01726962933625814,2.104249138868375,-0.8382284137120457
1.0081511735916138,0.059498902410268784,1.2377688884735107,0.6744770407676697,-0.3203454613685608,-0.9473007917404175,7.789088249206543,0.06716178357601166,0.058949459344148636,1.0,0.15830659866333008,0.800000011920929,7.558594226837158,1.0303579568862915,-0.23049378395080566,7.558594226837158,7.6377854347229,0.06415414810180664,7.558594226837158,0.1272603317687072,0.02859087666749955,4.736448619636124,447.7524366350021,0.8734801189503927,0.051550901756708234,1.5322303940814928,-0.04335752490756106,2.095276415101523,-0.8649133874129313
1.012312650680542,0.06062038987874985,1.2234972715377808,0.6683287620544434,-0.326325386762619,-0.9452574849128723,7.787491321563721,0.06572715193033218,0.05981164425611496,1.0,0.1503765732049942,0.800000011920929,7.558594226837158,1.0301467180252075,-0.2288968563079834,7.558594226837158,7.733014106750488,0.10580979287624359,7.558594226837158,0.12573204828099485,0.028763224136829385,4.734756772941032,452.4871934079431,0.8734353182699117,0.05230402108661103,1.5241427363444262,-0.0692648656498206,2.086230919029568,-0.8912755649308843
1.016477346420288,0.06158642843365669,1.209267020225525,0.6620480418205261,-0.332309752702713,-0.9431703090667725,7.765348434448242,0.0642971321940422,0.06051412597298622,1.0,0.14245446026325226,0.800000011920929,7.558594226837158,1.0272176265716553,-0.20675396919250488,7.558594226837158,7.86807107925415,0.1500621885061264,7.558594226837158,0.12453987058490747,0.03099026336908341,4.732834412164949,457.22002782010804,0.8733983648124671,0.05291755128131276,1.5158131804481343,-0.09520388208578312,2.0769905721605957,-0.9176354266414937
1.0012372732162476,0.054488182067871094,1.1949433088302612,0.6558089256286621,-0.33793190121650696,-0.9411705732345581,7.793787479400635,0.06436052918434143,0.054367221891880035,0.0,0.14245446026325226,0.800000011920929,7.558594226837158,1.0309796333312988,-0.23519301414489746,7.558594226837158,7.86807107925415,0.1500621885061264,7.558594226837158,0.12211841829155842,0.028160437967777258,0.15153912063855812,457.3715669407466,0.8737071288899345,0.04754788033837992,1.5066387715178555,-0.11924028936542114,2.066939570464415,-0.9420866785244313
1.0052953958511353,0.05576259270310402,1.180662751197815,0.6493894457817078,-0.34356480836868286,-0.9391289949417114,7.915209770202637,0.06288715451955795,0.05541208013892174,1.0,0.13453984260559082,0.800000011920929,7.558594226837158,1.0470415353775024,-0.3566153049468994,7.558594226837158,8.059170722961426,0.21233320236206055,7.558594226837158,0.12021491665202257,0.016030581638813025,4.730851061595354,462.10241800234195,0.8736569802197481,0.04846077859637982,1.4978430954224995,-0.1445976479744241,2.0577241676108553,-0.9675152033128541
1.0093408823013306,0.057169266045093536,1.1663695573806763,0.6429626941680908,-0.34906068444252014,-0.9371001124382019,7.79031229019165,0.06137543171644211,0.05657974258065224,1.0,0.12663234770298004,0.800000011920929,7.558594226837158,1.0305198431015015,-0.23171782493591309,7.558594226837158,8.313694953918457,0.2828044295310974,7.558594226837158,0.11879569084688205,0.0285254170536995,4.7281497250580875,466.8305677274,0.8735998231716746,0.04948087687665631,1.4888341002580179,-0.16962630526185468,2.0484792133917407,-0.9924901430430648
1.013418197631836,0.05836061015725136,1.1521538496017456,0.6363807916641235,-0.3545830249786377,-0.9350245594978333,7.980940818786621,0.05988606438040733,0.05752434954047203,1.0,0.11873158812522888,0.800000011920929,7.558594226837158,1.0557366609573364,-0.4223463535308838,7.558594226837158,8.651933670043945,0.37582138180732727,7.558594226837158,0.11775393270119945,0.00947514545679093,4.727787262932726,471.55835499033276,0.8735526651867457,0.050306065736431316,1.4796177729624642,-0.19473149392564149,2.039050779553394,-1.017526737926997
1.0174849033355713,0.059550415724515915,1.1379375457763672,0.6297446489334106,-0.36004403233528137,-0.9329352974891663,7.781219005584717,0.058378372341394424,0.05846038833260536,1.0,0.11083716154098511,0.800000011920929,7.558594226837158,1.029317021369934,-0.2226245403289795,7.558594226837158,9.087373733520508,0.48382246494293213,7.558594226837158,0.11704323111366317,0.029448470327854165,4.724700621068187,476.2830556114009,0.8735052084801338,0.05112368531648859,1.4701907456072727,-0.21967789371754753,2.029533478018238,-1.0423169922789948
1.0021214485168457,0.052876073867082596,1.1236366033554077,0.6232402324676514,-0.3653966784477234,-0.9308518767356873,8.167401313781738,0.05837881192564964,0.052715253084897995,0.0,0.11083716154098511,0.800000011920929,7.558594226837158,1.0804020166397095,-0.608806848526001,7.558594226837158,9.087373733520508,0.48382246494293213,7.558594226837158,0.11513501395332744,0.0,0.15270819370334635,476.4357638051043,0.8737844508680309,0.046104478436116536,1.460029503688728,-0.24310405379700778,2.019133377862287,-1.065691322811553
1.0061964988708496,0.05450576916337013,1.1094515323638916,0.6165651082992554,-0.3704398274421692,-0.9288564920425415,7.833405494689941,0.05681994557380676,0.05411721393465996,1.0,0.10294867306947708,0.800000011920929,7.558594226837158,1.0362203121185303,-0.2748110294342041,7.558594226837158,9.664918899536133,0.6417175531387329,7.558594226837158,0.11376423085852559,0.02424294827699662,4.721928326400151,481.1576921315044,0.8737190875736796,0.04732946300304908,1.4503178399530783,-0.26719604049499124,2.00984484179246,-1.0892701800102358
1.0103299617767334,0.05589178949594498,1.0953807830810547,0.60971599817276,-0.37550243735313416,-0.9268214106559753,8.104185104370117,0.05529967322945595,0.055264003574848175,1.0,0.09506571292877197,0.800000011920929,7.773121356964111,1.0424567461013794,-0.33106374740600586,7.773122787475586,10.437753677368164,0.8348680138587952,7.773122787475586,0.11281055055683518,0.0,4.7249775425196505,485.88266967402404,0.8736641029893331,0.04833135145277068,1.4404342899528577,-0.2913649226556805,2.0004094716868863,-1.1129127679247879
1.014515995979309,0.05721457675099373,1.0813617706298828,0.6028357744216919,-0.3805583119392395,-0.9247569441795349,7.927334308624268,0.05376807227730751,0.056336257606744766,1.0,0.08718787133693695,0.800000011920929,8.135981559753418,0.9742352366447449,0.20864731073379517,8.135981559753418,11.518426895141602,1.1604299545288086,8.135981559753418,0.11220815214253946,0.014860062553882607,4.721961823705501,490.60463149772954,0.8736118496482791,0.04926816739844048,1.430393671248409,-0.3154044278032827,1.9909069806701454,-1.1363448873586985
0.999107837677002,0.05111019313335419,1.0672212839126587,0.5959818959236145,-0.3853183090686798,-0.9227837324142456,7.867679595947266,0.05379142612218857,0.05111127719283104,0.0,0.08718787133693695,0.800000011920929,8.135981559753418,0.9669039249420166,0.2683020234107971,8.135981559753418,11.518426895141602,1.1604299545288086,8.135981559753418,0.11051050233449627,0.02082989376306535,0.15414810433511603,490.75877960206464,0.8738573541914572,0.044702892414493434,1.4197409043180758,-0.3378697062973184,1.9807958485586736,-1.1582152708458995
1.00318443775177,0.053061604499816895,1.0531035661697388,0.5890769958496094,-0.3898361027240753,-0.9208842515945435,7.824697971343994,0.052195437252521515,0.05284392833709717,1.0,0.07931474596261978,0.800000011920929,8.510882377624512,0.9192676544189453,0.6861843466758728,7.558594226837158,11.460687637329102,-0.10580979287624359,7.558594226837158,0.10939957150161193,0.02513599544763566,4.715192616360291,495.47397221842493,0.8737786062973119,0.04621690274835211,1.4094962883961537,-0.3609196187784297,1.9717004476441387,-1.180243139791852
1.007337212562561,0.054694969207048416,1.0391396284103394,0.5819511413574219,-0.394384503364563,-0.9189454913139343,8.132211685180664,0.05066174641251564,0.05424332618713379,1.0,0.07144590467214584,0.800000011920929,8.909153938293457,0.9126904010772705,0.7769418358802795,7.558594226837158,11.365458488464355,-0.1500621885061264,7.558594226837158,0.10873168645496205,0.0,4.714490942073642,500.1884631604986,0.8737129749855779,0.047439613512177736,1.3991142216600787,-0.38411291888556687,1.962517411787881,-1.2023665043612843
1.0115165710449219,0.05621827393770218,1.0251832008361816,0.5748144388198853,-0.39899829030036926,-0.9169516563415527,7.790039539337158,0.049111392349004745,0.05552108585834503,1.0,0.0635809451341629,0.800000011920929,9.469593048095703,0.822550356388092,1.6795536279678345,7.558594226837158,13.040536880493164,1.7989251613616943,7.558594226837158,0.1084274033339271,0.028612356770038615,4.711489378757576,504.89995253925616,0.8736516885492781,0.04855601367689405,1.3885478168324805,-0.4072834959030779,1.9531554256494863,-1.2244548875174521
1.0156036615371704,0.05803164839744568,1.0111117362976074,0.5676906108856201,-0.40337690711021423,-0.9150339365005493,7.853041172027588,0.04752406105399132,0.05707798898220062,1.0,0.055719438940286636,0.800000011920929,10.10383415222168,0.7771568894386292,2.2507927417755127,7.558594226837158,13.951562881469727,0.9417796730995178,7.558594226837158,0.10850598656709734,0.022324791128635415,4.710404402176038,509.6103569414322,0.8735750756727307,0.049916119654836166,1.377879476642494,-0.4299897925636292,1.9439656994552013,-1.2458875342071127
1.0001276731491089,0.0524519607424736,0.9970896244049072,0.5605003833770752,-0.4076334536075592,-0.9131456613540649,7.851465702056885,0.04753141850233078,0.05239725857973099,0.0,0.055719438940286636,0.800000011920929,10.10383415222168,0.7770009636878967,2.252368211746216,7.558594226837158,13.951562881469727,0.9417796730995178,7.558594226837158,0.10753114366757159,0.022491155655384072,0.15209832948655996,509.76245527091874,0.8737991267953461,0.045826616330318815,1.36672241700709,-0.4515625211374964,1.9341394353076338,-1.2662963677029435
1.0042870044708252,0.05408870801329613,0.983160674571991,0.5531713366508484,-0.4119656980037689,-0.9111993312835693,7.8132853507995605,0.045973632484674454,0.05380583554506302,1.0,0.047860968858003616,0.800000011920929,10.940986633300781,0.7140645980834961,3.1277012825012207,7.558594226837158,14.469871520996094,0.48288312554359436,7.558594226837158,0.10698544597162651,0.026318102838993083,4.7067422102910825,514.4691974812098,0.8737336515258043,0.047057399376687736,1.3558250833507326,-0.47417928968722467,1.9249125909981948,-1.287482106931186
1.0084564685821533,0.05571480840444565,0.9692248702049255,0.5458264946937561,-0.41626879572868347,-0.9092416167259216,7.969735145568848,0.044405799359083176,0.05519149824976921,1.0,0.04000510647892952,0.800000011920929,11.912996292114258,0.6689388751983643,3.9432613849639893,7.558594226837158,14.70917797088623,0.15789508819580078,7.558594226837158,0.10681309879441103,0.010684326241016397,4.7061045945414115,519.1753020757512,0.873667680335871,0.04826805853793065,1.3447880882270824,-0.4966432286081765,1.9156196698453962,-1.308464255181046
1.0126363039016724,0.057380326092243195,0.9552730917930603,0.5384854674339294,-0.4205150008201599,-0.9072855710983276,8.114452362060547,0.042824357748031616,0.056603770703077316,1.0,0.03215143084526062,0.800000011920929,13.334052085876465,0.6085054874420166,5.21959924697876,7.558594226837158,14.709177017211914,-0.15789508819580078,7.558594226837158,0.10697591307352534,0.0,4.704516231999296,523.8798183077505,0.8735985702501062,0.049501871342921056,1.3336521334301055,-0.5188793043924683,1.9063144044869662,-1.3291489100915315
1.0168505907058716,0.05901907756924629,0.9413780570030212,0.5310524106025696,-0.42465680837631226,-0.905354380607605,7.883073806762695,0.041265491396188736,0.05797600746154785,1.0,0.024299513548612595,0.800000011920929,15.286934852600098,0.5156401991844177,7.403860569000244,7.558594226837158,14.469869613647461,-0.48288312554359436,7.558594226837158,0.10742533310094704,0.0193522760128975,4.702290843137186,528.5821091508877,0.8735299282277698,0.050700582384508475,1.322448305331311,-0.5409279445017141,1.8971309969385601,-1.349484539308381
1.0013959407806396,0.05338357388973236,0.9275646209716797,0.5234982371330261,-0.4288678467273712,-0.9033672213554382,7.863039970397949,0.04128280654549599,0.0532587394118309,0.0,0.024299513548612595,0.800000011920929,15.286934852600098,0.5143297910690308,7.42389440536499,7.558594226837158,14.469869613647461,-0.48288312554359436,7.558594226837158,0.10676997069459034,0.02136267522096635,0.15218407330340622,528.7342932241911,0.8737593837074197,0.046579362735264696,1.3107287899306674,-0.5623049116839588,1.887108052201257,-1.369395536615048
1.0057164430618286,0.05471500754356384,0.9138262867927551,0.5158950090408325,-0.4330897927284241,-0.9013507962226868,7.817781925201416,0.03975393995642662,0.05435043200850487,1.0,0.01644892245531082,0.800000011920929,18.579851150512695,0.42074403166770935,10.762068748474121,7.558594226837158,13.951560974121094,-0.9417796730995178,7.558594226837158,0.1064353492588665,0.025896697342395792,4.698447861862837,533.432741086054,0.8737080009340904,0.04753321951814077,1.2992591475536415,-0.5843985065071322,1.8776579383111,-1.389778326255962
1.0100085735321045,0.056199654936790466,0.9000059962272644,0.5083415508270264,-0.4372079074382782,-0.8993604779243469,7.961145401000977,0.018050581216812134,0.055585429072380066,1.0,3.949374198913574,0.800000011920929,7.558594226837158,1.053118109703064,-0.40255093574523926,7.558594226837158,13.040534973144531,0.21233320236206055,7.558594226837158,0.10641557173036502,0.011571282846927653,4.697736043703312,538.1304771297573,0.8736486505739158,0.04861220807655481,1.2877090398173847,-0.6061597116732881,1.8683215826414603,-1.4096514906135347
1.0168896913528442,0.05654143542051315,0.8862341642379761,0.5007556080818176,-0.4411483407020569,-0.8974341750144958,8.052868843078613,0.7303677201271057,0.0555451363325119,1.0,61.43728256225586,0.800000011920929,7.558594226837158,1.0652514696121216,-0.494274377822876,7.558594226837158,13.175590515136719,0.1500621885061264,7.558594226837158,0.1063891364473712,0.0024012699151039207,4.696256174025422,542.8267333037827,0.8736505165610544,0.04857699557205053,1.276020512026799,-0.6272105281717943,1.8588869463073494,-1.4287904511631522
1.001444697380066,0.05108126997947693,0.8725774884223938,0.4929824471473694,-0.4451849162578583,-0.8954386711120605,7.819611549377441,0.7302918434143066,0.05096340924501419,0.0,61.43728256225586,0.800000011920929,7.558594226837158,1.034395694732666,-0.2610170841217041,7.558594226837158,13.175590515136719,0.1500621885061264,7.558594226837158,0.10534303663017332,0.025723827154636395,0.15182657773531652,542.978559881518,0.8738638981457243,0.04457367210697305,1.2640009113792243,-0.6481337110527569,1.8489354223868644,-1.4479426305799765
0.992533266544342,0.026111194863915443,0.8588922023773193,0.48524633049964905,-0.4490548074245453,-0.8935042023658752,7.831540107727051,0.7105948328971863,0.026301559060811996,1.0,0.008599232882261276,0.800000011920929,25.65991973876953,0.3051932752132416,17.828380584716797,8.510882377624512,13.270820617675781,-1.9054484367370605,8.510882377624512,0.09888507074111483,0.024541794626712805,4.693576628875274,547.6721365103932,0.8746973357315466,0.023011224300267807,1.2583042476665371,-0.6823685940154388,1.8511049533456077,-1.4758075314431802
0.9834391474723816,0.0009890359360724688,0.8453002572059631,0.47734951972961426,-0.45295703411102295,-0.8915323615074158,8.093632698059082,0.6903039216995239,0.0010056906612589955,1.0,0.01644892245531082,0.800000011920929,18.579851150512695,0.435589998960495,10.486217498779297,8.135981559753418,11.518425941467285,-1.1604299545288086,8.135981559753418,0.0874787004701804,0.0,4.697205905434414,552.3693424158276,0.8749995537354277,0.0008799736401176039,1.2523752001710107,-0.7163050705515432,1.8530454074350329,-1.5032408843417948
0.9741193652153015,-0.02419879660010338,0.8317018747329712,0.4693991541862488,-0.4569431245326996,-0.8894959092140198,7.799164772033691,0.6695802211761475,-0.02483660727739334,1.0,0.024299513548612595,0.800000011920929,15.286934852600098,0.5101516246795654,7.487769603729248,7.773122787475586,10.437753677368164,-0.8348680138587952,7.773122787475586,0.07158175948742625,0.027789435789585124,4.689588291182566,557.0589307070102,0.8747301696034236,-0.021729812958309225,1.2461579900134996,-0.7498761915385456,1.854615996226745,-1.5302380039041235
0.9645922183990479,-0.049187470227479935,0.8180883526802063,0.4614364802837372,-0.46081021428108215,-0.887498676776886,7.841961860656738,0.6484919786453247,-0.050948891788721085,1.0,0.03215143084526062,0.800000011920929,13.334052085876465,0.588071346282959,5.492089748382568,7.558594226837158,9.66491985321045,-0.6417175531387329,7.558594226837158,0.05169335070523284,0.02352177704095841,4.687029776096405,561.7459604831066,0.873864611047261,-0.044560977900833854,1.2397897574033057,-0.7827462408590471,1.8561452928712017,-1.5563212691903419
0.9548687934875488,-0.07384242862462997,0.8044371604919434,0.453481525182724,-0.46445825695991516,-0.8855950236320496,7.824141502380371,0.6270980834960938,-0.07717893272638321,1.0,0.04000510647892952,0.800000011920929,11.912996292114258,0.6567184925079346,4.088854789733887,7.558594226837158,9.087373733520508,-0.48382246494293213,7.558594226837158,0.028321299970253257,0.02531329515695573,4.6849400357169575,566.4309005188236,0.8723952841730438,-0.0674645257841871,1.2333922871226561,-0.8147324162117073,1.8578019833206418,-1.5812518259552601
0.9449750781059265,-0.09854091703891754,0.7908374667167664,0.44542643427848816,-0.4681078791618347,-0.8836713433265686,7.882702827453613,0.6053047776222229,-0.10390332341194153,1.0,0.047860968858003616,0.800000011920929,10.940986633300781,0.7204087376594543,3.058283805847168,7.558594226837158,8.651933670043945,-0.37582138180732727,7.558594226837158,0.0018641719018760439,0.019467714159488687,4.683369552094465,571.1142700709181,0.8702810456231531,-0.09075191575447322,1.2267854615688165,-0.8462292618040204,1.8592108752526524,-1.6055530109499
0.9349052309989929,-0.12295759469270706,0.77719646692276,0.4373757839202881,-0.47158142924308777,-0.8818225264549255,7.875891208648682,0.583280086517334,-0.13076825439929962,1.0,0.055719438940286636,0.800000011920929,10.10383415222168,0.7794181704521179,2.227942705154419,7.558594226837158,8.31369400024414,-0.2828044295310974,7.558594226837158,-0.027216028314868572,0.020155913870334632,4.681159390931364,575.7954294618495,0.8675292405986454,-0.11409637821474689,1.2201036102687877,-0.8768896692680532,1.86064479571745,-1.6287846180016328
0.9247317910194397,-0.14722752571105957,0.7635960578918457,0.4293195903301239,-0.4749586880207062,-0.8800081014633179,7.9648284912109375,0.5610308647155762,-0.15788590908050537,1.0,0.0635809451341629,0.800000011920929,9.469593048095703,0.8410062789916992,1.5047646760940552,7.558594226837158,8.059170722961426,-0.21233320236206055,7.558594226837158,-0.05850631800986855,0.011269632141590127,4.679348029372697,580.4747774912222,0.8641166471185314,-0.13757692583946163,1.2133141815672137,-0.9067944170075166,1.861949648684246,-1.6511264532180798
0.9143983125686646,-0.17112742364406586,0.7499220967292786,0.42125943303108215,-0.47807666659355164,-0.8783181309700012,7.76118278503418,0.5386422872543335,-0.1850074827671051,1.0,0.07144590467214584,0.800000011920929,8.909153938293457,0.8710492849349976,1.1479706764221191,7.558594226837158,7.868070125579834,-0.1500621885061264,7.558594226837158,-0.0915661810668354,0.03163631304979325,4.6754205686733465,585.1501980598955,0.8600680204776283,-0.1609596673558137,1.2065774152180273,-0.9357313538746448,1.8634116857350778,-1.6722345896205675
0.903939425945282,-0.19480383396148682,0.7362279295921326,0.4131518602371216,-0.4810095429420471,-0.876715362071991,7.911318778991699,0.5161058306694031,-0.2122591882944107,1.0,0.07931474596261978,0.800000011920929,8.510882377624512,0.9294440746307373,0.5995635390281677,7.558594226837158,7.7330145835876465,-0.10580979287624359,7.558594226837158,-0.1260132409872739,0.016637042686939246,4.6741870830563075,589.8243851429518,0.8553627782848715,-0.1843353296495366,1.1998097728851955,-0.9638400832951178,1.8648804365765934,-1.692310376500541
0.8933778405189514,-0.21787992119789124,0.7223652601242065,0.4052131772041321,-0.48363935947418213,-0.8752673864364624,7.816830158233643,0.49370548129081726,-0.23921352624893188,1.0,0.08718787133693695,0.800000011920929,8.135981559753418,0.9606547355651855,0.31915146112442017,7.558594226837158,7.637785911560059,-0.06415414810180664,7.558594226837158,-0.16141634674477018,0.026091225636005407,4.670884476593385,594.4952696195452,0.850084060103056,-0.207321299417453,1.193167549597369,-0.990765952115658,1.8666248417644353,-1.7108841525572573
0.8826728463172913,-0.24112221598625183,0.708590567111969,0.3969505727291107,-0.48616671562194824,-0.873866081237793,7.708859443664551,0.47098150849342346,-0.2666666805744171,1.0,0.09506571292877197,0.800000011920929,7.773121356964111,0.9916052222251892,0.06426190584897995,7.558594226837158,7.580046653747559,-0.02383650653064251,7.558594226837158,-0.1975319515575764,0.036899287283420575,4.666942814829066,599.1622124343743,0.8440728715605621,-0.23057773590908126,1.1863716264233692,-1.0172291840736483,1.8681318173268773,-1.7288865851923472
0.872032880783081,-0.26341232657432556,0.6946539282798767,0.38887739181518555,-0.4880405068397522,-0.8728209733963013,7.761172294616699,0.44851091504096985,-0.29335203766822815,1.0,0.10294867306947708,0.800000011920929,7.558594226837158,1.026665210723877,-0.20257782936096191,7.558594226837158,7.558594703674316,0.0,7.558594226837158,-0.23391888650772785,0.03168547062158585,4.664771538341514,603.8269839727158,0.8376199609777877,-0.2530173193690413,1.1801635667856554,-1.0420034553221886,1.870613725088526,-1.7446263593178268
0.8614442348480225,-0.28524553775787354,0.6806586384773254,0.3808962404727936,-0.48960351943969727,-0.8719452023506165,7.879794120788574,0.42623236775398254,-0.3197615444660187,1.0,0.11083716154098511,0.800000011920929,7.558594226837158,1.0423567295074463,-0.3211996555328369,7.558594226837158,7.558594703674316,0.0,7.558594226837158,-0.2702829470005542,0.019837617666721354,4.6628773562644215,608.4898613289802,0.8306465528570779,-0.27504768212261604,1.1741860162095166,-1.0656314452413032,1.8733802580527597,-1.758946621968159
0.8508853316307068,-0.30644601583480835,0.6664362549781799,0.37334567308425903,-0.4910518229007721,-0.8711303472518921,8.091634750366211,0.4045192003250122,-0.34568801522254944,1.0,0.11873158812522888,0.800000011920929,7.558594226837158,1.0703794956207275,-0.5330402851104736,7.558594226837158,7.558594703674316,0.0,7.558594226837158,-0.30634180916018083,0.0,4.660243107376133,613.1501044363563,0.8232372263964357,-0.29648856380536737,1.1682882019354017,-1.0881005967942496,1.8761529824526204,-1.7719526931916434
0.8405110239982605,-0.3275796175003052,0.6524462699890137,0.3653838038444519,-0.4919741451740265,-0.8706098198890686,7.623513698577881,0.38261401653289795,-0.37162917852401733,1.0,0.12663234770298004,0.800000011920929,7.558594226837158,1.0084553956985474,-0.06491924077272415,7.558594226837158,7.558594703674316,0.0,7.558594226837158,-0.34193168680243513,0.045472872240543374,4.653977900705564,617.8040823370618,0.8152698772967699,-0.3177421506938192,1.162833806712217,-1.1095568474340456,1.8794717369800245,-1.7836075731631917
0.830314576625824,-0.34808647632598877,0.6383479833602905,0.35761359333992004,-0.49249082803726196,-0.8703176379203796,7.710007667541504,0.36115342378616333,-0.396966814994812,1.0,0.13453984260559082,0.800000011920929,7.558594226837158,1.0198969841003418,-0.1514132022857666,7.558594226837158,7.558594703674316,0.0,7.558594226837158,-0.376829730251095,0.036846064522266395,4.652084043441822,622.4561663805036,0.8069581978007273,-0.3382949462470368,1.157805679602728,-1.12968098226378,1.8833005342492755,-1.793592008241397
0.8201577067375183,-0.36858025193214417,0.6242489814758301,0.349846214056015,-0.493007630109787,-0.8700249791145325,8.130049705505371,0.3400125205516815,-0.4223562777042389,1.0,0.14245446026325226,0.800000011920929,7.558594226837158,1.0754611492156982,-0.5714552402496338,7.558594226837158,7.558594703674316,0.0,7.558594226837158,-0.4109416972875141,0.0,4.650447970256165,627.1066143507599,0.7981098798461054,-0.35867194543717634,1.1526435686137333,-1.1491735598079185,1.8867426302051966,-1.8029497062658653
0.810853898525238,-0.3871552646160126,0.6099875569343567,0.34307625889778137,-0.4924933612346649,-0.870316207408905,7.406856536865234,0.3200647532939911,-0.4454585313796997,1.0,0.1503765732049942,0.800000011920929,7.558594226837158,0.979795515537262,0.15173792839050293,7.558594226837158,7.558594703674316,0.0,7.558594226837158,-0.4439075463406132,0.06717857712984086,4.640680901012728,631.7472952517726,0.789611523093671,-0.377012733304579,1.1491246535269168,-1.1658051149483852,1.8923591014726182,-1.8085485058107555
0.8016318678855896,-0.406103253364563,0.5958991646766663,0.33587151765823364,-0.4918672442436218,-0.8706701993942261,7.811648845672607,0.3001443147659302,-0.46891021728515625,1.0,0.15830659866333008,0.800000011920929,7.558594226837158,1.0333423614501953,-0.2530543804168701,7.558594226837158,7.558594703674316,0.0,7.558594226837158,-0.4757615532452539,0.026734934856891643,4.643421994006466,636.390717245779,0.7805536376758248,-0.39542511418524134,1.1455230430005325,-1.1820504731381452,1.8976228249599687,-1.8137802294522998
0.7925131320953369,-0.425067275762558,0.5818125605583191,0.3286658227443695,-0.49124106764793396,-0.8710236549377441,8.11882495880127,0.2806735634803772,-0.49230581521987915,1.0,0.16624487936496735,0.800000011920929,7.558594226837158,1.0739762783050537,-0.5602304935455322,7.558594226837158,7.558594703674316,0.0,7.558594226837158,-0.5064891775719174,0.0,4.640483030048798,641.0312002758278,0.7710896898388321,-0.4135767463899236,1.141809076339821,-1.1977136880432029,1.9024697492374947,-1.818507478094723
0.7834828495979309,-0.44437143206596375,0.5678702592849731,0.3210379481315613,-0.49048975110054016,-0.871446967124939,7.405333518981934,0.2613827586174011,-0.5159332752227783,1.0,0.17419181764125824,0.800000011920929,7.558594226837158,0.9795939922332764,0.1532609462738037,7.558594226837158,7.558594703674316,0.0,7.558594226837158,-0.5361142889305012,0.06737776859521867,4.6308280209529045,645.6620282967807,0.761103537480607,-0.4316784748890447,1.137978932706154,-1.2129578261327407,1.9069259123818885,-1.8228856627500645
0.7758151888847351,-0.46092814207077026,0.5536341071128845,0.31533750891685486,-0.4886821508407593,-0.8724619150161743,7.682674407958984,0.24404585361480713,-0.5360855460166931,1.0,0.18214774131774902,0.800000011920929,7.558594226837158,1.016281247138977,-0.12407995015382767,7.558594226837158,7.558594703674316,0.0,7.558594226837158,-0.5642947169890233,0.03967935968637467,4.6321235728509915,650.2941518696317,0.7522503472361664,-0.4469277730728534,1.1363655657861178,-1.224709039405717,1.9141807120371577,-1.8226649980055358
0.768310546875,-0.47752049565315247,0.5394033789634705,0.3096368610858917,-0.4868724048137665,-0.8734731078147888,8.136592864990234,0.2272047996520996,-0.5560930371284485,1.0,0.19011302292346954,0.800000011920929,7.558594226837158,1.076326608657837,-0.5779983997344971,7.558594226837158,7.558594703674316,0.0,7.558594226837158,-0.5910964915361314,0.0,4.63019708427846,654.9243489539102,0.7431584538608232,-0.46188797664997966,1.134672249854709,-1.2359667611266651,1.92105789438934,-1.8219898150515537
0.7609557509422302,-0.49460580945014954,0.5253665447235107,0.30325913429260254,-0.4848020672798157,-0.8746238946914673,7.41473913192749,0.2104422003030777,-0.5763609409332275,1.0,0.19808802008628845,0.800000011920929,7.558594226837158,0.9808382391929626,0.14385533332824707,7.558594226837158,7.558594703674316,0.0,7.558594226837158,-0.6166200330263477,0.06649192682504655,4.621337967887972,659.5456869217982,0.7336449694728108,-0.4768543288886258,1.1329503932025373,-1.2469022850253402,1.9276836478828758,-1.8209854799697807
0.754676342010498,-0.5102840065956116,0.511365532875061,0.298004150390625,-0.48217594623565674,-0.8760743737220764,7.837080955505371,0.19500374794006348,-0.5945480465888977,1.0,0.2060730755329132,0.800000011920929,7.558594226837158,1.036706566810608,-0.2784864902496338,7.558594226837158,7.558594703674316,0.0,7.558594226837158,-0.640751728639298,0.024292860119342813,4.6236272658750766,664.1693141876732,0.7248515786051857,-0.4901175992040406,1.132547567476207,-1.2557009061204196,1.9356835016220577,-1.8173770098879944
0.7495697736740112,-0.5249204635620117,0.497595876455307,0.293226957321167,-0.4786408245563507,-0.8780108094215393,7.031919002532959,0.18043740093708038,-0.6109244227409363,1.0,0.21406850218772888,0.800000011920929,7.558594226837158,0.9301978945732117,0.5266754627227783,7.558594226837158,7.558594703674316,0.0,7.558594226837158,-0.6634393068456199,0.10481883055925371,4.6088661087576055,668.7781802964308,0.7167283666455897,-0.501921792472866,1.1336956931647568,-1.2624320846929247,1.9454362301868626,-1.8109726545964988
0.744698703289032,-0.5396077632904053,0.4838314354419708,0.2884458303451538,-0.4750978946685791,-0.8799329400062561,8.31193733215332,0.1664251983165741,-0.6270451545715332,1.0,0.22207462787628174,0.800000011920929,7.558594226837158,1.0995216369628906,-0.753342866897583,7.558594226837158,7.558594703674316,0.0,7.558594226837158,-0.6847812581152397,0.0,4.6152637704013655,673.3934440668322,0.7085442015954772,-0.5134102756432627,1.1347579436032245,-1.268757425001442,1.9547839919776968,-1.804272325504316
0.740065336227417,-0.5543400645256042,0.4700688123703003,0.28366196155548096,-0.47154685854911804,-0.8818410038948059,8.30395221710205,0.15298229455947876,-0.6428877711296082,1.0,0.23009179532527924,0.800000011920929,7.558594226837158,1.0984653234481812,-0.7453577518463135,7.558594226837158,7.558594703674316,0.0,7.558594226837158,-0.70486674581588,0.0,4.6121464906594785,678.0055905574917,0.7003219025006056,-0.5245705764819694,1.1357218858620846,-1.274693632286958,1.9637578066088972,-1.7971449362869518
0.7358217239379883,-0.5699548721313477,0.456767737865448,0.27783313393592834,-0.46763259172439575,-0.8839229345321655,7.525569915771484,0.13960061967372894,-0.6590494513511658,1.0,0.23812028765678406,0.800000011920929,7.558594226837158,0.9954991340637207,0.03302454203367233,7.558594226837158,7.558594703674316,0.0,7.558594226837158,-0.723823193434934,0.05551182409524919,4.607657166008452,682.6132477235002,0.6917527851812144,-0.5358198849595731,1.1366781275937359,-1.2803910247044377,1.9723500668651972,-1.7899431815814686
0.7344903349876404,-0.5823166966438293,0.44406962394714355,0.2750329077243805,-0.46263566613197327,-0.8865485191345215,6.456594944000244,0.1284850388765335,-0.6703459620475769,1.0,0.2461603879928589,0.800000011920929,7.558594226837158,0.8540927767753601,1.1019995212554932,7.558594226837158,7.558594703674316,0.0,7.558594226837158,-0.7413854516973929,0.16243778707742693,4.588188631656639,687.2014363551568,0.6856559457311722,-0.5435999724741769,1.140973689824945,-1.281913269499607,1.9845875011378933,-1.7776568040535818
0.7334473133087158,-0.5947026014328003,0.4313778877258301,0.27223390340805054,-0.4576236605644226,-0.8891459703445435,8.44700813293457,0.11787015944719315,-0.6813110709190369,1.0,0.2542124092578888,0.800000011920929,7.558594226837158,1.1173890829086304,-0.888413667678833,7.558594226837158,7.558594703674316,0.0,7.558594226837158,-0.7576727338246634,0.0,4.6007716237259855,691.8022079788828,0.6796541793431402,-0.5510854324487974,1.145196425775811,-1.2831197119098436,1.9964718908300088,-1.7649962977155096
0.7327110171318054,-0.6078311800956726,0.41893842816352844,0.26838335394859314,-0.45219892263412476,-0.8919171094894409,6.86554479598999,0.10729584842920303,-0.6925100088119507,1.0,0.26227661967277527,0.800000011920929,7.558594226837158,0.9081895351409912,0.6930496692657471,7.558594226837158,7.558594703674316,0.0,7.558594226837158,-0.7728317842889821,0.12163540618181229,4.589347431064833,696.3915554099477,0.6734401143263405,-0.558662129238942,1.1493863470621135,-1.2841678324549333,2.0080411335053894,-1.7522253783637411
0.7322870492935181,-0.6209726929664612,0.4064955711364746,0.264534592628479,-0.44675710797309875,-0.8946552872657776,8.37602710723877,0.097276471555233,-0.7033264636993408,1.0,0.2703532576560974,0.800000011920929,7.558594226837158,1.107999563217163,-0.8174326419830322,7.558594226837158,7.558594703674316,0.0,7.558594226837158,-0.7869495874876784,0.0,4.5964031484161305,700.9879585583639,0.6673581554889946,-0.5659135643835957,1.1534447244308748,-1.2849364910539385,2.019228636672993,-1.7390867677597655
0.7337409257888794,-0.6320073008537292,0.39430704712867737,0.26246538758277893,-0.44052407145500183,-0.8977407813072205,8.322700500488281,0.08856485784053802,-0.7110462188720703,1.0,0.2784425914287567,0.800000011920929,7.558594226837158,1.1009453535079956,-0.764106035232544,7.558594226837158,7.558594703674316,0.0,7.558594226837158,-0.7999250864231447,0.0,4.594774956508594,705.5827335148724,0.6629695516507642,-0.5710484819092202,1.1597135781933516,-1.2830256177689794,2.0327236464469376,-1.7225592861325023
0.7372284531593323,-0.6425103545188904,0.3832205832004547,0.26084011793136597,-0.43353551626205444,-0.9011364579200745,5.069311618804932,0.08060033619403839,-0.7168564200401306,1.0,0.2865448594093323,0.800000011920929,7.558594226837158,0.6705798506736755,2.4892828464508057,7.558594226837158,7.558594703674316,0.0,7.558594226837158,-0.8117584112233751,0.3013267912125588,4.555099196322943,710.1378327111954,0.659640518895572,-0.5748908151707119,1.1674381318141858,-1.2793252865195042,2.047478752333273,-1.7040388076301038
0.7410644888877869,-0.6529725790023804,0.3721347451210022,0.2592177987098694,-0.4265211224555969,-0.904477596282959,8.79566764831543,0.07306665927171707,-0.7222900986671448,1.0,0.2946602702140808,0.800000011920929,7.558594226837158,1.1635105609893799,-1.2370731830596924,7.558594226837158,7.558594703674316,0.0,7.558594226837158,-0.8225544496297479,0.0,4.578379668012445,714.7162123792078,0.6565069180195756,-0.578466585617511,1.1751019237698435,-1.2753364202234492,2.0618494104276404,-1.6852998274682691
0.74524986743927,-0.6633862853050232,0.361046701669693,0.2575966715812683,-0.41948065161705017,-0.9077642560005188,8.785961151123047,0.06595556437969208,-0.7273479700088501,1.0,0.30278903245925903,0.800000011920929,7.558594226837158,1.1622265577316284,-1.2273666858673096,7.558594226837158,7.558594703674316,0.0,7.558594226837158,-0.8324067557969769,0.0,4.576456517841539,719.2926688970493,0.65357277886417,-0.5817796968436262,1.18264898536196,-1.2711230437841587,2.075839829176352,-1.6663077293571074
0.7504236102104187,-0.6728575825691223,0.35006654262542725,0.2567182779312134,-0.4121039807796478,-0.9111368060112,8.639378547668457,0.05950869619846344,-0.7309539914131165,1.0,0.31093135476112366,0.800000011920929,7.558594226837158,1.1428362131118774,-1.0807840824127197,7.558594226837158,7.558594703674316,0.0,7.558594226837158,-0.8413303816954053,0.0,4.578951662684406,723.8716205597337,0.6514706583700786,-0.5841326801888812,1.191056721809096,-1.265684804464568,2.0905408274352064,-1.6456895682362673
0.7567957639694214,-0.6823675036430359,0.3395971655845642,0.2551494538784027,-0.4038207530975342,-0.9148381352424622,6.6416707038879395,0.053279973566532135,-0.7337278723716736,1.0,0.3190873861312866,0.800000011920929,7.558594226837158,0.8785750269889832,0.9169237613677979,7.558594226837158,7.558594703674316,0.0,7.558594226837158,-0.849380123198502,0.14426672400712967,4.570653148403469,728.4422737081372,0.6498478101506557,-0.5859375568768209,1.200216526071757,-1.2592654677566837,2.1059111304079616,-1.6237643484192286
0.7540247440338135,-0.6718824505805969,0.3299216330051422,0.25475677847862244,-0.3953521251678467,-0.9185296297073364,5.3258843421936035,0.05220157653093338,-0.7278547286987305,0.0,0.3190873861312866,0.800000011920929,7.558594226837158,0.7045198678970337,2.232710123062134,7.558594226837158,7.558594703674316,0.0,7.558594226837158,-0.856108962418428,0.27592685993433,0.07652645680650487,728.5188001649437,0.6532778177797207,-0.5821107482084551,1.2095830631371562,-1.2506181786458987,2.120832653995419,-1.6003858073165933
0.7511665225028992,-0.6614315509796143,0.3202499747276306,0.25443533062934875,-0.38683584332466125,-0.922148585319519,8.68183708190918,0.05113636702299118,-0.7219586968421936,0.0,0.3190873861312866,0.800000011920929,7.558594226837158,1.1484527587890625,-1.1232426166534424,7.558594226837158,7.558594703674316,0.0,7.558594226837158,-0.8616657677680507,0.0,0.10208309878434556,728.620883263728,0.6566986234210072,-0.5782489363434169,1.218947961211744,-1.2418273991579623,2.1355642457456443,-1.5767711490379284
0.7594917416572571,-0.6697611212730408,0.31062307953834534,0.2542346715927124,-0.3782409727573395,-0.9257071614265442,8.67933177947998,0.04584386572241783,-0.7226989269256592,1.0,0.32725727558135986,0.800000011920929,7.558594226837158,1.1481213569641113,-1.1207373142242432,7.558594226837158,7.558594703674316,0.0,7.558594226837158,-0.8666168736783528,0.0,4.572072978803062,733.1929562425311,0.656270338155559,-0.5787349323134083,1.2292648377951791,-1.2334317902214258,2.1512589337823553,-1.5527403629658298
0.756445586681366,-0.6596701145172119,0.3007800579071045,0.25318774580955505,-0.36920592188835144,-0.9293476343154907,6.098793029785156,0.04459294676780701,-0.7171655893325806,0.0,0.32725727558135986,0.800000011920929,7.558594226837158,0.8067619204521179,1.459801435470581,7.558594226837158,7.558594703674316,0.0,7.558594226837158,-0.8706244153158246,0.1987964381146431,0.08892975099745606,733.2818859935285,0.6594626561044774,-0.575094699256058,1.2386693204431487,-1.2243270005148956,2.1656492455145324,-1.5281862722518302
0.7657787799835205,-0.6674317717552185,0.2912556827068329,0.2528313398361206,-0.35979750752449036,-0.9330304265022278,8.596328735351562,0.0396590456366539,-0.716885507106781,1.0,0.3354412019252777,0.800000011920929,7.558594226837158,1.137141466140747,-1.0377342700958252,7.558594226837158,7.558594703674316,0.0,7.558594226837158,-0.8741420835058458,0.0,4.571736641673262,737.8536226352018,0.6596237514206293,-0.5749099719839817,1.2496724539982869,-1.2146913293688637,2.181700555593723,-1.502088711513493
0.7648829817771912,-0.6564169526100159,0.28289589285850525,0.25292059779167175,-0.3500690460205078,-0.9367238879203796,3.9972519874572754,0.03889543190598488,-0.7092311382293701,0.0,0.3354412019252777,0.800000011920929,7.558594226837158,0.5287653803825378,3.561342477798462,7.558594226837158,7.558594703674316,0.0,7.558594226837158,-0.8767385242658029,0.40906461476564415,0.05766731845744841,737.9112899536592,0.6640049302715826,-0.5698441349319341,1.2607682471759483,-1.2033187657985605,2.197242105217596,-1.4753721273346128
0.7637042999267578,-0.6456810832023621,0.2745019197463989,0.2528705894947052,-0.34038689732551575,-0.9402854442596436,8.935742378234863,0.03808828443288803,-0.7018522024154663,0.0,0.3354412019252777,0.800000011920929,7.558594226837158,1.1820398569107056,-1.377147912979126,7.558594226837158,7.558594703674316,0.0,7.558594226837158,-0.8785319205000214,0.0,0.09554443354134415,738.0068343872006,0.6681917304707533,-0.5649290835424666,1.2715572246187143,-1.1920658226280305,2.2122043572952967,-1.4486287258751838
0.7748354077339172,-0.653150200843811,0.2661057114601135,0.2528183162212372,-0.33066892623901367,-0.94374680519104,8.921278953552246,0.03373124450445175,-0.7003889679908752,1.0,0.3436392843723297,0.800000011920929,7.558594226837158,1.180126667022705,-1.3626844882965088,7.558594226837158,7.558594703674316,0.0,7.558594226837158,-0.880014661981073,0.0,4.557951163327835,742.5647855505284,0.6690176156381994,-0.5639507682419237,1.2828984872345914,-1.181171605657876,2.227627324048799,-1.421596222524151
0.7738150954246521,-0.6422326564788818,0.2578299641609192,0.25297513604164124,-0.32081130146980286,-0.9471431374549866,8.95167350769043,0.033019211143255234,-0.6927419304847717,0.0,0.3436392843723297,0.800000011920929,7.558594226837158,1.1841473579406738,-1.3930790424346924,7.558594226837158,7.558594703674316,0.0,7.558594226837158,-0.8807966503917558,0.0,0.09595245969027227,742.6607380102187,0.6733105450094422,-0.5588183296812965,1.2938087748882567,-1.169286895178186,2.242210027375464,-1.3941432836275813
0.7856303453445435,-0.6490982174873352,0.24928709864616394,0.2526494860649109,-0.31034642457962036,-0.9506235122680664,3.8061392307281494,0.028929946944117546,-0.6905215382575989,1.0,0.35185158252716064,0.800000011920929,7.558594226837158,0.5034846067428589,3.752455234527588,7.558594226837158,7.558594703674316,0.0,7.558594226837158,-0.8813320952321515,0.42841605531930926,4.5140174485070945,747.1747554587257,0.6745496499926351,-0.5573219639197995,1.305538897869904,-1.157311791704511,2.2576051185467048,-1.36530006318331
0.7859382629394531,-0.6369885802268982,0.24171626567840576,0.2537078559398651,-0.29969048500061035,-0.9540364742279053,6.629685878753662,0.028509441763162613,-0.6810996532440186,0.0,0.35185158252716064,0.800000011920929,7.558594226837158,0.8769896030426025,0.9289085865020752,7.558594226837158,7.558594703674316,0.0,7.558594226837158,-0.8811399956992363,0.14631302216291428,0.10000951265101637,747.2747649713767,0.679770739740311,-0.55094176080228,1.3177519538050706,-1.1433702936696084,2.273083361242294,-1.335041355615652
0.7856267690658569,-0.6253947615623474,0.23392614722251892,0.2544199526309967,-0.2892077565193176,-0.9572663307189941,8.38305377960205,0.02799149602651596,-0.6723251342773438,0.0,0.35185158252716064,0.800000011920929,7.558594226837158,1.1089290380477905,-0.8244593143463135,7.558594226837158,7.558594703674316,0.0,7.558594226837158,-0.880338661529506,0.0,0.11457927570408066,747.3893442470808,0.6845786935855968,-0.5449559319483063,1.3293760898769398,-1.1298076037961917,2.2876402622835763,-1.305362896512316
0.7983690500259399,-0.6313080787658691,0.2256961315870285,0.25492215156555176,-0.2787749767303467,-0.9603564739227295,4.860647678375244,0.024447329342365265,-0.6690734624862671,1.0,0.36007821559906006,0.800000011920929,7.558594226837158,0.6429772973060608,2.697946786880493,7.558594226837158,7.558594703674316,0.0,7.558594226837158,-0.8793942358174655,0.32329906104803086,4.526586852936292,751.915931100017,0.686347121887251,-0.5427270325618182,1.3410706436539108,-1.1167922537059405,2.302114520786178,-1.275581833192395
0.7973947525024414,-0.6198981404304504,0.21746543049812317,0.25541815161705017,-0.26830965280532837,-0.9633327126502991,8.889572143554688,0.023875460028648376,-0.6608104705810547,0.0,0.36007821559906006,0.800000011920929,7.558594226837158,1.1759324073791504,-1.3309776782989502,7.558594226837158,7.558594703674316,0.0,7.558594226837158,-0.8779497756171963,0.0,0.10193542136960834,752.0178665213866,0.6908080880892599,-0.5370372636900496,1.3521055977528973,-1.1033553252834079,2.3155629645038225,-1.245611895626303
0.7966830134391785,-0.6081138849258423,0.20924049615859985,0.2558113932609558,-0.25711941719055176,-0.9663796424865723,5.813475608825684,0.02328166924417019,-0.651963472366333,0.0,0.36007821559906006,0.800000011920929,7.558594226837158,0.7690194845199585,1.7451188564300537,7.558594226837158,7.558594703674316,0.0,7.558594226837158,-0.8760080669345858,0.2282046291422844,0.08942193737814227,752.1072884587647,0.695532195162526,-0.530904748071695,1.3637783785081563,-1.0888070107345293,2.329432600216757,-1.2139459067325316
0.810833752155304,-0.6128891110420227,0.2017110139131546,0.25717079639434814,-0.24649593234062195,-0.969143807888031,5.267589569091797,0.020288823172450066,-0.6472505927085876,1.0,0.36831921339035034,0.800000011920929,7.558594226837158,0.6968084573745728,2.2910048961639404,7.558594226837158,7.558594703674316,0.0,7.558594226837158,-0.8739338670903051,0.2829244245791435,4.529377165645769,756.6366656244105,0.6980266066799351,-0.5276209766946264,1.37573545172629,-1.0743228542400063,2.3432657321110146,-1.182749786070818
0.8102681636810303,-0.6011332273483276,0.194056898355484,0.25832095742225647,-0.23596808314323425,-0.9717608094215393,8.760857582092285,0.019911620765924454,-0.6382931470870972,0.0,0.36831921339035034,0.800000011920929,7.558594226837158,1.1589057445526123,-1.2022631168365479,7.558594226837158,7.558594703674316,0.0,7.558594226837158,-0.8714069565326458,0.0,0.10881058890810465,756.7454762133186,0.7027245811386151,-0.5213473043310854,1.3868103908999,-1.0598433935918483,2.355896945997722,-1.151938097114278
0.8090857267379761,-0.5893365740776062,0.18582846224308014,0.25925570726394653,-0.22516444325447083,-0.9743207693099976,5.639183521270752,0.01944933831691742,-0.6295320391654968,0.0,0.36831921339035034,0.800000011920929,7.558594226837158,0.7459637522697449,1.9194109439849854,7.558594226837158,7.558594703674316,0.0,7.558594226837158,-0.8684820207641679,0.24592897398710253,0.08816339229525787,756.8336396056139,0.7072652369449667,-0.5151706920068728,1.3978301083905575,-1.0450804276627441,2.368189808929617,-1.1202152605636495
0.8233200907707214,-0.5934185981750488,0.17781925201416016,0.2604832649230957,-0.2141653299331665,-0.9767974019050598,8.75888729095459,0.016682663932442665,-0.6245253086090088,1.0,0.37657466530799866,0.800000011920929,7.558594226837158,1.1586451530456543,-1.2002928256988525,7.558594226837158,7.558594703674316,0.0,7.558594226837158,-0.8654975987320856,0.0,4.5536305937268065,761.3872701993407,0.7098356333110021,-0.5116231930422543,1.409447538508664,-1.0298389861684734,2.380833122926383,-1.0876002677514884
0.822199285030365,-0.581152617931366,0.16947856545448303,0.26145848631858826,-0.20278562605381012,-0.9792231321334839,3.9222280979156494,0.016248352825641632,-0.6152931451797485,0.0,0.37657466530799866,0.800000011920929,7.558594226837158,0.5188410878181458,3.636366367340088,7.558594226837158,7.558594703674316,0.0,7.558594226837158,-0.8621079472714429,0.41776616531133653,0.061058164975063486,761.4483283643158,0.7145287306066179,-0.505048159315309,1.4206858677425123,-1.0140431671370922,2.3928392911832868,-1.0542412160171684
0.8380959033966064,-0.58344566822052,0.16242143511772156,0.26417553424835205,-0.19162540137767792,-0.981468141078949,9.257880210876465,0.014030763879418373,-0.6081415414810181,1.0,0.3848445415496826,0.800000011920929,7.558594226837158,1.2246530055999756,-1.6992857456207275,7.558594226837158,7.558594703674316,0.0,7.558594226837158,-0.858520215547107,0.0,4.531209472094463,765.9795378364103,0.7181223232226599,-0.4999253170760451,1.433009242647187,-0.9968773722317468,2.405529234667975,-1.0197584132559696
0.8372839689254761,-0.5707646012306213,0.1544996201992035,0.26570239663124084,-0.18023884296417236,-0.9836228489875793,3.9498653411865234,0.013735917396843433,-0.5983285307884216,0.0,0.3848445415496826,0.800000011920929,7.558594226837158,0.5224969983100891,3.608729124069214,7.558594226837158,7.558594703674316,0.0,7.558594226837158,-0.8545196865665692,0.4152471072983742,0.06227375596818785,766.0418115923784,0.722993509788528,-0.49285435268251937,1.4442302113207626,-0.9802408260756372,2.4168358591811225,-0.9856519101450363
0.8363632559776306,-0.5581089854240417,0.14662379026412964,0.2672845125198364,-0.16879819333553314,-0.9856506586074829,9.120332717895508,0.013450887985527515,-0.5884440541267395,0.0,0.3848445415496826,0.800000011920929,7.558594226837158,1.2064579725265503,-1.5617382526397705,7.558594226837158,7.558594703674316,0.0,7.558594226837158,-0.8501298963763059,0.0,0.0999462869574305,766.1417578793358,0.7278296893781866,-0.48568403885554273,1.4553205527632727,-0.9633789171237023,2.4277383770129126,-0.9513103825432621
0.8517704606056213,-0.5605790019035339,0.13879922032356262,0.2688881456851959,-0.1573239117860794,-0.9875470399856567,9.10385799407959,0.011254129000008106,-0.5820720195770264,1.0,0.39312881231307983,0.800000011920929,7.558594226837158,1.204278588294983,-1.5452635288238525,7.558594226837158,7.558594703674316,0.0,7.558594226837158,-0.8456919278196995,0.0,4.5363368630632825,770.6780947423991,0.7309096226303445,-0.4810364872592356,1.4665397426038949,-0.9463664987665504,2.4384169816189654,-0.9166262156864728
0.8511809706687927,-0.5478342175483704,0.131554514169693,0.27093929052352905,-0.14615917205810547,-0.9892610907554626,3.8188841342926025,0.011090420186519623,-0.5718746781349182,0.0,0.39312881231307983,0.800000011920929,7.558594226837158,0.5051705241203308,3.7397103309631348,7.558594226837158,7.558594703674316,0.0,7.558594226837158,-0.8408554095195909,0.4285882360672951,0.061225066142148454,770.7393198085413,0.7357768627784298,-0.4735582055834723,1.4772981056007095,-0.9291094154290797,2.448335918656232,-0.8824660860506308
0.8504065871238708,-0.535174548625946,0.12430372834205627,0.2729904055595398,-0.13497664034366608,-0.9908487796783447,9.136394500732422,0.010925131849944592,-0.5616970062255859,0.0,0.39312881231307983,0.800000011920929,7.558594226837158,1.2085826396942139,-1.5778000354766846,7.558594226837158,7.558594703674316,0.0,7.558594226837158,-0.8356476339164113,0.0,0.10186312608608253,770.8411829346273,0.7405584207832562,-0.46604539564638325,1.4878510297261154,-0.9117320541153044,2.457791333145323,-0.8481987881025794
0.8664166927337646,-0.5371623039245605,0.11695895344018936,0.2749187648296356,-0.12386730313301086,-0.9922987818717957,9.109969139099121,0.00902888085693121,-0.5549823641777039,1.0,0.4014275074005127,0.800000011920929,7.558594226837158,1.2050870656967163,-1.5513746738433838,7.558594226837158,7.558594703674316,0.0,7.558594226837158,-0.8304202933578227,0.0,4.533717746444456,775.3749006810718,0.7436710049832811,-0.4610622393390965,1.4982820237913597,-0.8945097671003424,2.466836407625699,-0.814036122443192
0.8649752140045166,-0.5247663259506226,0.10918430984020233,0.2764682173728943,-0.11246743053197861,-0.9936553835868835,6.416879653930664,0.008786839433014393,-0.5453194379806519,0.0,0.4014275074005127,0.800000011920929,7.558594226837158,0.8488391637802124,1.1417148113250732,7.558594226837158,7.558594703674316,0.0,7.558594226837158,-0.8248811441171862,0.1690395510554314,0.10672371965873437,775.4816244007305,0.748091453460604,-0.4538548529413325,1.5082981886378166,-0.877009939362823,2.4750893743013234,-0.779300540931873
0.8633244633674622,-0.5120298862457275,0.10125739872455597,0.2783101201057434,-0.1008932963013649,-0.9948972463607788,4.9050469398498535,0.008570597507059574,-0.5353237986564636,0.0,0.4014275074005127,0.800000011920929,7.558594226837158,0.6488505601882935,2.653547525405884,7.558594226837158,7.558594703674316,0.0,7.558594226837158,-0.819013529920226,0.32031780968427664,0.08137696064938091,775.56300136138,0.7525905879167051,-0.44635462782953705,1.5183741796749683,-0.8589181941760747,2.4830531236801376,-0.7435888747478139
0.879218578338623,-0.5126686692237854,0.09302249550819397,0.2800518572330475,-0.08879336714744568,-0.9960500597953796,4.173039436340332,0.006847914308309555,-0.5278971791267395,1.0,0.40974050760269165,0.800000011920929,7.558594226837158,0.552018940448761,3.3855550289154053,7.558594226837158,7.558594703674316,0.0,7.558594226837158,-0.8130936336907398,0.3937042572188378,4.494099122011547,780.0571004833915,0.7558845995467209,-0.4407531703354478,1.5287635033230125,-0.840059947113865,2.490919939565083,-0.7063655033005973
0.8781212568283081,-0.499136745929718,0.08585000038146973,0.2828999161720276,-0.07734110206365585,-0.9970046877861023,6.773997783660889,0.006793607026338577,-0.51687091588974,0.0,0.40974050760269165,0.800000011920929,7.558594226837158,0.8960795402526855,0.7845966815948486,7.558594226837158,7.558594703674316,0.0,7.558594226837158,-0.8067446332850199,0.13383804012060166,0.11478216955855715,780.1718826529501,0.7606985691271696,-0.4323919640322083,1.5388788071963235,-0.820826914658747,2.498362208718507,-0.6700437944805103
0.8768239617347717,-0.48569780588150024,0.07867158949375153,0.2857482135295868,-0.06587887555360794,-0.9978276491165161,8.40880012512207,0.0067384191788733006,-0.5058543086051941,0.0,0.40974050760269165,0.800000011920929,7.558594226837158,1.1123348474502563,-0.850205659866333,7.558594226837158,7.558594703674316,0.0,7.558594226837158,-0.7999899543362788,0.0,0.12965677885977617,780.3015394318098,0.7654157018468959,-0.4239855860370386,1.5487528156115855,-0.8014734827068177,2.5051956507379898,-0.6334962869788078
0.8933221101760864,-0.48534515500068665,0.07091495394706726,0.2881205081939697,-0.0540342777967453,-0.9985390901565552,4.949042320251465,0.005304977763444185,-0.49768751859664917,1.0,0.4180677533149719,0.800000011920929,7.558594226837158,0.6546703577041626,2.6095521450042725,7.558594226837158,7.558594703674316,0.0,7.558594226837158,-0.7931570231568505,0.3164071465945244,4.503973368779913,784.8055128005898,0.7688528524716949,-0.4177204913838854,1.5585345009138907,-0.7819337599781397,2.5115139763163734,-0.5961107959921192
0.8914909362792969,-0.47192731499671936,0.0632602795958519,0.2905491888523102,-0.0421435683965683,-0.9991115927696228,8.913958549499512,0.005194203928112984,-0.48686549067497253,0.0,0.4180677533149719,0.800000011920929,7.558594226837158,1.179158329963684,-1.3553640842437744,7.558594226837158,7.558594703674316,0.0,7.558594226837158,-0.7859465482312784,0.0,0.11782354252928182,784.9233363431191,0.7733283050898633,-0.4093757009720673,1.5680117129807418,-0.7620131715411756,2.5172503279664236,-0.558646954505176
0.8893116116523743,-0.4586247503757477,0.05540328100323677,0.2928743064403534,-0.03014027141034603,-0.999545693397522,5.909619331359863,0.005064696539193392,-0.47613459825515747,0.0,0.4180677533149719,0.800000011920929,7.558594226837158,0.7817376255989075,1.648975133895874,7.558594226837158,7.558594703674316,0.0,7.558594226837158,-0.7783845757357183,0.22053250294446947,0.10204623205255378,785.0253825751716,0.7776766335515144,-0.40105373037776215,1.5772435929888884,-0.7419301102019724,2.5223273106537634,-0.5207739387698177
0.905273973941803,-0.4574756622314453,0.046782974153757095,0.2950771152973175,-0.017984570935368538,-0.9998382925987244,4.3463335037231445,0.003793331328779459,-0.4679144620895386,1.0,0.42640912532806396,0.800000011920929,7.558594226837158,0.5749427080154419,3.2122609615325928,7.558594226837158,7.558594703674316,0.0,7.558594226837158,-0.7707737505493879,0.37698650854825977,4.4895829970741925,789.5149655722458,0.7809469490787847,-0.3946476152147884,1.586296991327462,-0.7216994356910346,2.526676105465556,-0.48204947029603995
0.902902364730835,-0.4437088370323181,0.03912249952554703,0.2982165813446045,-0.006333674304187298,-0.9999799132347107,4.597479343414307,0.003749816445633769,-0.4567641317844391,0.0,0.42640912532806396,0.800000011920929,7.558594226837158,0.6081647872924805,2.9611151218414307,7.558594226837158,7.558594703674316,0.0,7.558594226837158,-0.762757842137931,0.35209114456892016,0.07952331624952406,789.5944888884953,0.7852988442296657,-0.38591550828045734,1.5951529343442703,-0.7010395606325569,2.5307634649333925,-0.44402140079789887
0.9197102785110474,-0.4416508376598358,0.031394973397254944,0.3012762665748596,0.005255813244730234,-0.9999861717224121,8.95351505279541,0.002757464302703738,-0.4476877748966217,1.0,0.43476447463035583,0.800000011920929,7.558594226837158,1.184390902519226,-1.3949205875396729,7.558594226837158,7.558594703674316,0.0,7.558594226837158,-0.7546026800924558,0.0,4.5311735848084,794.1256624733037,0.7887690727342089,-0.37877206569423943,1.6037398290597173,-0.6804639846499232,2.534261689451312,-0.40609390720401994
0.9169882535934448,-0.4280305504798889,0.023666448891162872,0.30433812737464905,0.01684524491429329,-0.9998580813407898,8.93416690826416,0.0027115303091704845,-0.43671914935112,0.0,0.43476447463035583,0.800000011920929,7.558594226837158,1.1818314790725708,-1.3755724430084229,7.558594226837158,7.558594703674316,0.0,7.558594226837158,-0.746070087587708,0.0,0.12106887275320746,794.2467313460569,0.7928761916796159,-0.3700977441177077,1.6119851276076642,-0.6597470805981099,2.537038848395317,-0.36806524717086253
0.9141178131103516,-0.4144923686981201,0.01587865874171257,0.3072281777858734,0.02866659127175808,-0.9995890259742737,6.5371527671813965,0.002652135444805026,-0.4257062077522278,0.0,0.43476447463035583,0.800000011920929,7.558594226837158,0.8647491335868835,1.0214416980743408,7.558594226837158,7.558594703674316,0.0,7.558594226837158,-0.7371666822681897,0.1583279534316063,0.11607388748049226,794.3628052335374,0.7969038604771478,-0.36134353513295364,1.6200482653221298,-0.6386034519246679,2.539281998426791,-0.3296221922951509
0.9310482740402222,-0.41107282042503357,0.007833409123122692,0.3102099597454071,0.041045721620321274,-0.9991572499275208,5.2550530433654785,0.0018197689205408096,-0.4157763421535492,1.0,0.44313356280326843,0.800000011920929,7.558594226837158,0.6951501369476318,2.303541421890259,7.558594226837158,7.558594703674316,0.0,7.558594226837158,-0.7280429778380906,0.2866256966471672,4.49981343575288,798.8626186692903,0.8004526471324026,-0.3534127025682536,1.6282503077076544,-0.6163861828589866,2.541105991844969,-0.2894375645620261
0.9275850653648376,-0.3966355621814728,-0.000607561320066452,0.3132826089859009,0.05369415506720543,-0.998557448387146,4.596236228942871,0.001762496423907578,-0.40407100319862366,0.0,0.44313356280326843,0.800000011920929,7.558594226837158,0.6080003976821899,2.962358236312866,7.558594226837158,7.558594703674316,0.0,7.558594226837158,-0.7184631736943808,0.352672074906826,0.08152184658172369,798.944140515872,0.8045346305135443,-0.34401913603107315,1.6362512645083935,-0.5935224061366645,2.5420772099473044,-0.24810468378597578
0.9436280727386475,-0.39237600564956665,-0.009767992421984673,0.3163023293018341,0.06630606949329376,-0.9977993369102478,4.83098840713501,0.00107996363658458,-0.39406639337539673,1.0,0.4515162706375122,0.800000011920929,7.558594226837158,0.6390539407730103,2.7276060581207275,7.558594226837158,7.558594703674316,0.0,7.558594226837158,-0.7086726450348164,0.3294010829138756,4.48954772007521,803.4336882359472,0.8079359225410134,-0.33595300404047373,1.6438651220633278,-0.570594316460108,2.542100643762431,-0.20645092679393243
0.9400179386138916,-0.3775005638599396,-0.017757970839738846,0.3203795254230499,0.07836436480283737,-0.9969247579574585,7.11899995803833,0.0010846685618162155,-0.3818751871585846,0.0,0.4515162706375122,0.800000011920929,7.558594226837158,0.9417171478271484,0.4395945072174072,7.558594226837158,7.558594703674316,0.0,7.558594226837158,-0.6983652049870872,0.10079006851911546,0.12912400588261716,803.5628122418299,0.8119714700545037,-0.32607859284475554,1.6513276936428607,-0.5473171580373188,2.542062240279939,-0.16553990355597797
0.935981273651123,-0.36304938793182373,-0.025922801345586777,0.3243092894554138,0.09028726816177368,-0.9959157705307007,8.339729309082031,0.0010797400027513504,-0.37001556158065796,0.0,0.4515162706375122,0.800000011920929,7.558594226837158,1.1031979322433472,-0.781134843826294,7.558594226837158,7.558594703674316,0.0,7.558594226837158,-0.6876057807305345,0.0,0.1403027748386218,803.7031150166684,0.8157815143653455,-0.31642619412887074,1.6583317370394846,-0.5242299894756002,2.5411484096879833,-0.12495297768956995
0.9524971842765808,-0.35733795166015625,-0.03442629054188728,0.32823312282562256,0.10263372957706451,-0.9947192072868347,5.506412029266357,0.0006014108657836914,-0.35891011357307434,1.0,0.4599122703075409,0.800000011920929,7.558594226837158,0.728400468826294,2.05218243598938,7.558594226837158,7.558594703674316,0.0,7.558594226837158,-0.6765160009852704,0.2621017213988304,4.49844422518698,808.2015592418554,0.8192451771030081,-0.3073472366472593,1.665225131096601,-0.5002717150640357,2.5394747863537352,-0.08304014953673333
0.9477441906929016,-0.3425295352935791,-0.04328978806734085,0.33192044496536255,0.11530210822820663,-0.9933304786682129,5.001771450042725,0.0005793401505798101,-0.34680822491645813,0.0,0.4599122703075409,0.800000011920929,7.558594226837158,0.6616454720497131,2.5568230152130127,7.558594226837158,7.558594703674316,0.0,7.558594226837158,-0.6649498183135379,0.3127153945994377,0.09107955751993907,808.2926387993754,0.8229044777950058,-0.2974105384570236,1.6718032418600468,-0.4759226326176974,2.536953816344817,-0.040451234531073244
0.9636811017990112,-0.33631759881973267,-0.052513688802719116,0.33559805154800415,0.1278078705072403,-0.9917989373207092,7.027891159057617,0.0002367031411267817,-0.33577707409858704,1.0,0.4683213233947754,0.800000011920929,7.558594226837158,0.9296650886535645,0.5307033061981201,7.558594226837158,7.558594703674316,0.0,7.558594226837158,-0.6530825984792592,0.11028331741094591,4.524708307804563,812.8173471071799,0.8261352392788965,-0.2883151557927981,1.677928778279587,-0.45161865708826165,2.533447708010904,0.0020127254070098077
0.9580925107002258,-0.32121357321739197,-0.061951808631420135,0.33947938680648804,0.14072442054748535,-0.9900488257408142,5.13763427734375,0.0002207861834904179,-0.3234868049621582,0.0,0.4683213233947754,0.800000011920929,7.558594226837158,0.679617702960968,2.4209601879119873,7.558594226837158,7.558594703674316,0.0,7.558594226837158,-0.6407166953964019,0.29936733211278915,0.09442319327944512,812.9117703004594,0.8296161925198099,-0.2781401597963859,1.6839177198070008,-0.4262748990565812,2.529094675725059,0.04592577826240618
0.9522244334220886,-0.30597615242004395,-0.07142329961061478,0.34363240003585815,0.15369315445423126,-0.9881186485290527,7.067204475402832,0.00020975468214601278,-0.31090691685676575,0.0,0.4683213233947754,0.800000011920929,7.558594226837158,0.9348655343055725,0.4913899898529053,7.558594226837158,7.558594703674316,0.0,7.558594226837158,-0.627818426855906,0.10658205425024035,0.1315675613375756,813.0433378617969,0.8330494498587346,-0.2676819387260376,1.689630627292965,-0.40038306960494274,2.524030812157293,0.09030724727099776
0.9687877297401428,-0.2973601222038269,-0.07997848838567734,0.34818562865257263,0.16685041785240173,-0.9859822392463684,5.156843185424805,4.333718970883638e-05,-0.29781192541122437,1.0,0.47674307227134705,0.800000011920929,7.558594226837158,0.6821587085723877,2.4017512798309326,7.558594226837158,7.558594703674316,0.0,7.558594226837158,-0.6143175202780143,0.29767415097951894,4.4855968637411,817.528934725538,0.836483280810497,-0.25675054355808435,1.6952267741629043,-0.37345365887322696,2.518498560845339,0.13525325087470824
0.9631146192550659,-0.2817394435405731,-0.08886324614286423,0.35259631276130676,0.17991819977760315,-0.9836815595626831,7.064209461212158,4.290993820177391e-05,-0.28458911180496216,0.0,0.47674307227134705,0.800000011920929,7.558594226837158,0.9344693422317505,0.4943850040435791,7.558594226837158,7.558594703674316,0.0,7.558594226837158,-0.6002106614829642,0.10710811280965805,0.13260132883339848,817.6615360543714,0.8398049706466585,-0.2456677167510266,1.7003088780981972,-0.3467164003010891,2.5120106587212394,0.17992857111026728
0.9790946841239929,-0.2723011374473572,-0.09800854325294495,0.35712113976478577,0.1932782530784607,-0.9811440110206604,5.9639482498168945,2.416182496745023e-06,-0.2712600827217102,1.0,0.4851771891117096,0.800000011920929,7.558594226837158,0.7889243364334106,1.5946462154388428,7.558594226837158,7.558594703674316,0.0,7.558594226837158,-0.5854970728553762,0.2171903813815117,4.498584080325639,822.160120134697,0.8430048233262604,-0.23445245953324648,1.705064406636475,-0.3190987340430152,2.504571261344011,0.22558925613578246
0.9724389910697937,-0.25658267736434937,-0.10749175399541855,0.3617130219936371,0.20644702017307281,-0.9784578084945679,6.68526029586792,2.766512807284016e-06,-0.25797536969184875,0.0,0.4851771891117096,0.800000011920929,7.558594226837158,0.8843411207199097,0.8733341693878174,7.558594226837158,7.558594703674316,0.0,7.558594226837158,-0.5702014402142821,0.14518133988142015,0.12628069878256365,822.2864008334795,0.8460449297667709,-0.22323301686299146,1.709308155339262,-0.29158008365557575,2.495956850440722,0.2711063656099886
0.9879119396209717,-0.2459603250026703,-0.11702649295330048,0.36657091975212097,0.2199861705303192,-0.9755029678344727,5.530924320220947,9.280566155212e-05,-0.24400891363620758,1.0,0.4936232566833496,0.800000011920929,7.558594226837158,0.73164302110672,2.02767014503479,7.558594226837158,7.558594703674316,0.0,7.558594226837158,-0.5542155599386107,0.2606938218283653,4.487674995166479,826.774075828646,0.8490801172494292,-0.2113953857980676,1.7132700897909239,-0.26294634292490865,2.4863964591958774,0.3178703290521183
0.9804759621620178,-0.2298508733510971,-0.12684650719165802,0.3715556263923645,0.23332612216472626,-0.9723985195159912,7.198291778564453,9.22249018913135e-05,-0.2302696853876114,0.0,0.4936232566833496,0.800000011920929,7.558594226837158,0.9522060751914978,0.3603026866912842,7.558594226837158,7.558594703674316,0.0,7.558594226837158,-0.5376037808891462,0.0941052205348015,0.13716583968999857,826.911241668336,0.8519042588799445,-0.19971008573857948,1.7166915140638423,-0.2342668604508909,2.4758276181797996,0.3643944026030883
0.9953701496124268,-0.21810045838356018,-0.1367519646883011,0.3767703175544739,0.24696387350559235,-0.9690247178077698,5.684990406036377,0.0003048308426514268,-0.21570593118667603,1.0,0.5020807981491089,0.800000011920929,7.558594226837158,0.7520232200622559,1.8736040592193604,7.558594226837158,7.558594703674316,0.0,7.558594226837158,-0.5202281863525657,0.24548346028089524,4.488064876713696,831.3993065450496,0.8547224055493158,-0.18728244139521374,1.7197574692577775,-0.20469006106192894,2.464029517013498,0.4120181704024568
0.9883975386619568,-0.2005852609872818,-0.14545905590057373,0.38269564509391785,0.2606096863746643,-0.9654442667961121,7.337533473968506,0.00027177605079486966,-0.2002207487821579,0.0,0.5020807981491089,0.800000011920929,7.558594226837158,0.9706252813339233,0.22106099128723145,7.558594226837158,7.558594703674316,0.0,7.558594226837158,-0.5019391938097183,0.08036805406332018,0.14081898702905862,831.5401255320787,0.8575198638944909,-0.17402499319077694,1.7225303671822039,-0.17398422486806142,2.452037256730584,0.4598252741691661
1.00349760055542,-0.18749845027923584,-0.1548377275466919,0.3882419764995575,0.2743188440799713,-0.9616388082504272,6.206700801849365,0.0005744080990552902,-0.18471507728099823,1.0,0.5105494260787964,0.800000011920929,7.558594226837158,0.8210362195968628,1.351893663406372,7.558594226837158,7.558594703674316,0.0,7.558594226837158,-0.48277275045364915,0.19349106926679613,4.495688991944591,836.0358145240233,0.8601149498649815,-0.1607081680021585,1.724668885573661,-0.14345055630647202,2.438563991092949,0.5075913371669354
0.9953385591506958,-0.1708725541830063,-0.16438980400562286,0.39365747570991516,0.2878711223602295,-0.9576691389083862,8.613386154174805,0.0005549958441406488,-0.17001551389694214,0.0,0.5105494260787964,0.800000011920929,7.558594226837158,1.1393978595733643,-1.0547916889190674,7.558594226837158,7.558594703674316,0.0,7.558594226837158,-0.462929460466547,0.0,0.14453227133410143,836.1803467953574,0.8623844214550747,-0.14804798021292506,1.7261927245877497,-0.11310387737686706,2.4240746127486905,0.5547600016133793
1.0094870328903198,-0.15736350417137146,-0.17433315515518188,0.39943018555641174,0.30115196108818054,-0.9535761475563049,5.932754039764404,0.0009649538551457226,-0.1546400487422943,1.0,0.5190284848213196,0.800000011920929,7.558594226837158,0.7847979068756104,1.625840425491333,7.558594226837158,7.558594703674316,0.0,7.558594226837158,-0.4422944607300716,0.22099334342718127,4.487572507330351,840.6679193026878,0.8645586862979747,-0.13477136762831785,1.7271627215525014,-0.08264342710045908,2.408555264565862,0.6017961850049219
1.0001029968261719,-0.14094361662864685,-0.18444031476974487,0.40536871552467346,0.31429484486579895,-0.949325442314148,7.456509113311768,0.0009292900795117021,-0.14000707864761353,0.0,0.5190284848213196,0.800000011920929,7.558594226837158,0.9863636493682861,0.10208534449338913,7.558594226837158,7.558594703674316,0.0,7.558594226837158,-0.42105832349078115,0.06874187083005906,0.14467094468713793,840.8125902473749,0.866438128638286,-0.12210630201187825,1.7275741453856897,-0.05207637091738859,2.3917843072132974,0.6487059132248463
1.0133583545684814,-0.12652811408042908,-0.19482621550559998,0.4116125702857971,0.32740098237991333,-0.9448854923248291,6.226953983306885,0.001430463744327426,-0.12421732395887375,1.0,0.5275174975395203,0.800000011920929,7.558594226837158,0.823715329170227,1.3316404819488525,7.558594226837158,7.558594703674316,0.0,7.558594226837158,-0.39899777378513923,0.19172999328374862,4.490579498989105,845.303169746364,0.8682579974925444,-0.10841087603287936,1.7274200243268374,-0.02096913920600696,2.373904829221545,0.6959106640860309
1.003477692604065,-0.10964085161685944,-0.20466609299182892,0.41829174757003784,0.34037190675735474,-0.9402908682823181,7.568870544433594,0.001344772637821734,-0.10882917791604996,0.0,0.5275174975395203,0.800000011920929,7.558594226837158,1.0012270212173462,-0.010276084765791893,7.558594226837158,7.558594703674316,0.0,7.558594226837158,-0.37624430191810504,0.05764471993207933,0.14747974212701,845.450649488491,0.8698234450540698,-0.09503767536701407,1.7267953013121218,0.01048522877505309,2.355326419960031,0.7428924594178925
1.016337275505066,-0.09425853937864304,-0.21495088934898376,0.4248823821544647,0.3533177077770233,-0.9355034232139587,6.4364728927612305,0.0019145363476127386,-0.09247882664203644,1.0,0.5360158085823059,0.800000011920929,7.558594226837158,0.8514309525489807,1.1221215724945068,7.558594226837158,7.558594703674316,0.0,7.558594226837158,-0.35262528037033236,0.17091035286664966,4.491846048106488,849.9424955365974,0.8712609732123856,-0.08080371880760001,1.7255070365907346,0.04210462956614136,2.3354235467390776,0.7897620538168557
1.0054643154144287,-0.078078992664814,-0.22537016868591309,0.43136921525001526,0.3661239743232727,-0.9305660724639893,8.554696083068848,0.0018377318046987057,-0.07749912887811661,0.0,0.5360158085823059,0.800000011920929,7.558594226837158,1.13163423538208,-0.9961016178131104,7.558594226837158,7.558594703674316,0.0,7.558594226837158,-0.3285009913320861,0.0,0.14773599573172896,850.0902315323292,0.8723736167362792,-0.06774390036952344,1.7236320710129107,0.07342840953965657,2.3146029710220364,0.8359486912092352
1.0173954963684082,-0.06231215223670006,-0.23606808483600616,0.4382740557193756,0.3785851001739502,-0.9255664944648743,6.6215949058532715,0.002487210324034095,-0.06117032468318939,1.0,0.5445227026939392,0.800000011920929,7.558594226837158,0.8759193420410156,0.9369995594024658,7.558594226837158,7.558594703674316,0.0,7.558594226837158,-0.3035996041938526,0.15249196318387986,4.492517541289864,854.5827490736191,0.8733634614296375,-0.05349063306103963,1.7211363311143182,0.10491948266327022,2.292576613788371,0.8818230987839217
1.0056157112121582,-0.04659673571586609,-0.2467879056930542,0.44507119059562683,0.3909642696380615,-0.9204058647155762,8.511959075927734,0.0023857061751186848,-0.0463034026324749,0.0,0.5445227026939392,0.800000011920929,7.558594226837158,1.1259808540344238,-0.9533646106719971,7.558594226837158,7.558594703674316,0.0,7.558594226837158,-0.2783099924206625,0.0,0.1488786265764719,854.7316277001955,0.8740621975052862,-0.04050094740599375,1.7180665602790115,0.13618900785413413,2.269763514901151,0.9270416883775605
1.0176875591278076,-0.029242800548672676,-0.2567148506641388,0.4523596465587616,0.40358227491378784,-0.9149433374404907,6.569457054138184,0.003065175609663129,-0.028726652264595032,1.0,0.5530374646186829,0.800000011920929,7.558594226837158,0.8690224289894104,0.9891374111175537,7.558594226837158,7.558594703674316,0.0,7.558594226837158,-0.25204902665161877,0.15778845266103747,4.488334932301118,859.2199626324966,0.8746389210992809,-0.02513228720891253,1.7144258943095165,0.1687177453797159,2.245984688534759,0.9729164430927912
1.0055478811264038,-0.013460886664688587,-0.2671104073524475,0.45953840017318726,0.4157484769821167,-0.9094796180725098,7.627634525299072,0.002910392126068473,-0.013385819271206856,0.0,0.5530374646186829,0.800000011920929,7.558594226837158,1.009000539779663,-0.06904006749391556,7.558594226837158,7.558594703674316,0.0,7.558594226837158,-0.22541906468167547,0.05205653812170029,0.14944369224625975,859.3694063247428,0.8749217132283026,-0.011712197533041369,1.7101766726367487,0.20035364463254468,2.2213883554823535,1.0174184163269444
1.0164847373962402,0.004004696384072304,-0.27762266993522644,0.46708083152770996,0.42778101563453674,-0.9038823843002319,6.732308387756348,0.0036577952560037374,0.003939730115234852,1.0,0.5615593194961548,0.800000011920929,7.558594226837158,0.8905647397041321,0.8262860774993896,7.558594226837158,7.558594703674316,0.0,7.558594226837158,-0.19800927843344837,0.1416114938044548,4.488311789469697,863.8577181142125,0.8749931417250963,0.0034472062441836537,1.7052936777975627,0.23242409830458732,2.195642810568517,1.0618976544010958
1.003429651260376,0.019650403410196304,-0.2882205843925476,0.47480475902557373,0.4396309554576874,-0.8981785178184509,7.64246940612793,0.003448135918006301,0.019580736756324768,0.0,0.5615593194961548,0.800000011920929,7.558594226837158,1.0109628438949585,-0.08387494832277298,7.558594226837158,7.558594703674316,0.0,7.558594226837158,-0.17029349052925077,0.05067145346403123,0.1496793865156458,864.0073975007282,0.8748322951848209,0.017132046749275542,1.6997726904794332,0.26441235625916754,2.168897028624898,1.1058253260640956
1.013519048690796,0.037866465747356415,-0.298902302980423,0.4827749729156494,0.4513965845108032,-0.8923234343528748,7.1237030029296875,0.004228381905704737,0.03734400123357773,1.0,0.5700873732566833,0.800000011920929,7.558594226837158,0.942339301109314,0.4348914623260498,7.558594226837158,7.558594703674316,0.0,7.558594226837158,-0.1418399722712667,0.10256954561948778,4.492708059596355,868.5001055603245,0.874389930903311,0.032668433550227416,1.6935999979886074,0.2967748985340103,2.141107880669232,1.1496401640944351
0.9993371963500977,0.052374932914972305,-0.31011274456977844,0.4907591640949249,0.4624697268009186,-0.8866350650787354,7.734370708465576,0.003995680715888739,0.05236176401376724,0.0,0.5700873732566833,0.800000011920929,7.558594226837158,1.0231198072433472,-0.17577624320983887,7.558594226837158,7.558594703674316,0.0,7.558594226837158,-0.11337027601851624,0.041555352885723124,0.15085745774194842,868.6509630180665,0.8738008358756055,0.045795629789341374,1.6868994364408951,0.32791537675758475,2.1125836500664104,1.191610517272732
1.0086338520050049,0.07079899311065674,-0.3209185004234314,0.49914711713790894,0.47352296113967896,-0.8807814717292786,7.247421741485596,0.0047992742620408535,0.07007801532745361,1.0,0.5786208510398865,0.800000011920929,7.558594226837158,0.9587050676345825,0.3111727237701416,7.558594226837158,7.558594703674316,0.0,7.558594226837158,-0.08431043145198236,0.09026618734121324,4.491592664781829,873.1425556828483,0.8728523965696262,0.06126807518767696,1.67959335641799,0.3596802278893104,2.083419724271982,1.2335923725943012
1.0175477266311646,0.0897965207695961,-0.33177649974823,0.5076624155044556,0.4844244718551636,-0.8748331069946289,7.811735153198242,0.005669523496180773,0.0880199521780014,1.0,0.587158739566803,0.800000011920929,7.558594226837158,1.0333536863327026,-0.2531406879425049,7.558594226837158,7.558594703674316,0.0,7.558594226837158,-0.05472045654371939,0.03388000086545945,4.499681605350093,877.6422372881984,0.8716127470609424,0.07691807501880898,1.6717201164118454,0.3913655586775503,2.053156131777013,1.2750061850773737
1.0025497674942017,0.10456715524196625,-0.3427129089832306,0.5163493156433105,0.49526047706604004,-0.8687445521354675,7.268985271453857,0.0053059132769703865,0.1039254367351532,0.0,0.587158739566803,0.800000011920929,7.558594226837158,0.9615575671195984,0.2896091938018799,7.558594226837158,7.558594703674316,0.0,7.558594226837158,-0.025152766254569348,0.08816628493070602,0.14159532529245164,877.7838326134909,0.8702791217550382,0.09077116577126765,1.663017542651572,0.4232282640363314,2.022018422240259,1.316005372341181
1.010554552078247,0.12422307580709457,-0.3537444770336151,0.5252557396888733,0.5059238076210022,-0.8625781536102295,7.415223121643066,0.006186450365930796,0.1223120391368866,1.0,0.5956999659538269,0.800000011920929,7.558594226837158,0.9809022545814514,0.1433713436126709,7.558594226837158,7.558594703674316,0.0,7.558594226837158,0.004877546255478392,0.07358636079549791,4.489196509937143,882.273029123428,0.8684630928389256,0.10675634340714929,1.6538041115534652,0.4551220349678227,1.9897336328766366,1.3565730817324118
0.9947419166564941,0.13767220079898834,-0.36514022946357727,0.5340334177017212,0.5159772038459778,-0.8566023111343384,8.018414497375488,0.005801800638437271,0.137526273727417,0.0,0.5956999659538269,0.800000011920929,7.558594226837158,1.0606937408447266,-0.459820032119751,7.558594226837158,7.558594703674316,0.0,7.558594226837158,0.034583805318953706,0.013302309834957133,0.15162542420485148,882.4246545476329,0.8667384523911196,0.11995653877233237,1.6440360562642107,0.48582157427934936,1.9573170821021777,1.39516394766352
1.0019018650054932,0.15675988793373108,-0.3765771687030792,0.5430420637130737,0.525709331035614,-0.8506642580032349,7.714136600494385,0.006726327817887068,0.15520399808883667,1.0,0.6042434573173523,0.800000011920929,7.558594226837158,1.0204432010650635,-0.15554213523864746,7.558594226837158,7.558594703674316,0.0,7.558594226837158,0.0644581182778172,0.043728994653224953,4.49061105425609,886.915265601889,0.864482513441039,0.1352589226946162,1.6339116188532525,0.5162502769646936,1.9241623501157106,1.4329656537905682
0.9855061769485474,0.16983124613761902,-0.3879275918006897,0.5523373484611511,0.5352747440338135,-0.8446780443191528,7.647549629211426,0.006252720952033997,0.1706528216600418,0.0,0.6042434573173523,0.800000011920929,7.558594226837158,1.0116349458694458,-0.08895517140626907,7.558594226837158,7.558594703674316,0.0,7.558594226837158,0.0939565984095532,0.05040484358549119,0.1475709821711411,887.0628365840602,0.8622898182510073,0.14859750383435993,1.6229857974038149,0.5467320502474577,1.890426496107933,1.4701228922277034
0.9919837117195129,0.18969734013080597,-0.3992025852203369,0.5618894100189209,0.5446875095367432,-0.8386390805244446,7.6917009353637695,0.007141894195228815,0.1889491081237793,1.0,0.6127881407737732,0.800000011920929,7.558594226837158,1.0174753665924072,-0.13310647010803223,7.558594226837158,7.558594703674316,0.0,7.558594226837158,0.12362181693559274,0.046010859992504136,4.486075091350346,891.5489116754105,0.8594269316974554,0.16434846088891775,1.611635309437158,0.5772554274167401,1.8558429456651395,1.5068395047744199
0.9979835152626038,0.20948250591754913,-0.41076481342315674,0.5713939070701599,0.5536869168281555,-0.832724928855896,8.058624267578125,0.008113812655210495,0.20690195262432098,1.0,0.6213327050209045,0.800000011920929,7.558594226837158,1.0660127401351929,-0.5000298023223877,7.558594226837158,7.558594703674316,0.0,7.558594226837158,0.15327687856497302,0.009337024714946757,4.486401070674541,896.0353127460851,0.8563380442524491,0.1797503259436667,1.5997668855179767,0.6071107550272077,1.8209182749974555,1.5422089730697164
0.9807422161102295,0.22025159001350403,-0.42273715138435364,0.580704927444458,0.5618400573730469,-0.8272458910942078,7.939695835113525,0.007590331137180328,0.22091124951839447,0.0,0.6213327050209045,0.800000011920929,7.558594226837158,1.0502806901931763,-0.3811013698577881,7.558594226837158,7.558594703674316,0.0,7.558594226837158,0.18209486683877127,0.02122635050535203,0.14903016720795337,896.184342913293,0.8537359247801126,0.19172900983541064,1.5878381084614308,0.6350207711758153,1.786391964656072,1.5749534042513424
0.9861937165260315,0.23912350833415985,-0.4346999228000641,0.5900058746337891,0.569939136505127,-0.8216869235038757,8.1690673828125,0.008630450814962387,0.23788022994995117,1.0,0.6298759579658508,0.800000011920929,7.558594226837158,1.0806224346160889,-0.6104729175567627,7.558594226837158,7.558594703674316,0.0,7.558594226837158,0.21065744516303517,0.0,4.481660258361155,900.6660031716541,0.850359723870741,0.20618768262178333,1.5754027862022617,0.6630270865005456,1.7512247883728114,1.6072503163457816
0.9687122702598572,0.24994243681430817,-0.44625207781791687,0.5999129414558411,0.5777601003646851,-0.8162066340446472,8.063851356506348,0.007977554574608803,0.2525079846382141,0.0,0.6298759579658508,0.800000011920929,7.558594226837158,1.066704273223877,-0.5052568912506104,7.558594226837158,7.558594703674316,0.0,7.558594226837158,0.23849299739933494,0.008814416615962991,0.14805705821009407,900.8140602298641,0.8472527660227633,0.21860404941080708,1.562428355221733,0.6909315685803179,1.7158771419779892,1.6388282725821774
0.9738765358924866,0.2682691514492035,-0.45816391706466675,0.6094035506248474,0.584805428981781,-0.8111736178398132,7.971147537231445,0.009012947790324688,0.26879870891571045,1.0,0.6384164690971375,0.800000011920929,7.558594226837158,1.054441213607788,-0.412553071975708,7.558594226837158,7.558594703674316,0.0,7.558594226837158,0.2659099476993099,0.018080967462062846,4.477294167221831,905.291354397086,0.8435793383749317,0.2323768259119411,1.549677029248798,0.7171246083308517,1.6812579311558624,1.6680941290717153
0.9787998199462891,0.2863871157169342,-0.47025763988494873,0.6187615394592285,0.5914064049720764,-0.806373655796051,8.10076904296875,0.010141409002244473,0.2846449315547943,1.0,0.6469528079032898,0.800000011920929,7.558594226837158,1.0715878009796143,-0.5421745777130127,7.558594226837158,7.558594703674316,0.0,7.558594226837158,0.2928015885491075,0.005120548036098491,4.474950375076528,909.7663047721626,0.8397912950923777,0.24571454885545146,1.5368112170785806,0.7423615122077338,1.6467318006021157,1.695850028522001
0.9612189531326294,0.29523080587387085,-0.48182037472724915,0.6288642883300781,0.597702145576477,-0.8017182350158691,8.017903327941895,0.009372171945869923,0.2979962229728699,0.0,0.6469528079032898,0.800000011920929,7.558594226837158,1.0606261491775513,-0.4593088626861572,7.558594226837158,7.558594703674316,0.0,7.558594226837158,0.3187446315307832,0.013401073396205911,0.1460712647761911,909.9123760369388,0.8364359236464034,0.2569046524159243,1.5234592434366507,0.7675354236554947,1.612448234167044,1.7230189472696447
0.9657542705535889,0.31443697214126587,-0.4932994246482849,0.639110803604126,0.603904128074646,-0.7970569729804993,8.085502624511719,0.010369799099862576,0.314762681722641,1.0,0.6554834842681885,0.800000011920929,7.558594226837158,1.0695682764053345,-0.5269081592559814,7.558594226837158,7.558594703674316,0.0,7.558594226837158,0.34433965045407144,0.006640069539546977,4.47021256857072,914.3825886055095,0.8320111868986844,0.27089194148447376,1.5097402456389695,0.7928358619266737,1.5776515299013008,1.7498281988398023
0.9480335116386414,0.3231278657913208,-0.5046109557151794,0.6494806408882141,0.609979510307312,-0.7924171686172485,8.01294994354248,0.00951419584453106,0.3284913897514343,0.0,0.6554834842681885,0.800000011920929,7.558594226837158,1.0599708557128906,-0.45435547828674316,7.558594226837158,7.558594703674316,0.0,7.558594226837158,0.3690735573898929,0.013890207479000103,0.1445611873147108,914.5271497928242,0.8282140090094214,0.28228856491998255,1.4955638546796215,0.8177435018703842,1.5427914367423723,1.775804697267245
0.9525241255760193,0.3407747149467468,-0.5167729258537292,0.6584062576293945,0.6157007813453674,-0.7879800200462341,8.150182723999023,0.010728114284574986,0.34357085824012756,1.0,0.6640069484710693,0.800000011920929,7.558594226837158,1.0781242847442627,-0.5915882587432861,7.558594226837158,7.558594703674316,0.0,7.558594226837158,0.39319318986264573,0.00016615243673325474,4.465144493620755,918.9922942864449,0.8238630220196104,0.2947449427815677,1.481703778780457,0.840796265727648,1.5081332634402964,1.7994417340427238
0.9572189450263977,0.35805797576904297,-0.5287094712257385,0.6674036383628845,0.620537519454956,-0.784176766872406,7.811110973358154,0.011996960267424583,0.3579469323158264,1.0,0.6725214719772339,0.800000011920929,7.558594226837158,1.0332711935043335,-0.252516508102417,7.558594226837158,7.558594703674316,0.0,7.558594226837158,0.4166000260393894,0.034064316537380235,4.462045263225397,923.4543395496703,0.8195408994623603,0.3065580345434297,1.4684720054488858,0.8621668011963837,1.475227876418899,1.8209847508948407
0.9400737285614014,0.3634955585002899,-0.5406337380409241,0.6763890385627747,0.6253505945205688,-0.7803439497947693,8.18803882598877,0.011258048005402088,0.368959903717041,0.0,0.6725214719772339,0.800000011920929,7.558594226837158,1.083132028579712,-0.6294443607330322,7.558594226837158,7.558594703674316,0.0,7.558594226837158,0.438839283861789,0.0,0.14181615028666456,923.596155699957,0.8161151040699333,0.31556482744483605,1.4546607072885467,0.8832714772312692,1.4421012137549667,1.8418273544063037
0.9443840980529785,0.3811863660812378,-0.5525540113449097,0.6853712797164917,0.6301398277282715,-0.7764816880226135,8.164544105529785,0.012552356347441673,0.3836359679698944,1.0,0.6810253858566284,0.800000011920929,7.558594226837158,1.0800241231918335,-0.6059496402740479,7.558594226837158,7.558594703674316,0.0,7.558594226837158,0.4605206033301722,0.0,4.457744404138984,928.053900104096,0.811396149856941,0.3275077446565479,1.44069293459017,0.9044707636314171,1.4084571425501162,1.862404191564434
0.9273077249526978,0.38720619678497314,-0.563658595085144,0.6952964663505554,0.6345709562301636,-0.772864580154419,7.974934101104736,0.011592729017138481,0.3955516815185547,0.0,0.6810253858566284,0.800000011920929,7.558594226837158,1.054942011833191,-0.416339635848999,7.558594226837158,7.558594703674316,0.0,7.558594226837158,0.4812766580272117,0.01769333710432054,0.14071607508258932,928.1946161791785,0.8074361675568666,0.3371526502794956,1.4263307501150104,0.9255626315440239,1.375756424673219,1.8825198882675638
0.9314277172088623,0.4062963128089905,-0.5746183395385742,0.7053796648979187,0.6389287114143372,-0.7692659497261047,7.894744873046875,0.012694191187620163,0.4113255739212036,1.0,0.6895167231559753,0.800000011920929,7.558594226837158,1.0443344116210938,-0.3361504077911377,7.558594226837158,7.558594703674316,0.0,7.558594226837158,0.5016806019324589,0.02571376386404039,4.452798529797933,932.6474147089765,0.8020177568087427,0.3498466226509423,1.4118615526500444,0.9467680129985538,1.3427122167212056,1.902399152753654
0.9158883094787598,0.40859273076057434,-0.5861610174179077,0.7133382558822632,0.6419022679328918,-0.7667864561080933,7.363447189331055,0.012001448310911655,0.4196195602416992,0.0,0.6895167231559753,0.800000011920929,7.558594226837158,0.9740532040596008,0.19514727592468262,7.558594226837158,7.558594703674316,0.0,7.558594226837158,0.5207550211550493,0.07884984754323962,0.13149247967045113,932.7789071886469,0.7990884618773468,0.35648639482135025,1.399438055425095,0.9631460112715098,1.313961442877229,1.917305006593855
0.9213132262229919,0.424444317817688,-0.5976858735084534,0.7212746143341064,0.644865095615387,-0.7642964124679565,8.28144645690918,0.013475215993821621,0.43171215057373047,1.0,0.6979937553405762,0.800000011920929,7.558594226837158,1.09548819065094,-0.7228519916534424,7.558594226837158,7.558594703674316,0.0,7.558594226837158,0.5391129962340631,0.0,4.446982279285554,937.2258894679325,0.7947193882500876,0.36612322396350816,1.3869776592535121,0.9796707449974291,1.2847210513705924,1.9319973655121767
0.905752420425415,0.42658481001853943,-0.6092044115066528,0.7292038202285767,0.6478177905082703,-0.7617952823638916,8.249958038330078,0.012736919336020947,0.4401574432849884,0.0,0.6979937553405762,0.800000011920929,7.558594226837158,1.0913227796554565,-0.6913635730743408,7.558594226837158,7.558594703674316,0.0,7.558594226837158,0.5563546282565571,0.0,0.13671251982680388,937.3626019877593,0.7915990165691918,0.37282166644262277,1.3740566078238183,0.9959094928400748,1.2555859849254791,1.946229076769516
0.9108555912971497,0.4428628981113434,-0.6207207441329956,0.7371312975883484,0.6507602334022522,-0.7592832446098328,8.23145580291748,0.014249315485358238,0.4525511562824249,1.0,0.706454336643219,0.800000011920929,7.558594226837158,1.0888752937316895,-0.6728613376617432,7.558594226837158,7.558594703674316,0.0,7.558594226837158,0.5730647948202495,0.0,4.442668457792421,941.8052704455516,0.7869176882150567,0.38260363007509046,1.3610588213018953,1.0123422273322813,1.2258887632007247,1.9602424925892477
0.9156700968742371,0.4602823257446289,-0.6317211985588074,0.7458363175392151,0.6534879803657532,-0.7569368481636047,7.737891674041748,0.015698926523327827,0.46578341722488403,1.0,0.7148963809013367,0.800000011920929,7.558594226837158,1.023585557937622,-0.17929720878601074,7.558594226837158,7.558594703674316,0.0,7.558594226837158,0.5893631506951951,0.041443592240810415,4.439628528318472,946.2448989738701,0.781786205434204,0.3929825636334108,1.3477854761212107,1.0290350097316527,1.1966922038576515,1.9743944053236557
0.9000512361526489,0.4635712206363678,-0.6421586871147156,0.7553845643997192,0.655906617641449,-0.7548420429229736,7.566451549530029,0.014550101943314075,0.47561484575271606,0.0,0.7148963809013367,0.800000011920929,7.558594226837158,1.000907063484192,-0.00785708986222744,7.558594226837158,7.558594703674316,0.0,7.558594226837158,0.6048697995023739,0.05860333119153978,0.1315319930413569,946.3764309669115,0.7778849889529112,0.4006495339586651,1.334363912788619,1.0454647327171085,1.1683150724661941,1.9881583192751928
0.8869091272354126,0.4625435769557953,-0.6530287861824036,0.7620781660079956,0.6567991375923157,-0.7540655732154846,6.691674709320068,0.01389146875590086,0.4807174503803253,0.0,0.7148963809013367,0.800000011920929,7.558594226837158,0.8851896524429321,0.866919755935669,7.558594226837158,7.558594703674316,0.0,7.558594226837158,0.6191268549634598,0.14610702811956408,0.1156652597684876,946.4920962266799,0.7758304746379592,0.40461349537054214,1.324301807248328,1.056490949706788,1.145539736803301,1.9967261225838588
0.8939470052719116,0.476759672164917,-0.6638814210891724,0.7687518000602722,0.6576898097991943,-0.7532888650894165,8.44738483428955,0.015650570392608643,0.48994681239128113,1.0,0.7233178019523621,0.800000011920929,7.558594226837158,1.1174389123916626,-0.8887903690338135,7.558594226837158,7.558594703674316,0.0,7.558594226837158,0.6327297925862627,0.0,4.4302733580920695,950.922369584772,0.7720631553739958,0.411756593248365,1.3141727683600644,1.0678160606056388,1.1225020959308596,2.0053837973905564
0.8808302879333496,0.47568902373313904,-0.6747278571128845,0.7754194140434265,0.6585786938667297,-0.7525118589401245,8.413951873779297,0.01494638342410326,0.4951689839363098,0.0,0.7233178019523621,0.800000011920929,7.558594226837158,1.1130162477493286,-0.8553574085235596,7.558594226837158,7.558594703674316,0.0,7.558594226837158,0.6453021143377422,0.0,0.13043404308625584,951.0528036278582,0.7699024550322511,0.41578280978902626,1.3038594918464288,1.0787847957481558,1.0994939554333065,2.0135344051094557
0.8876228332519531,0.4903380870819092,-0.6855720281600952,0.7820857763290405,0.6594659686088562,-0.7517344355583191,8.394083023071289,0.016765043139457703,0.5046971440315247,1.0,0.7317162156105042,0.800000011920929,7.558594226837158,1.1103880405426025,-0.8354885578155518,7.558594226837158,7.558594703674316,0.0,7.558594226837158,0.6574179455973886,0.0,4.426656172003158,955.4794597998614,0.7659058458780461,0.4230996053688053,1.293372640716495,1.0901223003316587,1.0762491314563944,2.0218799876077354
0.8744657635688782,0.4903288781642914,-0.6956039071083069,0.7901193499565125,0.6599534749984741,-0.7513064742088318,6.598226070404053,0.015743592754006386,0.5110349059104919,0.0,0.7317162156105042,0.800000011920929,7.558594226837158,0.8728280663490295,0.9603683948516846,7.558594226837158,7.558594703674316,0.0,7.558594226837158,0.6687766669729219,0.15553039152860643,0.11210457881093883,955.5915643786723,0.7632089709142447,0.4279451858271266,1.2829131016589288,1.1014552752992064,1.0541446856477905,2.030299032052525
0.8823633193969727,0.5047134757041931,-0.7056546807289124,0.7964531183242798,0.6600120067596436,-0.7512550354003906,7.401980876922607,0.017639314755797386,0.519578218460083,1.0,0.7400893568992615,0.800000011920929,7.558594226837158,0.9791505336761475,0.15661358833312988,7.558594226837158,7.558594703674316,0.0,7.558594226837158,0.6796850737315553,0.07523901731252672,4.41883596674046,960.0104003454128,0.7595250285395581,0.4344497794353269,1.2739333199218787,1.110838137914448,1.034257521693386,2.0367883114557293
0.8706016540527344,0.5028923749923706,-0.7157080769538879,0.8027706146240234,0.6600708365440369,-0.7512033581733704,8.292426109313965,0.01687031239271164,0.52381432056427,0.0,0.7400893568992615,0.800000011920929,7.558594226837158,1.0969406366348267,-0.7338316440582275,7.558594226837158,7.558594703674316,0.0,7.558594226837158,0.6897432188011523,0.0,0.12984097151526275,960.140241316928,0.7576778998802949,0.43766332932338237,1.2648181513066834,1.1198204736626147,1.0145945567089196,2.0428999542776647
0.8799654841423035,0.5157532095909119,-0.7254860997200012,0.8079677224159241,0.659034788608551,-0.7521124482154846,6.3224711418151855,0.01903248205780983,0.53014075756073,1.0,0.7484347224235535,0.800000011920929,7.558594226837158,0.8363505601882935,1.2361233234405518,7.558594226837158,7.558594703674316,0.0,7.558594226837158,0.6992572381174458,0.18322587197065357,4.39609245716241,964.5363337740904,0.754893902861272,0.4424479925400247,1.258165602195822,1.1262398726918796,0.9987491043267189,2.046649122939872
0.8699034452438354,0.5120291113853455,-0.735249400138855,0.8131669759750366,0.6579961180686951,-0.7530212998390198,8.56800365447998,0.018408944830298424,0.531998336315155,0.0,0.7484347224235535,0.800000011920929,7.558594226837158,1.1333945989608765,-1.0094091892242432,7.558594226837158,7.558594703674316,0.0,7.558594226837158,0.7078379247011777,0.0,0.12429912738052473,964.6606329014709,0.7540707685623408,0.443849477232943,1.2512614384871081,1.132298525037625,0.9832479410704129,2.0501441962621154
0.879056990146637,0.5259336829185486,-0.7445414662361145,0.8192898035049438,0.6566283106803894,-0.754214346408844,6.856815814971924,0.020463887602090836,0.5391634702682495,1.0,0.7567497491836548,0.800000011920929,7.558594226837158,0.9070348739624023,0.7017786502838135,7.558594226837158,7.558594703674316,0.0,7.558594226837158,0.7161192052182358,0.1298920563864708,4.4013486154890495,969.0619815169599,0.7508711130233494,0.44924094199148024,1.2446499154934259,1.1389734056995953,0.9681819254872711,2.0542350724540523
0.8689773678779602,0.5228726267814636,-0.7538353204727173,0.8254129886627197,0.655258059501648,-0.7554051280021667,8.452281951904297,0.01960197277367115,0.5416761040687561,0.0,0.7567497491836548,0.800000011920929,7.558594226837158,1.1180866956710815,-0.8936874866485596,7.558594226837158,7.558594703674316,0.0,7.558594226837158,0.7236725392026562,0.0,0.12587247924803213,969.187853996208,0.7497399576457813,0.45112622122923407,1.2377691432907634,1.1452495802090932,0.9533753358593984,2.0579481306244016
0.8601853251457214,0.5176936984062195,-0.763542115688324,0.8291541337966919,0.6538118124008179,-0.7566571831703186,8.405025482177734,0.01920831948518753,0.5417711734771729,0.0,0.7567497491836548,0.800000011920929,7.558594226837158,1.1118354797363281,-0.8464310169219971,7.558594226837158,7.558594703674316,0.0,7.558594226837158,0.7303465349609854,0.0,0.12669904662650347,969.3145530428345,0.7496972016657618,0.45119754629491393,1.2321898775352775,1.1493650888893685,0.9400425541366925,2.059548028349139
0.8720250725746155,0.5291653275489807,-0.7722141146659851,0.8331505060195923,0.6510146260261536,-0.7590652108192444,4.935343265533447,0.02170274779200554,0.5454216599464417,1.0,0.7650317549705505,0.800000011920929,7.558594226837158,0.6528581976890564,2.62325119972229,7.558594226837158,7.558594703674316,0.0,7.558594226837158,0.7365906796214273,0.3221079023814202,4.363052016538041,973.6776050593726,0.7480450769878795,0.45393131278240073,1.2291959384285915,1.1516901397691408,0.9312445024627822,2.059929508936654
0.8647826313972473,0.5233688354492188,-0.7808801531791687,0.8371482491493225,0.6482076644897461,-0.7614636421203613,8.90273380279541,0.02118641324341297,0.5442363023757935,0.0,0.7650317549705505,0.800000011920929,7.558594226837158,1.1776734590530396,-1.3441393375396729,7.558594226837158,7.558594703674316,0.0,7.558594226837158,0.7419851600833184,0.0,0.11319563880231681,973.7908006981748,0.748582599473298,0.4530442909436291,1.2259245036958326,1.153614581898093,0.9227651832200047,2.059999543885752
0.8583418726921082,0.5164071917533875,-0.789696991443634,0.8397002816200256,0.6453701853752136,-0.7638699412345886,8.687424659729004,0.02096099779009819,0.5416197180747986,0.0,0.7650317549705505,0.800000011920929,7.558594226837158,1.1491918563842773,-1.1288301944732666,7.558594226837158,7.558594703674316,0.0,7.558594226837158,0.7464899261624857,0.0,0.12039554265364945,973.9111962408285,0.7497654488644373,0.4510839641591212,1.2234879746448502,1.154263517021399,0.9152404562844727,2.0588751713066493
0.8709036707878113,0.5269871354103088,-0.7985146641731262,0.8422486782073975,0.6425230503082275,-0.7662663459777832,8.659819602966309,0.02385707199573517,0.5441638827323914,1.0,0.7732780575752258,0.800000011920929,7.558594226837158,1.1455402374267578,-1.1012251377105713,7.558594226837158,7.558594703674316,0.0,7.558594226837158,0.750712747254087,0.0,4.397592703239132,978.3087889440677,0.7486153323997781,0.4529899921628707,1.2211729550776975,1.155454182123771,0.9072415774943939,2.05807116627933
0.8654137253761292,0.5195612907409668,-0.8067293167114258,0.8449831008911133,0.6387528777122498,-0.7694119811058044,6.358705043792725,0.02354719489812851,0.5406854748725891,0.0,0.7732780575752258,0.800000011920929,7.558594226837158,0.8411436676979065,1.1998894214630127,7.558594226837158,7.558594703674316,0.0,7.558594226837158,0.7540993047720076,0.1799556039595604,0.10603348511730572,978.414822429185,0.7501864670485956,0.45038325974675764,1.2202043513266037,1.154713515464397,0.9027712021670659,2.0559830992453865
0.8604909181594849,0.5117545127868652,-0.8147348761558533,0.8470781445503235,0.6348896026611328,-0.7726028561592102,5.201813220977783,0.02336285449564457,0.5365309715270996,0.0,0.7732780575752258,0.800000011920929,7.558594226837158,0.688107430934906,2.356781244277954,7.558594226837158,7.558594703674316,0.0,7.558594226837158,0.7566785081454439,0.295743263938427,0.0864178240052818,978.5012402531903,0.7520511467444124,0.4472627643906446,1.2198484504577218,1.1532332626477582,0.899307637958409,2.0533378808789675
0.8745322227478027,0.521664559841156,-0.8227394819259644,0.8491755127906799,0.6310099363327026,-0.7757747173309326,8.850260734558105,0.026464691385626793,0.5378471612930298,1.0,0.7814857959747314,0.800000011920929,7.558594226837158,1.1707322597503662,-1.2916662693023682,7.558594226837158,7.558594703674316,0.0,7.558594226837158,0.7590842411616046,0.0,4.387313095192465,982.8885533483827,0.7514618194214814,0.4482522287959996,1.2196101205290497,1.1523632205872727,0.8953871836958477,2.0511496763255592
0.8698192238807678,0.5135818719863892,-0.8307867646217346,0.8506657481193542,0.627286434173584,-0.7787886261940002,8.77513599395752,0.026394201442599297,0.5333653688430786,0.0,0.7814857959747314,0.800000011920929,7.558594226837158,1.1607944965362549,-1.2165415287017822,7.558594226837158,7.558594703674316,0.0,7.558594226837158,0.7607628153961177,0.0,0.11852606939254205,983.0070794177752,0.7534632506425816,0.4448799268664963,1.2192687111497826,1.150684593937626,0.891689087221338,2.048149848446951
0.8649140000343323,0.5057790875434875,-0.8388141989707947,0.8523213863372803,0.6236217617988586,-0.7817262411117554,8.752565383911133,0.026284784078598022,0.529148519039154,0.0,0.7814857959747314,0.800000011920929,7.558594226837158,1.1578088998794556,-1.1939709186553955,7.558594226837158,7.558594703674316,0.0,7.558594226837158,0.7618219358813122,0.0,0.11959945991630154,983.1266788776916,0.7553325426364099,0.4416987216105996,1.2186257759908403,1.1493159500716121,0.8877005047164899,2.0454597581505256
0.879672110080719,0.5152572989463806,-0.8465505838394165,0.8537080883979797,0.6194255352020264,-0.78505539894104,5.658855438232422,0.029697107151150703,0.5298666954040527,1.0,0.7896519899368286,0.800000011920929,7.558594226837158,0.7485660314559937,1.8997390270233154,7.558594226837158,7.558594703674316,0.0,7.558594226837158,0.7628285996757816,0.25020693341970446,4.361324302457639,987.4880031801492,0.7550150777242052,0.4422410142652383,1.2192037811502674,1.1474784621477006,0.8851899739197511,2.0424560712647173
0.8753055930137634,0.5070445537567139,-0.8543210029602051,0.8552374243736267,0.61528480052948,-0.7883049249649048,8.737316131591797,0.029590850695967674,0.5250427722930908,0.0,0.7896519899368286,0.800000011920929,7.558594226837158,1.1557916402816772,-1.1787216663360596,7.558594226837158,7.558594703674316,0.0,7.558594226837158,0.7632299748065735,0.0,0.12042072375378249,987.608423903903,0.7571396858026622,0.4385937260044187,1.2194739538560222,1.1452667071509022,0.8827600806746996,2.0392203785440204
0.8711084127426147,0.49892115592956543,-0.8618871569633484,0.8566734194755554,0.6111070513725281,-0.791547954082489,5.054744243621826,0.02949860319495201,0.5201363563537598,0.0,0.7896519899368286,0.800000011920929,7.558594226837158,0.6686528325080872,2.503850221633911,7.558594226837158,7.558594703674316,0.0,7.558594226837158,0.7630835233458353,0.3107585215544701,0.08472522978616044,987.6931491336892,0.7592825392858418,0.43487371510821793,1.2197540317726399,1.1429256929356157,0.8806785577428226,2.035864191713467
0.8858205676078796,0.5088827610015869,-0.8694321513175964,0.8581380248069763,0.6069235801696777,-0.7947602272033691,8.923083305358887,0.03304925560951233,0.5214405059814453,1.0,0.7977735996246338,0.800000011920929,7.558594226837158,1.1803653240203857,-1.3644888401031494,7.558594226837158,7.558594703674316,0.0,7.558594226837158,0.763087902124464,0.0,4.376174618293316,992.0693237519826,0.7587146788159143,0.4358635134226121,1.2201349461100996,1.1413905251374286,0.87798972748563,2.0330973649437314
0.8818314671516418,0.5006702542304993,-0.876922607421875,0.858984112739563,0.6030003428459167,-0.7977409362792969,8.880074501037598,0.03308388218283653,0.5163776278495789,0.0,0.7977735996246338,0.800000011920929,7.558594226837158,1.1746760606765747,-1.3214800357818604,7.558594226837158,7.558594703674316,0.0,7.558594226837158,0.7625709212852798,0.0,0.11651842740878873,992.1858421793913,0.7609116258179557,0.43201661670911246,1.220417677644003,1.1389702069839793,0.8756923837215401,2.029695550331373
0.8777004480361938,0.4927063286304474,-0.8842567801475525,0.8608351945877075,0.598422110080719,-0.8011809587478638,5.340855598449707,0.032861705869436264,0.511523425579071,0.0,0.7977735996246338,0.800000011920929,7.558594226837158,0.7065002918243408,2.2177388668060303,7.558594226837158,7.558594703674316,0.0,7.558594226837158,0.7616098218811899,0.28232410141706465,0.09014449957759926,992.2759866789689,0.7629997073803129,0.4283178968329821,1.2210626584917663,1.1364839765974795,0.8744368031448423,2.0264159051773234
0.8930281400680542,0.5024116635322571,-0.8914968371391296,0.86160808801651,0.5940825939178467,-0.8044040203094482,8.842317581176758,0.0367412343621254,0.5124603509902954,1.0,0.8058475255966187,0.800000011920929,7.558594226837158,1.169681429862976,-1.2837231159210205,7.558594226837158,7.558594703674316,0.0,7.558594226837158,0.760859679844042,0.0,4.374836560888101,996.650823239857,0.7625981845922466,0.42903266569256704,1.2220169950806874,1.1342316136200208,0.8727236622939513,2.0230155562437746
0.8892331719398499,0.4942260682582855,-0.8987348675727844,0.8626185655593872,0.5898178219795227,-0.8075363039970398,8.823338508605957,0.03671221435070038,0.5072768926620483,0.0,0.8058475255966187,0.800000011920929,7.558594226837158,1.1671708822250366,-1.2647440433502197,7.558594226837158,7.558594703674316,0.0,7.558594226837158,0.7596536688228603,0.0,0.11925285887382661,996.7700760987308,0.764811719724684,0.42507398332342805,1.2225998582663842,1.1315298165760794,0.8712664377137274,2.0194779239114635
0.8856710195541382,0.4861748516559601,-0.9056952595710754,0.8634587526321411,0.5855873227119446,-0.8106093406677246,4.963401794433594,0.03671859949827194,0.5020243525505066,0.0,0.8058475255966187,0.800000011920929,7.558594226837158,0.6565698385238647,2.5951926708221436,7.558594226837158,7.558594703674316,0.0,7.558594226837158,0.7580317050071373,0.3202290304827691,0.08401937657349813,996.8540954753042,0.767034060387619,0.42105098122265905,1.2233985643121938,1.128661129796942,0.8702255038133642,2.015904769535676
0.8820462226867676,0.47807130217552185,-0.9126129746437073,0.8650648593902588,0.5806475281715393,-0.8141550421714783,5.319231986999512,0.036520518362522125,0.49668240547180176,0.0,0.8058475255966187,0.800000011920929,7.558594226837158,0.7036398649215698,2.2393624782562256,7.558594226837158,7.558594703674316,0.0,7.558594226837158,0.7560265042557812,0.28482820711851126,0.09052999956771787,996.9446254748719,0.7692722662231577,0.41694756155518764,1.2246601935052817,1.1254848126211017,0.8703283464631533,2.01220259521834
0.8976765871047974,0.48789045214653015,-0.9194789528846741,0.8664066195487976,0.5755702257156372,-0.8177523612976074,8.850579261779785,0.0403890386223793,0.4978419244289398,1.0,0.8138704895973206,0.800000011920929,7.558594226837158,1.1707743406295776,-1.2919847965240479,7.558594226837158,7.558594703674316,0.0,7.558594226837158,0.7543823924796633,0.0,4.369140554620588,1001.3137660294925,0.768788209255924,0.41783921899457444,1.2262923964593246,1.1228320102074192,0.8701978413898778,2.0087492413307766
0.8947970867156982,0.47902122139930725,-0.9262284636497498,0.8667582869529724,0.5707345008850098,-0.821134626865387,8.883787155151367,0.04050782695412636,0.4915187954902649,0.0,0.8138704895973206,0.800000011920929,7.558594226837158,1.175167202949524,-1.3251926898956299,7.558594226837158,7.558594703674316,0.0,7.558594226837158,0.7522451090444634,0.0,0.11851923974571196,1001.4322852692383,0.7714149281044301,0.41296976484451714,1.2280795750879603,1.1186934322044069,0.8709925379727856,2.004186003130784
0.8918573260307312,0.47029271721839905,-0.9329541921615601,0.8668548464775085,0.5661437511444092,-0.8243065476417542,8.859331130981445,0.04069853946566582,0.4852626621723175,0.0,0.8138704895973206,0.800000011920929,7.558594226837158,1.1719321012496948,-1.300736665725708,7.558594226837158,7.558594703674316,0.0,7.558594226837158,0.7496703982778334,0.0,0.11989253362452584,1001.5521778028628,0.773983406041211,0.40813564470537234,1.2296594044630096,1.1147183167264112,0.8713276560785471,1.9997334675761222
0.8885067105293274,0.46241211891174316,-0.939429759979248,0.8685214519500732,0.5609394907951355,-0.8278567790985107,3.2764172554016113,0.040444571524858475,0.4798635244369507,0.0,0.8138704895973206,0.800000011920929,7.558594226837158,0.43341177701950073,4.282176971435547,7.558594226837158,7.558594703674316,0.0,7.558594226837158,0.7467963612277312,0.4892705263590813,0.05512743856703427,1001.6073052414299,0.7761756103113047,0.4039507997628531,1.2312713131038424,1.1112585612619623,0.8723774703575721,1.996010584377381
0.9052316546440125,0.47179415822029114,-0.9456627368927002,0.8687447309494019,0.5557855367660522,-0.8313257098197937,9.324858665466309,0.04476313292980194,0.4804524779319763,1.0,0.8218391537666321,0.800000011920929,7.558594226837158,1.2335131168365479,-1.7662642002105713,7.558594226837158,7.558594703674316,0.0,7.558594226837158,0.7443264899599755,0.0,4.343322593264779,1005.9506278346947,0.7759376346319485,0.40440786789770833,1.2337663083381674,1.1075128288824891,0.8736906057294327,1.9916907949445797
0.9023593068122864,0.4635370373725891,-0.9519654512405396,0.869484007358551,0.5508219599723816,-0.8346228003501892,9.314677238464355,0.04474850371479988,0.47454312443733215,0.0,0.8218391537666321,0.800000011920929,7.558594226837158,1.2321662902832031,-1.7560827732086182,7.558594226837158,7.558594703674316,0.0,7.558594226837158,0.7414806214107864,0.0,0.1010318507149661,1006.0516596854097,0.7783139146577439,0.39981558510219617,1.2355183000442742,1.103576477559683,0.8748616255276636,1.9874841896520292
0.8996254205703735,0.45518758893013,-0.9581322073936462,0.8703843355178833,0.5455103516578674,-0.8381040692329407,6.167591571807861,0.04468241333961487,0.46841585636138916,0.0,0.8218391537666321,0.800000011920929,7.558594226837158,0.815862774848938,1.391002893447876,7.558594226837158,7.558594703674316,0.0,7.558594226837158,0.7382691695471058,0.2004365096831322,0.10706494032759278,1006.1587246257374,0.7807490136712223,0.39503914958315467,1.2377078981408844,1.0992657170337274,0.8769098494582638,1.9831271737930753
0.8963950276374817,0.44705966114997864,-0.964552104473114,0.8717994093894958,0.5400562286376953,-0.8416289687156677,4.493633270263672,0.044472843408584595,0.46263161301612854,0.0,0.8218391537666321,0.800000011920929,7.558594226837158,0.5944278240203857,3.0649611949920654,7.558594226837158,7.558594703674316,0.0,7.558594226837158,0.7347656284700967,0.36794228434324266,0.07742534936359369,1006.236149975101,0.7830210708281305,0.3905165956734628,1.239593424386513,1.0953959993513511,0.8784712472468306,1.9791611937555704
0.9129220247268677,0.45677369832992554,-0.9707794189453125,0.8723388314247131,0.5347925424575806,-0.8449833989143372,9.104286193847656,0.04885490611195564,0.46392160654067993,1.0,0.829750120639801,0.800000011920929,7.558594226837158,1.2043352127075195,-1.545691728591919,7.558594226837158,7.558594703674316,0.0,7.558594226837158,0.7318244093015622,0.0,4.348723497992813,1010.5848734730938,0.7825165030497904,0.39152629464337413,1.2417660990622204,1.092106673895988,0.8793573289270524,1.9752320839498232
0.9100673794746399,0.4483667314052582,-0.9770401120185852,0.8730007410049438,0.529558002948761,-0.8482736945152283,9.08752727508545,0.04884533956646919,0.45776984095573425,0.0,0.829750120639801,0.800000011920929,7.558594226837158,1.2021183967590332,-1.528932809829712,7.558594226837158,7.558594703674316,0.0,7.558594226837158,0.7285093810216731,0.0,0.11328484640841463,1010.6981583195022,0.7849103515805386,0.3867050718946279,1.243646351742321,1.0878973031934582,0.8808960657601304,1.9708348291102185
0.9073132276535034,0.4397934675216675,-0.983182966709137,0.8742684125900269,0.5235551595687866,-0.8519917726516724,5.563466548919678,0.048647698014974594,0.4513495862483978,0.0,0.829750120639801,0.800000011920929,7.558594226837158,0.7359477281570435,1.9951279163360596,7.558594226837158,7.558594703674316,0.0,7.558594226837158,0.7248226852591202,0.26116933848142626,0.0971267377234311,1010.7952850572257,0.7873768233826206,0.3816578222246184,1.2462491123835193,1.0831333638985015,0.8839693683813354,1.9662612247761277
0.9046889543533325,0.43109509348869324,-0.9892733693122864,0.8750029802322388,0.5177555680274963,-0.8555285930633545,4.801670074462891,0.048609305173158646,0.44468122720718384,0.0,0.829750120639801,0.800000011920929,7.558594226837158,0.6351756453514099,2.7569243907928467,7.558594226837158,7.558594703674316,0.0,7.558594226837158,0.7207672137696848,0.3374951779341698,0.08369394555048983,1010.8789790027762,0.7899043200685336,0.37639888668116267,1.2488632833119673,1.0781880010442344,0.8869002990331692,1.9614857699010773
0.9213887453079224,0.4406922161579132,-0.9953811168670654,0.8758012056350708,0.5119585990905762,-0.8590101003646851,8.980073928833008,0.053055234253406525,0.44613030552864075,1.0,0.8375998139381409,0.800000011920929,7.558594226837158,1.1879042387008667,-1.4214794635772705,7.558594226837158,7.558594703674316,0.0,7.558594226837158,0.7173642391969779,0.0,4.348610630778089,1015.2275896335543,0.7893580853651491,0.37754311613996105,1.2514352642245308,1.074630024760623,0.8886013260552674,1.9575120159710915
0.9187014698982239,0.4320785403251648,-1.001451849937439,0.8766119480133057,0.5061385035514832,-0.8624522089958191,8.968863487243652,0.05297495424747467,0.43961837887763977,0.0,0.8375998139381409,0.800000011920929,7.558594226837158,1.186421275138855,-1.410269021987915,7.558594226837158,7.558594703674316,0.0,7.558594226837158,0.7135691050620628,0.0,0.11954384091637418,1015.3471334744706,0.7917999611433025,0.37239496415881845,1.2538071208629828,1.0698396419546468,0.8913033141337763,1.9527934375392808
0.9164682626724243,0.42315050959587097,-1.007218360900879,0.8771927952766418,0.49998897314071655,-0.8660317659378052,5.225025177001953,0.05295779928565025,0.4325563311576843,0.0,0.8375998139381409,0.800000011920929,7.558594226837158,0.6911779642105103,2.333569288253784,7.558594226837158,7.558594703674316,0.0,7.558594226837158,0.7093482304414414,0.2953515674757958,0.09187570631210012,1015.4390091807827,0.79440999915708,0.3667939540470795,1.2568830058781075,1.0642536801730405,0.8953061559787295,1.9475662710929547
0.9137358069419861,0.4144834280014038,-1.0132402181625366,0.8782337307929993,0.49375057220458984,-0.8696035742759705,4.869554042816162,0.05280134454369545,0.4258553087711334,0.0,0.8375998139381409,0.800000011920929,7.558594226837158,0.6441554427146912,2.689040422439575,7.558594226837158,7.558594703674316,0.0,7.558594226837158,0.704783873788293,0.3310651793837548,0.08569266836172108,1015.5247018491444,0.7968500962114856,0.3614624314178672,1.2596132285314343,1.0591529526120593,0.8987400306511354,1.9427721448554516
0.930705189704895,0.4237826466560364,-1.0192348957061768,0.8791050910949707,0.48741602897644043,-0.8731698393821716,8.975850105285645,0.05736016854643822,0.4272816479206085,1.0,0.8453846573829651,0.800000011920929,7.558594226837158,1.1873455047607422,-1.4172556400299072,7.558594226837158,7.558594703674316,0.0,7.558594226837158,0.7009363274832582,0.0,4.343538681052867,1019.8682405301973,0.796333550696218,0.36259851961956213,1.262680080926586,1.055151629547999,0.9013526765470139,1.9386202893441955
0.9281508922576904,0.414848655462265,-1.0251893997192383,0.8799341320991516,0.48103734850883484,-0.8767001032829285,8.977460861206055,0.057248763740062714,0.4203251004219055,0.0,0.8453846573829651,0.800000011920929,7.558594226837158,1.1875585317611694,-1.4188663959503174,7.558594226837158,7.558594703674316,0.0,7.558594226837158,0.6966591208981409,0.0,0.12065694370332615,1019.9888974739007,0.7988367069722975,0.3570500483553691,1.2654826584439562,1.0497342611456784,0.905061911750823,1.9334892468464862
0.9257993102073669,0.40563952922821045,-1.0310320854187012,0.8805974721908569,0.4744027256965637,-0.8803079128265381,2.8858983516693115,0.057187601923942566,0.4129563868045807,0.0,0.8453846573829651,0.800000011920929,7.558594226837158,0.3817530572414398,4.672696113586426,7.558594226837158,7.558594703674316,0.0,7.558594226837158,0.6919360318621107,0.5296185752558709,0.04986610083234775,1020.038763574733,0.8014460412082263,0.35115404967609776,1.268707200648667,1.0437833733735156,0.9095255561823313,1.9280000483855146
0.9232712388038635,0.3966355323791504,-1.0368915796279907,0.8813720941543579,0.4677940309047699,-0.8838375210762024,9.478219032287598,0.05708944424986839,0.405758798122406,0.0,0.8453846573829651,0.800000011920929,7.558594226837158,1.2537999153137207,-1.9196245670318604,7.558594226837158,7.558594703674316,0.0,7.558594226837158,0.6868270009945158,0.0,0.09747316255146754,1020.1362367372845,0.8039527863763798,0.34537656447691584,1.2717887699215633,1.0380355104500343,0.9137561403623896,1.9227146771305135
0.9401607513427734,0.40581202507019043,-1.0430105924606323,0.8824231624603271,0.46111974120140076,-0.8873379230499268,6.192224979400635,0.06172490492463112,0.4074822664260864,1.0,0.8531008958816528,0.800000011920929,7.558594226837158,0.8191213011741638,1.3663694858551025,7.558594226837158,7.558594703674316,0.0,7.558594226837158,0.6825458165282327,0.19929275858163836,4.327370965266967,1024.4636077025516,0.8033563468418393,0.346761630366192,1.2748080836349014,1.0341170749981359,0.9163025578906705,1.918659340580105
0.937472403049469,0.3965994715690613,-1.0490591526031494,0.8832511901855469,0.45431989431381226,-0.890838623046875,8.68321418762207,0.061591725796461105,0.4002194106578827,0.0,0.8531008958816528,0.800000011920929,7.558594226837158,1.148634910583496,-1.124619722366333,7.558594226837158,7.558594703674316,0.0,7.558594226837158,0.6778069596403123,0.0,0.1316451545252286,1024.5952528570767,0.80585358638095,0.3409178717130774,1.2777510624822628,1.0283607150338157,0.9203818466853894,1.9133311655968843
0.9342947006225586,0.3868706226348877,-1.0556819438934326,0.8844002485275269,0.4469080865383148,-0.8945798873901367,3.114999532699585,0.06136172264814377,0.39258313179016113,0.0,0.8531008958816528,0.800000011920929,7.558594226837158,0.41205906867980957,4.443594932556152,7.558594226837158,7.558594703674316,0.0,7.558594226837158,0.6725987636804477,0.5071237697529793,0.0545604502359229,1024.6498133073126,0.808433492946144,0.33475431696094265,1.280717106917431,1.02241049447925,0.9245034158582478,1.9077786393431984
0.9317697882652283,0.3766171634197235,-1.0618977546691895,0.8846732974052429,0.43946853280067444,-0.8982579708099365,6.495299339294434,0.06141900271177292,0.3841179311275482,0.0,0.8531008958816528,0.800000011920929,7.558594226837158,0.8592126965522766,1.0632951259613037,7.558594226837158,7.558594703674316,0.0,7.558594226837158,0.6668455102837231,0.16938688912153246,0.11743965193489825,1024.7672529592476,0.8112381859071799,0.3278987857541009,1.284352266013884,1.0154145397609533,0.9297093330207429,1.9013953128549659
0.9484908580780029,0.3842823803424835,-1.0687839984893799,0.8854551911354065,0.43178433179855347,-0.9019768834114075,4.638501167297363,0.0662856251001358,0.3849393427371979,1.0,0.8607447147369385,0.800000011920929,7.558594226837158,0.6135912537574768,2.920093297958374,7.558594226837158,7.558594703674316,0.0,7.558594226837158,0.6618823541529207,0.35515698836088183,4.292981225415159,1029.0602341846627,0.8109686155442262,0.32856505471322134,1.2877284323671316,1.0105772657968586,0.9326932715061735,1.8964479675456174
0.9452006220817566,0.37389564514160156,-1.0756672620773315,0.8861855268478394,0.4240512549877167,-0.9056381583213806,9.04709243774414,0.06617799401283264,0.3766840100288391,0.0,0.8607447147369385,0.800000011920929,7.558594226837158,1.1967695951461792,-1.4884979724884033,7.558594226837158,7.558594703674316,0.0,7.558594226837158,0.6563560616096967,0.0,0.12094338609969854,1029.1811775707624,0.8136533303705821,0.321859079572322,1.2907967756746899,1.0041048024062378,0.936929575138078,1.8904442639448016
0.9415948987007141,0.36354073882102966,-1.0827513933181763,0.8871166706085205,0.4161406457424164,-0.9093002676963806,5.690812110900879,0.06600234657526016,0.3684581518173218,0.0,0.8607447147369385,0.800000011920929,7.558594226837158,0.7527933120727539,1.8677823543548584,7.558594226837158,7.558594703674316,0.0,7.558594226837158,0.6503172353837084,0.25012758393049245,0.10317732777642223,1029.2843548985388,0.8162733460640349,0.3151553138737859,1.293673506850455,0.9977703967133549,0.9409185734379683,1.8844809319852236
0.9382637739181519,0.35300976037979126,-1.0896177291870117,0.8872779011726379,0.4085353910923004,-0.9127424955368042,8.914681434631348,0.0660935640335083,0.35985490679740906,0.0,0.8607447147369385,0.800000011920929,7.558594226837158,1.1792539358139038,-1.3560869693756104,7.558594226837158,7.558594703674316,0.0,7.558594226837158,0.6437515549541575,0.0,0.12709410176646851,1029.4114490003053,0.8189543484449735,0.30812109004288446,1.2966460860206357,0.9910651713900037,0.9449028186883702,1.878162594312868
0.9543200731277466,0.36065036058425903,-1.0971086025238037,0.8884949088096619,0.4005439877510071,-0.9162775278091431,3.550416946411133,0.07092424482107162,0.36132246255874634,1.0,0.8683122396469116,0.800000011920929,7.558594226837158,0.4696570634841919,4.008177280426025,7.558594226837158,7.558594703674316,0.0,7.558594226837158,0.6381709157474158,0.464305651652813,4.266756673469246,1033.6782056737745,0.8185014085791166,0.30932271375661824,1.29936708173526,0.9869784107743309,0.9466998333918133,1.8737736744927216
0.9498773813247681,0.34973883628845215,-1.1050368547439575,0.8896489143371582,0.3920300006866455,-0.9199524521827698,4.0990777015686035,0.07065042108297348,0.35279014706611633,0.0,0.8683122396469116,0.800000011920929,7.558594226837158,0.5422351360321045,3.459516763687134,7.558594226837158,7.558594703674316,0.0,7.558594226837158,0.6320017692042182,0.40970655112028126,0.07393250050505087,1033.7521381742795,0.8211106910336898,0.3023278038610945,1.3018793470062797,0.980730760956004,0.9500397200509179,1.8678229115597809
0.9453120231628418,0.3389422595500946,-1.1129673719406128,0.8908054828643799,0.3834821581840515,-0.9235482811927795,9.19015121459961,0.07037186622619629,0.3442719280719757,0.0,0.8683122396469116,0.800000011920929,7.558594226837158,1.215693712234497,-1.631556749343872,7.558594226837158,7.558594703674316,0.0,7.558594226837158,0.625293726458366,0.0,0.11677816243595189,1033.8689163367155,0.8236562654515756,0.2953225216611085,1.3043177672544601,0.9745351635898798,0.9532823908969705,1.8618936006169466
0.9615641236305237,0.3452179431915283,-1.1207733154296875,0.8913445472717285,0.374681293964386,-0.9271536469459534,3.879159450531006,0.0755639597773552,0.3446851670742035,1.0,0.8757995367050171,0.800000011920929,7.558594226837158,0.5131438374519348,3.6794350147247314,7.558594226837158,7.558594703674316,0.0,7.558594226837158,0.619436717199188,0.4319324315619469,4.2683532251325,1038.137269561848,0.8235342677671836,0.2956628991401024,1.3075953197311376,0.9692227213383351,0.9559585592833605,1.8563765679879591
0.9573404788970947,0.3337245583534241,-1.1285732984542847,0.8918898105621338,0.36585959792137146,-0.9306700825691223,9.241548538208008,0.07547452300786972,0.3354230225086212,0.0,0.8757995367050171,0.800000011920929,7.558594226837158,1.2224925756454468,-1.6829540729522705,7.558594226837158,7.558594703674316,0.0,7.558594226837158,0.6128700335009614,0.0,0.1148838487359867,1038.252153410584,0.8262370969637189,0.2880225077554754,1.3105123760733244,0.9621321788015746,0.960021556210831,1.8497972683601223
0.9527847766876221,0.322325199842453,-1.1365635395050049,0.8925907015800476,0.3569118082523346,-0.9341380596160889,6.592896461486816,0.07532767206430435,0.3262121081352234,0.0,0.8757995367050171,0.800000011920929,7.558594226837158,0.8721230626106262,0.9656980037689209,7.558594226837158,7.558594703674316,0.0,7.558594226837158,0.6056591503291804,0.16080598089933396,0.12190413677015287,1038.3740575473541,0.8288550522157518,0.28040004084118036,1.3131324219336196,0.9552416821473041,0.9637118901270229,1.8432485818444746
0.9682261943817139,0.32862192392349243,-1.1450836658477783,0.8937026262283325,0.34765079617500305,-0.9376240968704224,4.9322309494018555,0.08042091131210327,0.3272061049938202,1.0,0.8832024335861206,0.800000011920929,7.558594226837158,0.6524465084075928,2.626363515853882,7.558594226837158,7.558594703674316,0.0,7.558594226837158,0.5994507343160839,0.3269569583201409,4.2837442626488755,1042.657801810003,0.8285759914204811,0.2812238248754699,1.315777462358257,0.9506989818240934,0.9652989566330957,1.838294342580982
0.9630669355392456,0.31669971346855164,-1.153733491897583,0.8946108818054199,0.33810827136039734,-0.9411072134971619,6.156368732452393,0.08016262203454971,0.31770557165145874,0.0,0.8832024335861206,0.800000011920929,7.558594226837158,0.8143782019615173,1.4022257328033447,7.558594226837158,7.558594703674316,0.0,7.558594226837158,0.5924872454905689,0.20472724615812304,0.11396542446728912,1042.7717672344704,0.8312104499007715,0.273339398683016,1.3183461003833075,0.9437674778993268,0.9687625554438102,1.8318133734615674
0.957444965839386,0.30431872606277466,-1.1628704071044922,0.8955349922180176,0.328084260225296,-0.9446484446525574,4.440927028656006,0.0798991471529007,0.307746559381485,0.0,0.8832024335861206,0.800000011920929,7.558594226837158,0.5874557495117188,3.1176674365997314,7.558594226837158,7.558594703674316,0.0,7.558594226837158,0.5847561886236017,0.37638203441381457,0.08164571966824061,1042.8534129541385,0.8338913357990091,0.26504786712832856,1.3207033883553863,0.9366350230982782,0.9720671020533016,1.8249708479731237
0.9731293320655823,0.30880728363990784,-1.1717197895050049,0.895709753036499,0.3177950978279114,-0.948159396648407,4.697418212890625,0.08544401079416275,0.3072829842567444,1.0,0.8905168771743774,0.800000011920929,7.558594226837158,0.6213849186897278,2.8611762523651123,7.558594226837158,7.558594703674316,0.0,7.558594226837158,0.5778600653300465,0.3509464603686333,4.274881053132895,1047.1282940072715,0.8340139979395444,0.26466125666041607,1.3240773577804483,0.9304155190167662,0.9748501440977251,1.8185255785737648
0.9679587483406067,0.29564327001571655,-1.180568814277649,0.8958736658096313,0.3074668347835541,-0.9515588283538818,9.041936874389648,0.08543551713228226,0.2964306175708771,0.0,0.8905168771743774,0.800000011920929,7.558594226837158,1.1960875988006592,-1.4833424091339111,7.558594226837158,7.558594703674316,0.0,7.558594226837158,0.5700099052439834,0.0,0.1259453885842209,1047.2542393958556,0.8368370895753018,0.2555948420549536,1.3271232622531584,0.9221251152937682,0.9792578617172167,1.810874053463359
0.9624856114387512,0.2828599512577057,-1.1894769668579102,0.8962007761001587,0.2971946895122528,-0.9548168778419495,9.02836799621582,0.08536148816347122,0.28583717346191406,0.0,0.8905168771743774,0.800000011920929,7.558594226837158,1.194292664527893,-1.469773530960083,7.558594226837158,7.558594703674316,0.0,7.558594226837158,0.5613251198184009,0.0,0.12703631015511518,1047.3812757060107,0.8394976595427289,0.24671564892366238,1.329702022121074,0.9142485209935454,0.9831436219427203,1.8034353120701683
0.9775424003601074,0.28745242953300476,-1.1988310813903809,0.8967825174331665,0.28655076026916504,-0.9580650925636292,4.515798091888428,0.09083189070224762,0.28599491715431213,1.0,0.8977385759353638,0.800000011920929,7.558594226837158,0.597359836101532,3.0427963733673096,7.558594226837158,7.558594703674316,0.0,7.558594226837158,0.5536885053309144,0.3693066273760796,4.2669807917022196,1051.648256497713,0.839458619370643,0.24684802611370385,1.3325123826792384,0.9087578371504581,0.984979613186121,1.7975782054488176
0.9711495637893677,0.27415043115615845,-1.2086548805236816,0.8973931670188904,0.27559158205986023,-0.9612748026847839,4.924760341644287,0.09059880673885345,0.2751353681087494,0.0,0.8977385759353638,0.800000011920929,7.558594226837158,0.6514582633972168,2.63383412361145,7.558594226837158,7.558594703674316,0.0,7.558594226837158,0.5451126614792063,0.3286194545149803,0.09179064746791007,1051.7400471451808,0.8420899796673277,0.2377175426474584,1.3348336133700922,0.9010495913894095,0.9882587968572287,1.790355277928792
0.9852821230888367,0.27871760725975037,-1.2188591957092285,0.8980756402015686,0.26476970314979553,-0.9643116593360901,7.003241062164307,0.0961303859949112,0.27567824721336365,1.0,0.9048633575439453,0.800000011920929,7.558594226837158,0.9264043569564819,0.5553534030914307,7.558594226837158,7.558594703674316,0.0,7.558594226837158,0.5376384694570142,0.12095589684247972,4.311776085690108,1056.051823230871,0.8419605019480738,0.23817465634507004,1.336763844787013,0.8964251124243626,0.9884312124973114,1.7849653991602865
0.9788821935653687,0.2647961676120758,-1.2287400960922241,0.8980599641799927,0.2536125183105469,-0.9673058986663818,5.005435943603516,0.09610484540462494,0.26418590545654297,0.0,0.9048633575439453,0.800000011920929,7.558594226837158,0.6621302366256714,2.5531585216522217,7.558594226837158,7.558594703674316,0.0,7.558594226837158,0.5290613252005754,0.32079621423482896,0.09363548690992522,1056.145458717781,0.844642306202706,0.22848310053922308,1.3390819488347117,0.8881516027988787,0.9917798971907998,1.7771591277096732
0.9718595743179321,0.25091853737831116,-1.2390779256820679,0.8982337713241577,0.24220722913742065,-0.9702245593070984,5.3157267570495605,0.09599656611680984,0.25266626477241516,0.0,0.9048633575439453,0.800000011920929,7.558594226837158,0.7031762003898621,2.2428677082061768,7.558594226837158,7.558594703674316,0.0,7.558594226837158,0.5194657365535236,0.2899468067336083,0.09993897785004824,1056.245397695631,0.8472183335601552,0.21873817705067364,1.3410377174331976,0.8801903640316859,0.9945581983791074,1.7695650468127817
0.9859330058097839,0.2542142868041992,-1.2496105432510376,0.8983423709869385,0.23046748340129852,-0.973080039024353,7.076999664306641,0.10181054472923279,0.2523450255393982,1.0,0.9118867516517639,0.800000011920929,7.558594226837158,0.9361612796783447,0.4815948009490967,7.558594226837158,7.558594703674316,0.0,7.558594226837158,0.510941923138558,0.11398057240247728,4.309057363603081,1060.5544550592342,0.8472883706150072,0.21846598435836737,1.3433436133648713,0.874548257604759,0.9953973939745903,1.763336141475029
0.9783880710601807,0.23998817801475525,-1.2604025602340698,0.8984513282775879,0.21865232288837433,-0.9758028388023376,5.94223165512085,0.10166987031698227,0.24054022133350372,0.0,0.9118867516517639,0.800000011920929,7.558594226837158,0.7860516309738159,1.6163628101348877,7.558594226837158,7.558594703674316,0.0,7.558594226837158,0.501300258502442,0.227512753341198,0.1124230273152014,1060.6668780865493,0.8498083259590985,0.2084489342025792,1.3451049531485577,0.8665777124093648,0.9978419493291669,1.7557662580142486
0.9917468428611755,0.24303147196769714,-1.2716182470321655,0.8985105752944946,0.20653972029685974,-0.9784381985664368,5.48750114440918,0.10757822543382645,0.2403181493282318,1.0,0.9188044667243958,0.800000011920929,7.558594226837158,0.7258988618850708,2.0710933208465576,7.558594226837158,7.558594703674316,0.0,7.558594226837158,0.49275261157008826,0.2731092705130578,4.275262726405897,1064.9421408129551,0.8498544003174081,0.20826018639774724,1.34687671120942,0.8613638132820747,0.9976718796086159,1.7497406607934525
0.9836148619651794,0.2281932383775711,-1.2829750776290894,0.8984473347663879,0.19413968920707703,-0.9809738993644714,7.262429714202881,0.10744272172451019,0.22796185314655304,0.0,0.9188044667243958,0.800000011920929,7.558594226837158,0.9606903791427612,0.29616475105285645,7.558594226837158,7.558594703674316,0.0,7.558594226837158,0.4829452036090002,0.09576716346502306,0.13849087139177296,1065.0806316843468,0.8523629558999115,0.19774355085857945,1.3483853513658994,0.8531838304055135,0.9998372060746964,1.7419143521065545
0.9964851140975952,0.230915829539299,-1.2946594953536987,0.8983224630355835,0.18163847923278809,-0.9833653569221497,5.553900241851807,0.1134892925620079,0.22771117091178894,1.0,0.9256119132041931,0.800000011920929,7.558594226837158,0.7346823215484619,2.0046942234039307,7.558594226837158,7.558594703674316,0.0,7.558594226837158,0.4742451787715409,0.2666643649172783,4.273543931203728,1069.3541756155505,0.8524123153589915,0.19752981006662024,1.349929102917518,0.8481124266040505,0.9991248488597023,1.7359754971478585
0.9880194067955017,0.21543750166893005,-1.3062957525253296,0.8976292014122009,0.16898249089717865,-0.985619068145752,5.988531112670898,0.11356636881828308,0.2146894484758377,0.0,0.9256119132041931,0.800000011920929,7.558594226837158,0.7921762466430664,1.5700633525848389,7.558594226837158,7.558594703674316,0.0,7.558594226837158,0.4641315064243947,0.22334804382085802,0.11402100046520405,1069.4681966160158,0.8549122796974675,0.18641348919568615,1.3512006528740874,0.8395503387767582,1.00097646150852,1.7277090745517047
1.000620722770691,0.21795879304409027,-1.318177342414856,0.897072970867157,0.1563831865787506,-0.9876964688301086,7.334513187408447,0.11986077576875687,0.2144734263420105,1.0,0.9323046207427979,0.800000011920929,7.558594226837158,0.9702257513999939,0.22408127784729004,7.558594226837158,7.558594703674316,0.0,7.558594226837158,0.4551668306227381,0.08887052448034288,4.305329384716511,1073.7735260007323,0.8549523795242091,0.18622881168374303,1.3524998177899057,0.8346089498101109,0.9996838574552047,1.7218156343475919
0.9913657903671265,0.2025924026966095,-1.3303924798965454,0.8964757323265076,0.14353430271148682,-0.9896453619003296,6.023474216461182,0.11981149017810822,0.20158131420612335,0.0,0.9323046207427979,0.800000011920929,7.558594226837158,0.796798586845398,1.5351202487945557,7.558594226837158,7.558594703674316,0.0,7.558594226837158,0.44479471351710564,0.22001435078382492,0.11503012110999056,1073.8885561218424,0.8572823573148927,0.1751915440621855,1.353089798970814,0.8267045342663413,1.0004764104048693,1.714040169527255
1.0033763647079468,0.20500649511814117,-1.3427726030349731,0.8957669138908386,0.13067907094955444,-0.9914247393608093,7.4341278076171875,0.1262039840221405,0.2015427201986313,1.0,0.9388781189918518,0.800000011920929,7.558594226837158,0.9834029674530029,0.12446665018796921,7.558594226837158,7.558594703674316,0.0,7.558594226837158,0.4356354030101537,0.07906758321523667,4.304339727379888,1078.1928958492222,0.8572888853201013,0.17515841507907956,1.3539483407755455,0.8222223954552832,0.9982949158115639,1.708454533696634
0.9934395551681519,0.189490407705307,-1.3555017709732056,0.8949457406997681,0.11763937771320343,-0.9930563569068909,6.2183003425598145,0.12616677582263947,0.1884777694940567,0.0,0.9388781189918518,0.800000011920929,7.558594226837158,0.8225706219673157,1.3402941226959229,7.558594226837158,7.558594703674316,0.0,7.558594226837158,0.425010546850623,0.20068428205251695,0.11916355750391557,1078.3120594067261,0.8595042817319457,0.16394333699914054,1.353972022989904,0.8146622664203962,0.9981921898397212,1.7008896855609978
1.0046805143356323,0.19175642728805542,-1.3685556650161743,0.8940228819847107,0.10453000664710999,-0.9945217370986938,6.395794868469238,0.1326589584350586,0.18859483301639557,1.0,0.9453276991844177,0.800000011920929,7.558594226837158,0.8460500240325928,1.162799596786499,7.558594226837158,7.558594703674316,0.0,7.558594226837158,0.4156586703065778,0.18304173144102098,4.280981108367054,1082.5930405150932,0.8594850108854132,0.1640439948101428,1.3542126984542533,0.8107855136222413,0.9947950746968816,1.6956717886101964
0.9946536421775818,0.1756221354007721,-1.3812378644943237,0.8923528790473938,0.091359443962574,-0.9958179593086243,7.7152099609375,0.13295559585094452,0.17476484179496765,0.0,0.9453276991844177,0.800000011920929,7.558594226837158,1.0205851793289185,-0.1566154956817627,7.558594226837158,7.558594703674316,0.0,7.558594226837158,0.4046646133016043,0.05119647450208665,0.14846318374067505,1082.7415036988339,0.8616713553295208,0.15214196385052875,1.354171532405762,0.8026176590669365,0.9947174941002195,1.687547031956021
1.0058677196502686,0.1776711642742157,-1.3942056894302368,0.8909764885902405,0.07806461304426193,-0.9969483017921448,6.778454303741455,0.13968464732170105,0.17483137547969818,1.0,0.9516487717628479,0.800000011920929,7.558594226837158,0.8966690301895142,0.7801401615142822,7.558594226837158,7.558594703674316,0.0,7.558594226837158,0.3949772903721233,0.14488912762403489,4.2855024551744005,1087.0270061540082,0.8616612952813073,0.1521993414639804,1.3543888791160077,0.7985897963202616,0.9913159771617995,1.6821764212324988
0.994929313659668,0.1620459407567978,-1.4075276851654053,0.8895304799079895,0.06487325578927994,-0.9978935122489929,6.624305248260498,0.13976211845874786,0.16145412623882294,0.0,0.9516487717628479,0.800000011920929,7.558594226837158,0.8762778639793396,0.9342892169952393,7.558594226837158,7.558594703674316,0.0,7.558594226837158,0.38372945929641633,0.16037732591390613,0.12776306632501086,1087.1547692203333,0.8636203147360995,0.1406593952138514,1.3534837032894589,0.7915718959608635,0.9898246501707192,1.6749979259844383
1.0054535865783691,0.16449983417987823,-1.4209814071655273,0.887981116771698,0.05175916478037834,-0.998659610748291,7.709501266479492,0.14654642343521118,0.16217079758644104,1.0,0.9578368067741394,0.800000011920929,7.558594226837158,1.0198299884796143,-0.15090680122375488,7.558594226837158,7.558594703674316,0.0,7.558594226837158,0.37395071851368517,0.05194026577711106,4.300378122940008,1091.4551473432732,0.863519223992309,0.14127828820691796,1.352847638844992,0.7886850130831494,0.9847831945168659,1.6704190742124485
0.9938294291496277,0.1490708589553833,-1.4347516298294067,0.8862766027450562,0.03866459056735039,-0.9992522597312927,6.745588302612305,0.14663831889629364,0.14888644218444824,0.0,0.9578368067741394,0.800000011920929,7.558594226837158,0.8923214673995972,0.8130061626434326,7.558594226837158,7.558594703674316,0.0,7.558594226837158,0.36259894696905165,0.14834899208784105,0.13041922003153403,1091.5855665633048,0.8653198342872992,0.1297948715515234,1.3512248667749336,0.7823992123783896,0.9820655912388325,1.6637984019812118
1.0041568279266357,0.15101349353790283,-1.4482680559158325,0.8839200735092163,0.025398051366209984,-0.9996774196624756,7.7577290534973145,0.1538090854883194,0.14926974475383759,1.0,0.9638870358467102,0.800000011920929,7.558594226837158,1.0262097120285034,-0.19913458824157715,7.558594226837158,7.558594703674316,0.0,7.558594226837158,0.35266185940283085,0.04721018170118333,4.297969492920046,1095.8835360562248,0.8652699489770509,0.1301265484654346,1.3503819045937524,0.7792788636973504,0.9766592571201765,1.6588738435007289
0.9921222925186157,0.1355755627155304,-1.4622220993041992,0.8818256258964539,0.012295464053750038,-0.9999244213104248,7.006445407867432,0.15399770438671112,0.13581086695194244,0.0,0.9638870358467102,0.800000011920929,7.558594226837158,0.9268282055854797,0.5521490573883057,7.558594226837158,7.558594703674316,0.0,7.558594226837158,0.34109303524096146,0.12235308252096178,0.13583858304114108,1096.0193746392658,0.8669429507129943,0.11846956079830918,1.3483628930651932,0.7732387705504189,0.9733597267769216,1.6524627149630347
1.0015665292739868,0.13838186860084534,-1.476384162902832,0.8796084523200989,-0.0007035311427898705,-0.9999997615814209,7.115647792816162,0.16101087629795074,0.1372961848974228,1.0,0.9697948694229126,0.800000011920929,7.558594226837158,0.9412737488746643,0.4429466724395752,7.558594226837158,7.558594703674316,0.0,7.558594226837158,0.3311963785361579,0.11149245730161668,4.2829737446888,1100.3023483839547,0.86676604313323,0.1197571040878935,1.3464110084634884,0.7718797397552039,0.9659062522921474,1.648846505317223
1.0108600854873657,0.14164602756500244,-1.4905019998550415,0.8774184584617615,-0.01369865145534277,-0.9999061822891235,8.4874267578125,0.16805845499038696,0.1392178237438202,1.0,0.9755556583404541,0.800000011920929,7.558594226837158,1.1227357387542725,-0.9288322925567627,7.558594226837158,7.558594703674316,0.0,7.558594226837158,0.32286582336063596,0.0,4.291184926943028,1104.5935333108978,0.8665342367355918,0.12142245223536774,1.3444748090763377,0.77092393409336,0.9582876587811873,1.6456351223663988
0.9985367059707642,0.12602320313453674,-1.5045242309570312,0.8746639490127563,-0.026786867529153824,-0.9996411800384521,7.112102031707764,0.168381929397583,0.12554411590099335,0.0,0.9755556583404541,0.800000011920929,7.558594226837158,0.9408047199249268,0.44649243354797363,7.558594226837158,7.558594703674316,0.0,7.558594226837158,0.3126386095051866,0.11190009454488756,0.13812255066254647,1104.7316558615603,0.8681135599366158,0.10956272424021857,1.3418605160188553,0.7650790012533158,0.9543634147471034,1.6393075829764023
1.007504940032959,0.12914106249809265,-1.5187678337097168,0.8718625903129578,-0.03981030359864235,-0.9992072582244873,7.217289447784424,0.17567428946495056,0.12748393416404724,1.0,0.9811647534370422,0.800000011920929,7.558594226837158,0.9547191262245178,0.3413050174713135,7.558594226837158,7.558594703674316,0.0,7.558594226837158,0.3040251682636797,0.10143462681531908,4.280174411738462,1109.0118302732988,0.8678992594024819,0.11124655143523679,1.339499301812273,0.7643615818978158,0.946041224731124,1.6361277053380243
0.9946499466896057,0.11394206434488297,-1.5330743789672852,0.8689428567886353,-0.05272654816508293,-0.9986090064048767,7.844945907592773,0.1759551763534546,0.1140577495098114,0.0,0.9811647534370422,0.800000011920929,7.558594226837158,1.0377469062805176,-0.28635144233703613,7.558594226837158,7.558594703674316,0.0,7.558594226837158,0.29356747014825335,0.038715943467617045,0.15123951599285174,1109.1630697892915,0.8693146823427316,0.09958429153395829,1.3362843065902674,0.759337097171036,0.9411100280618098,1.6304946538987795
1.0031464099884033,0.11741405725479126,-1.5475587844848633,0.8658035397529602,-0.06557612121105194,-0.9978475570678711,7.208189964294434,0.1833161562681198,0.1165156364440918,1.0,0.9866176247596741,0.800000011920929,7.558594226837158,0.9535154104232788,0.3504045009613037,7.558594226837158,7.558594703674316,0.0,7.558594226837158,0.28486594550031363,0.10240084104299546,4.276852996343462,1113.439922785635,0.8690671391809432,0.10172068609583504,1.3332213343164008,0.7595027238407781,0.931598397795541,1.627895587042816
1.0114645957946777,0.12139188498258591,-1.5619683265686035,0.8625010848045349,-0.07820194214582443,-0.9969375133514404,7.975086212158203,0.19079150259494781,0.11944465339183807,1.0,0.9919096827507019,0.800000011920929,7.558594226837158,1.054962158203125,-0.4164917469024658,7.558594226837158,7.558594703674316,0.0,7.558594226837158,0.2778132163907986,0.025758724858760844,4.286895957322525,1117.7268187429574,0.8687655060118488,0.10426570913188513,1.3299714337215514,0.7602045525707614,0.9215515228402017,1.6256846997020729
0.9981644749641418,0.10660034418106079,-1.5764639377593994,0.8590937256813049,-0.09071697294712067,-0.9958767294883728,7.484786033630371,0.19108040630817413,0.10639311373233795,0.0,0.9919096827507019,0.800000011920929,7.558594226837158,0.9901041984558105,0.07380842417478561,7.558594226837158,7.558594703674316,0.0,7.558594226837158,0.2687919859406822,0.07479023753881456,0.14584927961051494,1117.872668022568,0.8700523146902737,0.09291840484567093,1.325806190788955,0.756200833256319,0.9152407808764024,1.6208263488184997
1.0061328411102295,0.11101941019296646,-1.5909847021102905,0.8555191159248352,-0.10316586494445801,-0.994664192199707,7.790181636810303,0.19856898486614227,0.10989811271429062,1.0,0.9970363974571228,0.800000011920929,7.558594226837158,1.0305025577545166,-0.23158717155456543,7.558594226837158,7.558594703674316,0.0,7.558594226837158,0.2615867556274326,0.04428159005880357,4.282457724801333,1122.1551257473693,0.8697213933220141,0.09596741042556894,1.3219699089100574,0.757727145547892,0.9042323963479337,1.6191487869275325
1.0138676166534424,0.11589343845844269,-1.6054472923278809,0.8516619801521301,-0.11533775180578232,-0.9933263063430786,7.687026500701904,0.2062225192785263,0.11381426453590393,1.0,1.0019932985305786,0.800000011920929,7.558594226837158,1.0168570280075073,-0.128432035446167,7.558594226837158,7.558594703674316,0.0,7.558594226837158,0.25606965411830945,0.05460969277143479,4.279415954122324,1126.4345417014915,0.8693389108832864,0.09937263486885915,1.3177434510328865,0.7598001778005304,0.8925441051333964,1.6178170153881568
1.0003784894943237,0.1014891266822815,-1.6198956966400146,0.8477623462677002,-0.12744784355163574,-0.9918452501296997,8.039172172546387,0.20653223991394043,0.10110481083393097,0.0,1.0019932985305786,0.800000011920929,7.558594226837158,1.0634396076202393,-0.4805777072906494,7.558594226837158,7.558594703674316,0.0,7.558594226837158,0.24846357734924415,0.01941390399694444,0.15234326113257893,1126.586884962624,0.8705315440414544,0.08831608029797829,1.3129537169657493,0.7565705386936752,0.8852863387761383,1.6135706613849394
1.0078203678131104,0.10679399222135544,-1.6344033479690552,0.8436511754989624,-0.1394810825586319,-0.9902247190475464,7.546597003936768,0.2141677588224411,0.10557133704423904,1.0,1.0067760944366455,0.800000011920929,7.558594226837158,0.9982806444168091,0.011997455731034279,7.558594226837158,7.558594703674316,0.0,7.558594226837158,0.2427179754885181,0.06866907052755357,4.273758296220805,1130.860643258845,0.8701285183329586,0.09220338239136018,1.3083192296872694,0.7593651888017832,0.8728236785639982,1.6127011389144652
1.0149011611938477,0.11254731565713882,-1.6489880084991455,0.839369535446167,-0.15138229727745056,-0.9884752631187439,7.856922149658203,0.22186420857906342,0.1104435920715332,1.0,1.0113804340362549,0.800000011920929,7.558594226837158,1.0393311977386475,-0.2983276844024658,7.558594226837158,7.558594703674316,0.0,7.558594226837158,0.23869751798069153,0.03766376013517381,4.276401055142314,1135.1370443139872,0.8696690133186967,0.09644174679524795,1.3031888356079917,0.762758488897791,0.8596949767355992,1.6122210362492309
1.0009567737579346,0.09864376485347748,-1.6636533737182617,0.8349222540855408,-0.16295993328094482,-0.9866327047348022,7.619321823120117,0.22217072546482086,0.09823228418827057,0.0,1.0113804340362549,0.800000011920929,7.558594226837158,1.0079008340835571,-0.06072736531496048,7.558594226837158,7.558594703674316,0.0,7.558594226837158,0.2325123248414888,0.06143237746000291,0.14857803799622307,1135.2856223519834,0.870781568990902,0.08581503299559082,1.2973873336684476,0.7607361216432718,0.8507892941759758,1.6088097029291308
1.0077720880508423,0.10477198660373688,-1.6781895160675049,0.8301758766174316,-0.17457972466945648,-0.9846430420875549,7.937726974487305,0.22995351254940033,0.10359181463718414,1.0,1.015802025794983,0.800000011920929,7.558594226837158,1.0500202178955078,-0.3791325092315674,7.558594226837158,7.558594703674316,0.0,7.558594226837158,0.22821581912039832,0.029614703013896952,4.27369531639258,1139.559317668376,0.8703093112246498,0.09048076946690428,1.2918302232505612,0.7647933604479309,0.8367710477976029,1.6087082909879697
1.0142452716827393,0.11138085275888443,-1.6927855014801025,0.8253641128540039,-0.186147078871727,-0.9825218915939331,7.5924201011657715,0.23771250247955322,0.10937820374965668,1.0,1.0200368165969849,0.800000011920929,7.558594226837158,1.0043421983718872,-0.03382564336061478,7.558594226837158,7.558594703674316,0.0,7.558594226837158,0.22567245639341366,0.06414912672758104,4.267918097314524,1143.8272357656906,0.8697711998149327,0.09551518744550713,1.2858229116402362,0.7694059455968647,0.8222450645026125,1.608946807373036
1.0004395246505737,0.09688594937324524,-1.707058310508728,0.8199799060821533,-0.19778987765312195,-0.9802444577217102,8.414444923400879,0.23834221065044403,0.09654232859611511,0.0,1.0200368165969849,0.800000011920929,7.558594226837158,1.1130815744400024,-0.8558504581451416,7.558594226837158,7.558594703674316,0.0,7.558594226837158,0.22065249633426434,0.0,0.14985563741067723,1143.9770914031012,0.8709255632143861,0.08434333481535367,1.2799416237459211,0.7668632259284198,0.8135705226862142,1.6050929118313657
1.0065726041793823,0.10424699634313583,-1.7216870784759521,0.8149259090423584,-0.20894262194633484,-0.9779279232025146,7.673495292663574,0.24600699543952942,0.10319837182760239,1.0,1.0240808725357056,0.800000011920929,7.558594226837158,1.0150671005249023,-0.11490083485841751,7.558594226837158,7.558594703674316,0.0,7.558594226837158,0.2176662089043153,0.05606606237173081,4.266056032561954,1148.243147435663,0.8703447571147374,0.0901384172022466,1.2733435380715363,0.7725769891989495,0.7979125808457532,1.6061210027935933
1.012663722038269,0.11137957870960236,-1.735949993133545,0.8092946410179138,-0.22016620635986328,-0.9754623770713806,8.356678009033203,0.25402477383613586,0.10954642295837402,1.0,1.0279302597045898,0.800000011920929,7.558594226837158,1.1054400205612183,-0.7980835437774658,7.558594226837158,7.558594703674316,0.0,7.558594226837158,0.21640015623957298,0.0,4.265392971825439,1152.5085404074885,0.8697549694420806,0.09566152969108807,1.266700110432075,0.7778454683027473,0.7824301883151271,1.6066027387307789
0.9983972907066345,0.09832579642534256,-1.7505444288253784,0.8039382696151733,-0.23094700276851654,-0.9729663133621216,7.670630931854248,0.2542334794998169,0.09816707670688629,0.0,1.0279302597045898,0.800000011920929,7.558594226837158,1.0146881341934204,-0.11203647404909134,7.558594226837158,7.558594703674316,0.0,7.558594226837158,0.21282402580468435,0.05637208873510362,0.14942296616741657,1152.6579633736558,0.8707872955387208,0.08575830233736009,1.2594664441317576,0.7774776127189023,0.7716168630618192,1.6043579885040753
1.0039246082305908,0.10678272694349289,-1.7651169300079346,0.7984259724617004,-0.2416178435087204,-0.9703714847564697,8.0404052734375,0.26183444261550903,0.10596685856580734,1.0,1.031581163406372,0.800000011920929,7.558594226837158,1.0636026859283447,-0.4818108081817627,7.558594226837158,7.558594703674316,0.0,7.558594226837158,0.2113566489837403,0.01941441672086717,4.263929923864296,1156.92189329752,0.8700918252368274,0.09254757864805974,1.2518660904083057,0.7845743582738616,0.7544477150385845,1.6061674673070394
1.009222149848938,0.11529269814491272,-1.779547929763794,0.7926044464111328,-0.25238949060440063,-0.9676257371902466,7.831825256347656,0.269555002450943,0.11374606192111969,1.0,1.0350301265716553,0.800000011920929,7.558594226837158,1.0360113382339478,-0.27323079109191895,7.558594226837158,7.558594703674316,0.0,7.558594226837158,0.21173435962972195,0.0402699941134453,4.261131198660997,1161.183024496181,0.869345713106213,0.0993133035637365,1.2441185700158615,0.7916211084230544,0.7372750756795298,1.6078517810069108
0.9948161244392395,0.10262733697891235,-1.7941290140151978,0.7868072986602783,-0.2628231644630432,-0.9648440480232239,8.000972747802734,0.26965704560279846,0.1027984693646431,0.0,1.0350301265716553,0.800000011920929,7.558594226837158,1.0583864450454712,-0.44237828254699707,7.558594226837158,7.558594703674316,0.0,7.558594226837158,0.20971078182751496,0.02336533545255662,0.1522607193323908,1161.3352852155133,0.8703807925357027,0.08979031159456208,1.2361397518766721,0.7920456401056366,0.7256034086615812,1.60620187186511
0.9998002052307129,0.11179058998823166,-1.8085397481918335,0.7807391285896301,-0.2732834219932556,-0.9619335532188416,7.759017467498779,0.27721551060676575,0.11135042458772659,1.0,1.0382736921310425,0.800000011920929,7.558594226837158,1.0263800621032715,-0.200423002243042,7.558594226837158,7.558594703674316,0.0,7.558594226837158,0.20976830911707833,0.047560805118083964,4.257082585972955,1165.5923678014863,0.8695811149350836,0.09723040631875624,1.227770318608566,0.7999675939765305,0.7075068255702099,1.6083883404233328
1.0045415163040161,0.12112226337194443,-1.8227933645248413,0.7744025588035583,-0.2837617099285126,-0.9588948488235474,8.329521179199219,0.28485244512557983,0.11999540776014328,1.0,1.0413084030151367,0.800000011920929,7.558594226837158,1.1018476486206055,-0.7709267139434814,7.558594226837158,7.558594703674316,0.0,7.558594226837158,0.21166793942853332,0.0,4.255505935448049,1169.8478737369344,0.8687081554070462,0.10474415646037355,1.2192871346224115,0.8079573563025264,0.6893068670016578,1.6105274963578828
1.0088045597076416,0.13136175274848938,-1.837177038192749,0.7681301236152649,-0.2939307391643524,-0.9558266997337341,8.051194190979004,0.29226869344711304,0.12948669493198395,1.0,1.0441313982009888,0.800000011920929,7.558594226837158,1.0650298595428467,-0.4925997257232666,7.558594226837158,7.558594703674316,0.0,7.558594226837158,0.21535645610647303,0.018357591722011575,4.255156079807542,1174.103029816742,0.8676747552623097,0.11298450595620677,1.210046265167716,0.8169416302999752,0.670156263759593,1.6133118155381814
0.994644820690155,0.11872986704111099,-1.8513697385787964,0.7616184949874878,-0.30408722162246704,-0.9526441693305969,7.796349048614502,0.29229429364204407,0.11880695074796677,0.0,1.0441313982009888,0.800000011920929,7.558594226837158,1.0313184261322021,-0.23775458335876465,7.558594226837158,7.558594703674316,0.0,7.558594226837158,0.2163453668783866,0.04383903430700303,0.1506972658789783,1174.253727082621,0.8688319687360654,0.10371168744093273,1.2016051874027298,0.817663841415798,0.6582569337183831,1.6119933503931754
0.9987096190452576,0.12928369641304016,-1.8655872344970703,0.7550211548805237,-0.3141559958457947,-0.9493713974952698,8.026806831359863,0.2995842695236206,0.12873482704162598,1.0,1.0467396974563599,0.800000011920929,7.558594226837158,1.061803936958313,-0.468212366104126,7.558594226837158,7.558594703674316,0.0,7.558594226837158,0.21932487902581035,0.020805475089550024,4.251823256847532,1178.5055503394685,0.8677593586267346,0.11233217842212814,1.192065054443901,0.8270125045642704,0.6387582717568658,1.6149356759845848
1.0023809671401978,0.14035536348819733,-1.8797709941864014,0.7482655644416809,-0.32403644919395447,-0.9460446238517761,7.909424781799316,0.3068126142024994,0.13911749422550201,1.0,1.0491306781768799,0.800000011920929,7.558594226837158,1.046276330947876,-0.3508303165435791,7.558594226837158,7.558594703674316,0.0,7.558594226837158,0.22413472111155197,0.03254207163572312,4.24953189009757,1182.7550822295661,0.8665464422734827,0.12133558588866883,1.1820971168986945,0.8368747992645357,0.6186645590624466,1.6181223885522147
1.0056053400039673,0.15184737741947174,-1.8939567804336548,0.7413100600242615,-0.3337920606136322,-0.9426467418670654,7.868312358856201,0.31398195028305054,0.14986874163150787,1.0,1.0513015985488892,0.800000011920929,7.558594226837158,1.0408378839492798,-0.30971789360046387,7.558594226837158,7.558594703674316,0.0,7.558594226837158,0.23061121302057083,0.036658748443126686,4.2473504394921235,1187.0024326690582,0.86519183319182,0.13064483413332856,1.1715507530417753,0.8471651743153713,0.5979899220585366,1.6214955095616088
0.9913491606712341,0.13995985686779022,-1.9081312417984009,0.7342587113380432,-0.3432639241218567,-0.939238965511322,7.880908489227295,0.3136533498764038,0.14025422930717468,0.0,1.0513015985488892,0.800000011920929,7.558594226837158,1.0425041913986206,-0.3223140239715576,7.558594226837158,7.558594703674316,0.0,7.558594226837158,0.23433055956764404,0.03540703666448594,0.15099270664167072,1187.1534253757,0.8664078716185918,0.12232050919956727,1.1618947300394682,0.849213740411384,0.5845740123808391,1.6210614240235424
0.9941941499710083,0.15215745568275452,-1.9222816228866577,0.7270439863204956,-0.3526480793952942,-0.9357560276985168,8.080838203430176,0.32055261731147766,0.1518675982952118,1.0,1.0532503128051758,0.800000011920929,7.558594226837158,1.0689512491226196,-0.5222437381744385,7.558594226837158,7.558594703674316,0.0,7.558594226837158,0.24001960301022301,0.015421210734844218,4.244635155582442,1191.3980605312825,0.8649290164861252,0.1323739251986661,1.1506187752035113,0.8603581396212876,0.5629312745960474,1.6249101625729472
0.9965780377388,0.16479749977588654,-1.9364227056503296,0.7196491360664368,-0.3618985414505005,-0.9322174787521362,7.893977642059326,0.3273513913154602,0.1638803333044052,1.0,1.0549747943878174,0.800000011920929,7.558594226837158,1.044232964515686,-0.33538317680358887,7.558594226837158,7.558594703674316,0.0,7.558594226837158,0.2474952120202044,0.03410241657972337,4.242181252485315,1195.6402417837678,0.8632764463672334,0.14275426198428393,1.138870931096442,0.8719303118005624,0.5407250094701251,1.6289237796923641
0.9984674453735352,0.1780199408531189,-1.9505748748779297,0.712119996547699,-0.3709271550178528,-0.9286619424819946,7.975071907043457,0.3339991569519043,0.17643919587135315,1.0,1.0564731359481812,0.800000011920929,7.558594226837158,1.0549602508544922,-0.4164774417877197,7.558594226837158,7.558594703674316,0.0,7.558594226837158,0.2566198210005751,0.025999351422786726,4.240556096132421,1199.8807978799002,0.8614156166184495,0.1535844807394856,1.1265346829026113,0.8840668427215235,0.5178051583232667,1.6331878016239898
0.9999298453330994,0.19190408289432526,-1.9646855592727661,0.7045562863349915,-0.3797236979007721,-0.9250999689102173,8.124905586242676,0.34044119715690613,0.18961201608181,1.0,1.0577436685562134,0.800000011920929,7.558594226837158,1.0747805833816528,-0.5663111209869385,7.558594226837158,7.558594703674316,0.0,7.558594226837158,0.2672782780473532,0.011017479188442243,4.238504891040554,1204.1193027709407,0.8593178922616393,0.16491809440963484,1.1136193719529184,0.8967207759776152,0.4943327768455278,1.6377204646375547
0.9858929514884949,0.18039502203464508,-1.9785194396972656,0.6966274380683899,-0.38855987787246704,-0.9214234948158264,8.234640121459961,0.3397403061389923,0.1809743046760559,0.0,1.0577436685562134,0.800000011920929,7.558594226837158,1.089296579360962,-0.6760456562042236,7.558594226837158,7.558594703674316,0.0,7.558594226837158,0.2749783801201437,3.653133153916355e-05,0.14986240972481135,1204.2691651806656,0.8607101946506213,0.15748950771747866,1.1028024166829966,0.8996130629532533,0.4797843545179318,1.6378253593514143
0.9871938824653625,0.19443999230861664,-1.9923429489135742,0.688732922077179,-0.3973320722579956,-0.9176748991012573,8.022682189941406,0.3459770381450653,0.1944730132818222,1.0,1.058785080909729,0.800000011920929,7.558594226837158,1.061258316040039,-0.46408772468566895,7.558594226837158,7.558594703674316,0.0,7.558594226837158,0.28442722476429844,0.021218246076107037,4.235121483016046,1208.5042866636816,0.8585058730271853,0.16909343190013265,1.0896447187188798,0.9122849766453487,0.4563248197826383,1.6423164436091031
0.9881709218025208,0.2089029848575592,-2.005974292755127,0.6807252168655396,-0.4059571325778961,-0.9138921499252319,8.072333335876465,0.35210078954696655,0.2083362191915512,1.0,1.059596300125122,0.800000011920929,7.558594226837158,1.067826271057129,-0.5137388706207275,7.558594226837158,7.558594703674316,0.0,7.558594226837158,0.29543808931214444,0.016251770551204695,4.233010383249439,1212.737297046931,0.8560793635820815,0.18097836612210494,1.0761945512980247,0.9251446804845319,0.4326602914611955,1.646847689407137
0.9886809587478638,0.2238183468580246,-2.019608974456787,0.6726715564727783,-0.41452258825302124,-0.9100390076637268,7.917348384857178,0.3579774498939514,0.22262826561927795,1.0,1.0601763725280762,0.800000011920929,7.558594226837158,1.047324538230896,-0.35875391960144043,7.558594226837158,7.558594703674316,0.0,7.558594226837158,0.30785231120225803,0.031745925652980816,4.23053162166316,1216.9678286685942,0.8534056112987732,0.19319445124674633,1.0623527191619058,0.938327783665105,0.4086959925125551,1.6515579983417126
0.9887330532073975,0.239120751619339,-2.033190965652466,0.66450434923172,-0.4230010211467743,-0.9061291813850403,8.123467445373535,0.3636622726917267,0.23728935420513153,1.0,1.0605247020721436,0.800000011920929,7.558594226837158,1.0745903253555298,-0.5648729801177979,7.558594226837158,7.558594703674316,0.0,7.558594226837158,0.32151217366779805,0.011138978698253643,4.228535116872609,1221.1963637854667,0.8504813426675784,0.20568513655609028,1.048112390153121,0.9517569875254379,0.38442453597041953,1.6563660632779795
0.9750995635986328,0.22824624180793762,-2.0466909408569336,0.6561172604560852,-0.4313417375087738,-0.9021885991096497,8.070698738098145,0.36222052574157715,0.22993500530719757,0.0,1.0605247020721436,0.800000011920929,7.558594226837158,1.0676100254058838,-0.5121042728424072,7.558594226837158,7.558594703674316,0.0,7.558594226837158,0.3322155013956581,0.016408441379070295,0.1489207336929235,1221.3452845191596,0.8519711414056881,0.19942489823928278,1.036401481062165,0.9553847437745704,0.36936115726132146,1.6571634284896284
0.974856436252594,0.24366217851638794,-2.060039520263672,0.6475313305854797,-0.4397503137588501,-0.8981200456619263,7.989810943603516,0.36767417192459106,0.2449285238981247,1.0,1.060640811920166,0.800000011920929,7.558594226837158,1.0569100379943848,-0.4312164783477783,7.558594226837158,7.558594703674316,0.0,7.558594226837158,0.3443937196691082,0.024492978904247297,4.22497475583554,1225.5702592749951,0.8488854035512264,0.21217618043491554,1.0216683496211718,0.9688245029022738,0.34488426360955987,1.6619172778609514
0.9742153286933899,0.25944575667381287,-2.073302984237671,0.638908326625824,-0.4481203258037567,-0.8939732313156128,7.991161346435547,0.37288305163383484,0.26027175784111023,1.0,1.0605247020721436,0.800000011920929,7.558594226837158,1.0570886135101318,-0.43256688117980957,7.558594226837158,7.558594703674316,0.0,7.558594226837158,0.3578668781345773,0.024358549964427958,4.222698106979807,1229.792957381975,0.8455300561005857,0.2251752239982544,1.0066739117564223,0.9824075836328201,0.3203395252345803,1.6667698703199763
0.973047137260437,0.27562692761421204,-2.0865731239318848,0.6301873326301575,-0.4564003348350525,-0.8897745609283447,7.953413963317871,0.37782737612724304,0.27603065967559814,1.0,1.0601763725280762,0.800000011920929,7.558594226837158,1.0520952939987183,-0.3948194980621338,7.558594226837158,7.558594703674316,0.0,7.558594226837158,0.3724817448301091,0.028133818595409407,4.220262400819422,1234.0132197827943,0.8418767487884398,0.23847134908451428,0.9912214794539731,0.9962612147958163,0.29543868359941133,1.671762410225229
0.9717037081718445,0.2916828393936157,-2.0994300842285156,0.6212196946144104,-0.4647592604160309,-0.8854370713233948,8.057034492492676,0.38280555605888367,0.2916189134120941,1.0,1.059596300125122,0.800000011920929,7.558594226837158,1.0658024549484253,-0.4984400272369385,7.558594226837158,7.558594703674316,0.0,7.558594226837158,0.38799943235347184,0.017774560840129867,4.218035092362971,1238.2312548751572,0.838057260593271,0.2515652602464418,0.9758782537559934,1.0096681804614702,0.27100522856807296,1.6764407358036393
0.9698346853256226,0.30819666385650635,-2.112347364425659,0.6122610569000244,-0.4730561375617981,-0.8810322880744934,7.969182014465332,0.38741686940193176,0.307690292596817,1.0,1.058785080909729,0.800000011920929,7.558594226837158,1.0541810989379883,-0.4105875492095947,7.558594226837158,7.558594703674316,0.0,7.558594226837158,0.40431671455450713,0.02655638657331468,4.21552664064621,1242.4467815158034,0.8339062747531971,0.2650008973040887,0.9601311919270652,1.023373862163874,0.24632668856114415,1.6813579641546732
0.9570018649101257,0.29741165041923523,-2.125264883041382,0.6032248735427856,-0.48127272725105286,-0.8765708804130554,8.134805679321289,0.38507094979286194,0.30131199955940247,0.0,1.058785080909729,0.800000011920929,7.558594226837158,1.0760902166366577,-0.5762112140655518,7.558594226837158,7.558594703674316,0.0,7.558594226837158,0.41768195005616815,0.009995869166851058,0.1457259265083894,1242.592507442312,0.8355794491626155,0.25967669116537767,0.9482044175002221,1.0270041942573505,0.23185037139923048,1.6826487007225202
0.9553699493408203,0.3136225640773773,-2.137497663497925,0.5940018892288208,-0.48975300788879395,-0.8718612194061279,7.8501505851745605,0.38956648111343384,0.3171897232532501,1.0,1.0577436685562134,0.800000011920929,7.558594226837158,1.038435459136963,-0.29155611991882324,7.558594226837158,7.558594703674316,0.0,7.558594226837158,0.43202157748989767,0.03845329024076463,4.211137588891906,1246.8036450312038,0.8313511527379007,0.2729104658560222,0.9329359674545488,1.0399064971679337,0.20837874712680882,1.6872437451539506
0.9533095359802246,0.32996630668640137,-2.149660587310791,0.5846589803695679,-0.49827834963798523,-0.8670170903205872,7.999248504638672,0.393831729888916,0.3332204520702362,1.0,1.0564731359481812,0.800000011920929,7.558594226837158,1.0581583976745605,-0.44065403938293457,7.558594226837158,7.558594703674316,0.0,7.558594226837158,0.4471672934851636,0.023552489259243026,4.20930129289004,1251.012946324094,0.8268695391504229,0.28620211165786563,0.9174796184605987,1.052798532405409,0.18495450270453007,1.6918945292969974
0.9509491324424744,0.34646373987197876,-2.161695957183838,0.5753161311149597,-0.5068845748901367,-0.8620139360427856,8.14816951751709,0.39783328771591187,0.34938764572143555,1.0,1.0549747943878174,0.800000011920929,7.558594226837158,1.0778579711914062,-0.5895750522613525,7.558594226837158,7.558594703674316,0.0,7.558594226837158,0.46296660543549195,0.008660433061122907,4.20649890447841,1255.2194452285723,0.8221347131717445,0.2995322318377149,0.9020560419076747,1.0655877207354902,0.1619009545390515,1.6966341489267758
0.9487096667289734,0.3624049127101898,-2.17311429977417,0.5657646059989929,-0.5158077478408813,-0.8567043542861938,7.61678409576416,0.40197718143463135,0.3648914694786072,1.0,1.0532503128051758,0.800000011920929,7.558594226837158,1.0075651407241821,-0.05818963795900345,7.558594226837158,7.558594703674316,0.0,7.558594226837158,0.4791691774232243,0.06179008506536486,4.200905226229997,1259.4203504548022,0.8173922698984248,0.3122418624633413,0.887359018560016,1.0774620120324976,0.14015639019189485,1.7009587489656002
0.937617301940918,0.350480854511261,-2.1846351623535156,0.5562453866004944,-0.5246706008911133,-0.8513053059577942,8.009060859680176,0.3994121849536896,0.35771772265434265,0.0,1.0532503128051758,0.800000011920929,7.558594226837158,1.059456467628479,-0.4504663944244385,7.558594226837158,7.558594703674316,0.0,7.558594226837158,0.4924278007769418,0.02258540162801744,0.1429830817904181,1259.5633335365926,0.8196110936155676,0.30637011364327094,0.8774736845024839,1.0793367622241241,0.12918115103525873,1.7020411550408903
0.9352750778198242,0.36664506793022156,-2.19594407081604,0.5467109680175781,-0.5337015390396118,-0.8456729054450989,7.592871189117432,0.40297549962997437,0.37360680103302,1.0,1.0513015985488892,0.800000011920929,7.558594226837158,1.0044019222259521,-0.03427673131227493,7.558594226837158,7.558594703674316,0.0,7.558594226837158,0.5064047085729078,0.06420382503271105,4.1966916796447356,1263.7600252162374,0.8146397376342485,0.3193538873327366,0.8628928785860692,1.0911704511185043,0.10808501732530362,1.7067581369840448
0.9331969022750854,0.381665974855423,-2.2059810161590576,0.5363979339599609,-0.5427811741828918,-0.8398741483688354,8.359402656555176,0.40738803148269653,0.38823023438453674,1.0,1.0491306781768799,0.800000011920929,7.558594226837158,1.1058003902435303,-0.8008081912994385,7.558594226837158,7.558594703674316,0.0,7.558594226837158,0.5207687058434212,0.0,4.195586778207554,1267.955611994445,0.8098829221183014,0.33123211824689036,0.8489399457212571,1.1016248005495026,0.08792943129354136,1.7103352880591165
0.930666983127594,0.39698514342308044,-2.216017246246338,0.5260839462280273,-0.5517969131469727,-0.833978533744812,8.337209701538086,0.4114614725112915,0.40319108963012695,1.0,1.0467396974563599,0.800000011920929,7.558594226837158,1.1028646230697632,-0.7786152362823486,7.558594226837158,7.558594703674316,0.0,7.558594226837158,0.535457589566478,0.0,4.193248742523841,1272.1488607369688,0.8048368838309222,0.34331116394327504,0.8347434775659921,1.1122737216139789,0.06768670621093908,1.7141692981662184
0.9278731346130371,0.4130156934261322,-2.22640061378479,0.5163846015930176,-0.560998797416687,-0.8278166055679321,7.346383094787598,0.41469523310661316,0.4187890291213989,1.0,1.0441313982009888,0.800000011920929,7.558594226837158,0.971795916557312,0.21221137046813965,7.558594226837158,7.558594703674316,0.0,7.558594226837158,0.5504518623169095,0.08887706219434739,4.1845638088780035,1276.3334245458468,0.7993842274078248,0.3558226564291083,0.8208808070799736,1.1232561077404437,0.0482858045715725,1.7188500085045075
0.9189046621322632,0.39952537417411804,-2.2358202934265137,0.5061742067337036,-0.5702852606773376,-0.8214467167854309,7.821209907531738,0.41258829832077026,0.41012880206108093,0.0,1.0441313982009888,0.800000011920929,7.558594226837158,1.0346070528030396,-0.262615442276001,7.558594226837158,7.558594703674316,0.0,7.558594226837158,0.5625614419584017,0.041433597934246086,0.13907251712670368,1276.4724970629736,0.8024357791321739,0.3488865213881482,0.8134115131454258,1.1229152157828728,0.041086465974573216,1.7193434556154636
0.9164112210273743,0.4148753583431244,-2.2452425956726074,0.495962917804718,-0.5794989466667175,-0.814972996711731,8.309113502502441,0.41607335209846497,0.42511147260665894,1.0,1.0413084030151367,0.800000011920929,7.558594226837158,1.0991480350494385,-0.7505190372467041,7.558594226837158,7.558594703674316,0.0,7.558594226837158,0.5751721173068963,0.0,4.18712526199431,1280.6596223249678,0.7971186909740426,0.3608695257903896,0.8001151490658639,1.1330536366220763,0.022632812636163013,1.723589064104368
0.913680911064148,0.43036380410194397,-2.2548022270202637,0.4859538674354553,-0.5889663100242615,-0.8081575632095337,7.368377208709717,0.4190475046634674,0.4401976466178894,1.0,1.0382736921310425,0.800000011920929,7.558594226837158,0.9747053384780884,0.1902172565460205,7.558594226837158,7.558594703674316,0.0,7.558594226837158,0.5881764207413939,0.08672759522199633,4.1786519552158286,1284.8382742801837,0.7915839826733053,0.37285350775535775,0.7871721842661129,1.1431828570092955,0.004977987169374143,1.7283079502547927
0.911024808883667,0.4456466734409332,-2.2637555599212646,0.4758773446083069,-0.5983936190605164,-0.8012022376060486,7.633395671844482,0.42214837670326233,0.45494672656059265,1.0,1.0350301265716553,0.800000011920929,7.558594226837158,1.0097626447677612,-0.07480121403932571,7.558594226837158,7.558594703674316,0.0,7.558594226837158,0.6014275520599224,0.06026364627599718,4.18069397245292,1289.0189682526366,0.7859989209542948,0.3844876164289336,0.7746662979302206,1.152789655361474,-0.011900460773754507,1.7328345012041502
0.9028569459915161,0.4325065016746521,-2.2729506492614746,0.4658908247947693,-0.6078217625617981,-0.7940735220909119,7.4260993003845215,0.4192023277282715,0.44674116373062134,0.0,1.0350301265716553,0.800000011920929,7.558594226837158,0.9823409914970398,0.13249516487121582,7.558594226837158,7.558594703674316,0.0,7.558594226837158,0.6121383050509852,0.08101527968168261,0.130946008585525,1289.1499142612222,0.7891274057708202,0.37802521675520795,0.7681721148566133,1.152445459839175,-0.017280040281063558,1.7343873327769577
0.8998717069625854,0.4483449161052704,-2.282149076461792,0.4559010863304138,-0.617164671421051,-0.7868340611457825,8.412392616271973,0.42149102687835693,0.46223223209381104,1.0,1.031581163406372,0.800000011920929,7.558594226837158,1.1128100156784058,-0.8537981510162354,7.558594226837158,7.558594703674316,0.0,7.558594226837158,0.6234271197798649,0.0,4.1763456995340364,1293.3262599607563,0.7831769741721992,0.39020377877256507,0.7555542272310737,1.162526748470302,-0.0339935057661791,1.739736687788596
0.8968751430511475,0.4637109339237213,-2.290938138961792,0.4457237124443054,-0.6266887784004211,-0.7792696356773376,7.451674938201904,0.42382004857063293,0.4771782159805298,1.0,1.0279302597045898,0.800000011920929,7.558594226837158,0.985724151134491,0.10691951960325241,7.558594226837158,7.558594703674316,0.0,7.558594226837158,0.635103019288984,0.07849214994192125,4.171052293624009,1297.4973122543802,0.7772576485899664,0.4018651514375132,0.7434540879044561,1.1720772275064202,-0.04982370077336251,1.7449911165983916
0.8942732214927673,0.47812023758888245,-2.2987067699432373,0.4352441728115082,-0.6363803148269653,-0.7713754773139954,6.916716575622559,0.42667919397354126,0.49097928404808044,1.0,1.0240808725357056,0.800000011920929,7.558594226837158,0.914958655834198,0.6418778896331787,7.558594226837158,7.558594703674316,0.0,7.558594226837158,0.6469395743116566,0.1320208857035637,4.158993112619233,1301.6563053669995,0.7716376196405385,0.41255348923423474,0.7323286781203154,1.1805392820913476,-0.06427858214917748,1.749654907732816
0.8874596953392029,0.4640611410140991,-2.3067703247070312,0.4249342083930969,-0.6461292505264282,-0.7632279992103577,7.7065582275390625,0.4237881600856781,0.48180684447288513,0.0,1.0240808725357056,0.800000011920929,7.558594226837158,1.0194406509399414,-0.1479637622833252,7.558594226837158,7.558594703674316,0.0,7.558594226837158,0.6563691078923234,0.05310171751737597,0.13314686903094838,1301.7894522360305,0.7753891883332671,0.4054584666937628,0.7277226489101484,1.1791278352309034,-0.0668860572005664,1.7514146156288823
0.88484126329422,0.4788636267185211,-2.31471586227417,0.414697527885437,-0.6558833122253418,-0.7548623085021973,8.005534172058105,0.42585471272468567,0.49605098366737366,1.0,1.0200368165969849,0.800000011920929,7.558594226837158,1.0589898824691772,-0.44693970680236816,7.558594226837158,7.558594703674316,0.0,7.558594226837158,0.6662559076895517,0.02322172957181932,4.170483938775034,1305.9599361748055,0.7695354927837641,0.41646164590560053,0.7170466060959138,1.187804361758521,-0.08037705211317925,1.7569709444010821
0.8816203474998474,0.49393603205680847,-2.3228156566619873,0.4042963981628418,-0.6654582023620605,-0.7464351058006287,7.004270076751709,0.42753344774246216,0.5106857419013977,1.0,1.015802025794983,0.800000011920929,7.558594226837158,0.9265404343605042,0.5543243885040283,7.558594226837158,7.558594703674316,0.0,7.558594226837158,0.676538294963667,0.1233478070521355,4.154211840556726,1310.1141480153622,0.7633582890371933,0.42767873479327184,0.7058773466410107,1.1968374576251688,-0.09434726195944199,1.7628762679565946
0.8792714476585388,0.5073251128196716,-2.3288228511810303,0.3933295011520386,-0.6749736070632935,-0.7378419041633606,8.533202171325684,0.4306454658508301,0.523323655128479,1.0,1.0113804340362549,0.800000011920929,7.558594226837158,1.1287909746170044,-0.9746077060699463,7.558594226837158,7.558594703674316,0.0,7.558594226837158,0.6869166950892378,0.0,4.159158988536122,1314.2733070038983,0.7578926334452253,0.4372914196295816,0.6959769925780872,1.204041513866753,-0.10681238504561563,1.7672504706861119
0.873561680316925,0.492910772562027,-2.335759401321411,0.38282397389411926,-0.684533953666687,-0.7289809584617615,6.64332914352417,0.4278269112110138,0.5137209296226501,0.0,1.0113804340362549,0.800000011920929,7.558594226837158,0.8787943720817566,0.9152653217315674,7.558594226837158,7.558594703674316,0.0,7.558594226837158,0.6950853635344997,0.15950164417028428,0.11271642968188271,1314.3860234335802,0.7620567940693422,0.42999359382612434,0.6927218007053643,1.2020746610297306,-0.10753371162065495,1.7692991806834941
0.8707002997398376,0.5073975920677185,-2.3429148197174072,0.372303307056427,-0.6941388249397278,-0.7198411226272583,6.739397048950195,0.4293692409992218,0.5276365280151367,1.0,1.0067760944366455,0.800000011920929,7.558594226837158,0.8915024399757385,0.819197416305542,7.558594226837158,7.558594703674316,0.0,7.558594226837158,0.7037189640655972,0.14997625387907032,4.143456710036354,1318.5294801436166,0.7559994521588087,0.44055616150687027,0.6828037422692832,1.2103248395290689,-0.11950325376852322,1.775424454891617
0.8688676357269287,0.5205836892127991,-2.348363161087036,0.36173534393310547,-0.7038264870643616,-0.7103719115257263,7.446596145629883,0.43195435404777527,0.5397956371307373,1.0,1.0019932985305786,0.800000011920929,7.558594226837158,0.9850523471832275,0.1119983121752739,7.558594226837158,7.558594703674316,0.0,7.558594226837158,0.7125469363120868,0.07933198038816454,4.153089182202878,1322.6825693258195,0.7505869682279571,0.44971570107446346,0.674624850761401,1.2169649922136938,-0.12927283068356255,1.7805659601051322
0.864475429058075,0.505241870880127,-2.3538124561309814,0.35115835070610046,-0.7133843898773193,-0.7007729411125183,8.399888038635254,0.4297696650028229,0.528906524181366,0.0,1.0019932985305786,0.800000011920929,7.558594226837158,1.1111558675765991,-0.8412935733795166,7.558594226837158,7.558594703674316,0.0,7.558594226837158,0.719254175775997,0.0,0.127886930821576,1322.8104562566411,0.7554393536493264,0.44151604356809815,0.6732679741910593,1.2138470073363865,-0.12751276250168364,1.7822711706966394
0.8622539639472961,0.5191458463668823,-2.3597400188446045,0.3407194912433624,-0.7228511571884155,-0.6910037398338318,6.782473564147949,0.4314107596874237,0.5419474840164185,1.0,0.9970363974571228,0.800000011920929,7.558594226837158,0.8972007036209106,0.7761209011077881,7.558594226837158,7.558594703674316,0.0,7.558594226837158,0.7264652103151155,0.1457774427676201,4.138211686625399,1326.9486679432666,0.7496175615461431,0.4513297278720842,0.6648979379823508,1.221195985745824,-0.1372307842220627,1.7884648936721335
0.859829306602478,0.5330762267112732,-2.365553855895996,0.3302600383758545,-0.7322096824645996,-0.6810793280601501,8.553690910339355,0.4328518807888031,0.5549806952476501,1.0,0.9919096827507019,0.800000011920929,7.558594226837158,1.131501317024231,-0.9950964450836182,7.558594226837158,7.558594703674316,0.0,7.558594226837158,0.7340826997307217,0.0,4.145926438778614,1331.0945943820452,0.7436719011290792,0.46106100850674797,0.6566268038976266,1.2285507349947302,-0.1466792649044507,1.7948879401087443
0.8553234934806824,0.5184050798416138,-2.371485948562622,0.3196899890899658,-0.7415875196456909,-0.6708561182022095,6.287411689758301,0.42974308133125305,0.544887125492096,0.0,0.9919096827507019,0.800000011920929,7.558594226837158,0.8317128419876099,1.2711827754974365,7.558594226837158,7.558594703674316,0.0,7.558594226837158,0.7398354481472998,0.1953566817927361,0.10453810410782076,1331.199132486153,0.7482876140093115,0.45353131720278694,0.6552978689113474,1.2261352114343236,-0.14445297069858842,1.7978416130045662
0.85387122631073,0.5312873721122742,-2.3754892349243164,0.30911773443222046,-0.750639796257019,-0.6607116460800171,7.481057167053223,0.43213051557540894,0.5565906763076782,1.0,0.9866176247596741,0.800000011920929,7.558594226837158,0.9896109104156494,0.07753729075193405,7.558594226837158,7.558594703674316,0.0,7.558594226837158,0.7460324371679614,0.0760948893618584,4.144037502897676,1335.3431699890507,0.7429286121767799,0.46225775056909385,0.6483159656685582,1.2322395165444973,-0.15237089464002274,1.803368369133616
0.8521106243133545,0.5442912578582764,-2.3794989585876465,0.29853999614715576,-0.7595525979995728,-0.6504458785057068,8.386479377746582,0.434223473072052,0.5684306025505066,1.0,0.9811647534370422,0.800000011920929,7.558594226837158,1.109382152557373,-0.8278849124908447,7.558594226837158,7.558594703674316,0.0,7.558594226837158,0.7526047984963593,0.0,4.142979035947912,1339.4861490249987,0.7374035526283131,0.4710211885685136,0.6412756971851867,1.2385137652465479,-0.16023830999284094,1.8092124659800781
0.8486136198043823,0.5293229222297668,-2.38415789604187,0.2881354093551636,-0.768516480922699,-0.6398300528526306,6.55477237701416,0.4316175878047943,0.5577000975608826,0.0,0.9811647534370422,0.800000011920929,7.558594226837158,0.8670799136161804,1.0038220882415771,7.558594226837158,7.558594703674316,0.0,7.558594226837158,0.7574042556068561,0.16875450493574146,0.10823115027803111,1339.5943801752767,0.7424152457239792,0.4630816364239376,0.641184804709595,1.2353885917212386,-0.15634898516898021,1.8119339903085039
0.8466594815254211,0.5428935885429382,-2.3887252807617188,0.2777281403541565,-0.7773416638374329,-0.6290786266326904,8.659290313720703,0.43273353576660156,0.5701770186424255,1.0,0.9755556583404541,0.800000011920929,7.558594226837158,1.1454702615737915,-1.1006958484649658,7.558594226837158,7.558594703674316,0.0,7.558594226837158,0.7627991813420757,0.0,4.133558115826245,1343.7279382911029,0.7365798356129603,0.47230832992072924,0.6343899234019532,1.2422037408311057,-0.16353089124832176,1.8189121857257025
0.8444333672523499,0.5565509796142578,-2.3933863639831543,0.26728853583335876,-0.7860830426216125,-0.6181209683418274,7.109799385070801,0.43349990248680115,0.5827333927154541,1.0,0.9697948694229126,0.800000011920929,7.558594226837158,0.9405000805854797,0.4487950801849365,7.558594226837158,7.558594703674316,0.0,7.558594226837158,0.768694399823956,0.11333851778745653,4.129061517385456,1347.8569998084884,0.7305913595118503,0.48151971771330826,0.6276626520094748,1.2491632598466629,-0.17046147391152422,1.8262844649454981
0.8426187634468079,0.5410412549972534,-2.396326780319214,0.25751882791519165,-0.7946877479553223,-0.6070184111595154,5.25369930267334,0.43176132440567017,0.5707979798316956,0.0,0.9697948694229126,0.800000011920929,7.558594226837158,0.6949710249900818,2.3048951625823975,7.558594226837158,7.558594703674316,0.0,7.558594226837158,0.7728179619659294,0.29900193806409836,0.08541661667624383,1347.9424164251645,0.7362863533232199,0.4727656752886443,0.6299053536886092,1.2448259054018989,-0.16365152051453513,1.8284949464831661
0.8418741822242737,0.5539807677268982,-2.3992719650268555,0.24773988127708435,-0.8031352758407593,-0.5957967638969421,8.933243751525879,0.43341749906539917,0.5820014476776123,1.0,0.9638870358467102,0.800000011920929,7.558594226837158,1.1817094087600708,-1.3746492862701416,7.558594226837158,7.558594703674316,0.0,7.558594226837158,0.7774692160178323,0.0,4.1184570023030735,1352.0608734274676,0.7309436501338402,0.4809849138795157,0.6253032844469244,1.250425424615516,-0.1679330702956341,1.83517108590758
0.840881884098053,0.5669988989830017,-2.4022183418273926,0.2379555106163025,-0.8114241361618042,-0.5844577550888062,8.907167434692383,0.4348243474960327,0.593262255191803,1.0,0.9578368067741394,0.800000011920929,7.558594226837158,1.1782599687576294,-1.3485729694366455,7.558594226837158,7.558594703674316,0.0,7.558594226837158,0.7825657570372144,0.0,4.116662778749517,1356.1775362062172,0.7254810326313421,0.4891853265751646,0.6207136347818011,1.2561615726366446,-0.1720930230406822,1.84212799519922
0.8387516736984253,0.5523840188980103,-2.4055097103118896,0.2281707376241684,-0.8194431662559509,-0.5731604695320129,8.878091812133789,0.4323732256889343,0.582382321357727,0.0,0.9578368067741394,0.800000011920929,7.558594226837158,1.174413800239563,-1.3194973468780518,7.558594226837158,7.558594703674316,0.0,7.558594226837158,0.7861041988589317,0.0,0.11047012601264469,1356.2880063322298,0.7307603227818367,0.4812631796772553,0.6225394829031707,1.2526585670036368,-0.16561076669098296,1.8451445363219063
0.8367182016372681,0.5661447048187256,-2.4092295169830322,0.21788443624973297,-0.8273108601570129,-0.5617443919181824,5.290140151977539,0.43271318078041077,0.5948653817176819,1.0,0.9516487717628479,0.800000011920929,7.558594226837158,0.6997915506362915,2.2684543132781982,7.558594226837158,7.558594703674316,0.0,7.558594226837158,0.7903241087066004,0.2955226311755181,4.089628415037769,1360.3776347472676,0.7246960116528728,0.49034756737289237,0.6166658569461534,1.2595099653210444,-0.17111356811656497,1.8531106393663226
0.8348500728607178,0.5794312357902527,-2.412672758102417,0.20758478343486786,-0.8352421522140503,-0.5498822927474976,7.30752420425415,0.433022677898407,0.6067243814468384,1.0,0.9453276991844177,0.800000011920929,7.558594226837158,0.9666556119918823,0.2510702610015869,7.558594226837158,7.558594703674316,0.0,7.558594226837158,0.7950621041873005,0.09394681753873828,4.12039889546017,1364.4980336427277,0.7188302047171685,0.49890704515733686,0.6115228282705598,1.265990260150436,-0.1755067952159609,1.8611997341498066
0.8341550827026367,0.5634509921073914,-2.4140474796295166,0.19794484972953796,-0.8429920077323914,-0.5379260778427124,5.9137701988220215,0.4317055344581604,0.5940759778022766,0.0,0.9453276991844177,0.800000011920929,7.558594226837158,0.7822867035865784,1.6448242664337158,7.558594226837158,7.558594703674316,0.0,7.558594226837158,0.7981596336536717,0.23336376662969593,0.09501081392510717,1364.5930444566527,0.7250828418251352,0.48977534778740484,0.6152106463306133,1.2610469775736954,-0.16663836793964548,1.8633228481445399
0.8330498933792114,0.5764052271842957,-2.4164576530456543,0.18804225325584412,-0.8505278825759888,-0.5259299278259277,6.628116607666016,0.43242117762565613,0.6052836775779724,1.0,0.9388781189918518,0.800000011920929,7.558594226837158,0.8767820596694946,0.9304778575897217,7.558594226837158,7.558594703674316,0.0,7.558594226837158,0.8018539967373145,0.16205429953336717,4.106011403600475,1368.699055860253,0.7195482673259784,0.49787082912820396,0.6111389094895228,1.2668759335425823,-0.1696591927724922,1.8710867639468116
0.8313921689987183,0.5615274906158447,-2.418872117996216,0.17813563346862793,-0.8578928709030151,-0.5138286352157593,8.622443199157715,0.43002650141716003,0.5940287113189697,0.0,0.9388781189918518,0.800000011920929,7.558594226837158,1.1405960321426392,-1.0638487339019775,7.558594226837158,7.558594703674316,0.0,7.558594226837158,0.8041483770001061,0.0,0.11727159162396834,1368.816327451877,0.7251060113271465,0.48974114432342686,0.6138458638338855,1.263182651192721,-0.16177753810795947,1.8742980205837183
0.8300738334655762,0.5747092366218567,-2.4214398860931396,0.16809046268463135,-0.8651256561279297,-0.5015551447868347,7.506009578704834,0.4301771819591522,0.6055794954299927,1.0,0.9323046207427979,0.800000011920929,7.558594226837158,0.992911696434021,0.05258487910032272,7.558594226837158,7.558594703674316,0.0,7.558594226837158,0.8071632264122807,0.07434731543302538,4.1170913395357465,1372.9334187914128,0.7194007164204699,0.4980838837886661,0.609728957901837,1.2693527637558164,-0.1645950670131009,1.8826634083342175
0.8285381197929382,0.5877187252044678,-2.4239301681518555,0.1578759104013443,-0.8722431659698486,-0.48907244205474854,5.694275379180908,0.43013903498649597,0.6169697642326355,1.0,0.9256119132041931,0.800000011920929,7.558594226837158,0.7532514333724976,1.864319086074829,7.558594226837158,7.558594703674316,0.0,7.558594226837158,0.8107749775473273,0.25555037481069565,4.084889050489746,1377.0183078419025,0.7136810095552533,0.5062454041494404,0.6056610382923124,1.2755345307193906,-0.16720112767358664,1.8912329001259054
0.8277509212493896,0.5723397731781006,-2.4251716136932373,0.1482207179069519,-0.8791252970695496,-0.47659075260162354,5.149445056915283,0.4282987415790558,0.604957640171051,0.0,0.9256119132041931,0.800000011920929,7.558594226837158,0.6811800599098206,2.409149408340454,7.558594226837158,7.558594703674316,0.0,7.558594226837158,0.8129575620218301,0.31017175051450735,0.08171106842012878,1377.1000189103227,0.7197103868888757,0.4976363818994157,0.6094463271697633,1.2711379649690393,-0.15783237846049802,1.8940331606805862
0.8271841406822205,0.5848318338394165,-2.4264137744903564,0.1385583132505417,-0.8858285546302795,-0.46401265263557434,8.974504470825195,0.4288971722126007,0.6154187321662903,1.0,0.9188044667243958,0.800000011920929,7.558594226837158,1.1871674060821533,-1.415910005569458,7.558594226837158,7.558594703674316,0.0,7.558594226837158,0.815759486215123,0.0,4.095129993245496,1381.1951489035682,0.7144652722677196,0.5051378760688384,0.6067061886875038,1.2764551567519224,-0.15882511592445503,1.902020433557785
0.8262492418289185,0.5697283148765564,-2.4276554584503174,0.12889200448989868,-0.8923519253730774,-0.45134031772613525,8.951170921325684,0.42684468626976013,0.6036683320999146,0.0,0.9188044667243958,0.800000011920929,7.558594226837158,1.1840808391571045,-1.3925764560699463,7.558594226837158,7.558594703674316,0.0,7.558594226837158,0.8172462365280447,0.0,0.10559720231176553,1381.30074610588,0.7203514364423429,0.49670804127385193,0.6104339632763081,1.2722589826813548,-0.14928759513552348,1.9050833909568212
0.8252255916595459,0.5824955105781555,-2.4293248653411865,0.11886879801750183,-0.8987703323364258,-0.43841975927352905,4.981490135192871,0.4266497790813446,0.6146494746208191,1.0,0.9118867516517639,0.800000011920929,7.558594226837158,0.658962607383728,2.577104330062866,7.558594226837158,7.558594703674316,0.0,7.558594226837158,0.8194798910115054,0.3271382759833336,4.066728454694516,1385.3674745605747,0.7148536342144802,0.5045883862648517,0.6073893214241286,1.278151053352085,-0.15034420320429653,1.9138718191173432
0.8237025737762451,0.5673951506614685,-2.4308700561523438,0.1085972860455513,-0.9050860404968262,-0.425228476524353,7.250345230102539,0.4240560531616211,0.6031932830810547,0.0,0.9118867516517639,0.800000011920929,7.558594226837158,0.95909184217453,0.30824923515319824,7.558594226837158,7.558594703674316,0.0,7.558594226837158,0.8204885505575561,0.10043387708425525,0.11641729641039762,1385.483891856985,0.7205871643784187,0.4963658944039596,0.6106562439746069,1.2744389406030707,-0.1410349403456792,1.917511418893119
0.8218938708305359,0.5801776051521301,-2.4326794147491455,0.097775399684906,-0.9111325740814209,-0.4121134281158447,5.292504787445068,0.4232138395309448,0.6146769523620605,1.0,0.9048633575439453,0.800000011920929,7.558594226837158,0.7001043558120728,2.266089677810669,7.558594226837158,7.558594703674316,0.0,7.558594226837158,0.8223430321007277,0.29626290063619615,4.068475271927434,1389.5523671289125,0.7148398041110534,0.5046077501990143,0.6066199767148006,1.2809390184292593,-0.1430451500426282,1.9268769762078204
0.8213306665420532,0.5924310684204102,-2.432884931564331,0.0880836546421051,-0.9167958498001099,-0.3993561565876007,7.142446041107178,0.42358413338661194,0.6248828768730164,1.0,0.8977385759353638,0.800000011920929,7.558594226837158,0.9448186755180359,0.41614842414855957,7.558594226837158,7.558594703674316,0.0,7.558594226837158,0.8248157049766772,0.11143122498273852,4.096188328197789,1393.6485554571102,0.7096526031421431,0.5118769793797218,0.6042001759508286,1.2861540253710193,-0.14333205252579584,1.9350378292771213
0.8200976848602295,0.5773591995239258,-2.433467388153076,0.07797437906265259,-0.9223654866218567,-0.3863184154033661,5.907852649688721,0.42137277126312256,0.6134139895439148,0.0,0.8977385759353638,0.800000011920929,7.558594226837158,0.7815039157867432,1.6507418155670166,7.558594226837158,7.558594703674316,0.0,7.558594226837158,0.8260562633560032,0.2349420173621178,0.0936155430837767,1393.742171000194,0.7154766262433283,0.5037045137534849,0.6075641840291384,1.282301746393328,-0.13392269651045163,1.9383055099378566
0.8191651105880737,0.5897284746170044,-2.4339723587036133,0.067894846200943,-0.9277603030204773,-0.37317660450935364,8.813815116882324,0.4210292398929596,0.6239664554595947,1.0,0.8905168771743774,0.800000011920929,7.558594226837158,1.165911078453064,-1.255220651626587,7.558594226837158,7.558594703674316,0.0,7.558594226837158,0.8280177701635676,0.0,4.088548512537861,1397.830719512732,0.7101215443747417,0.5112263679145838,0.6049505160130271,1.2879471911424685,-0.13408174885934632,1.9471732733746996
0.8179320693016052,0.6021425724029541,-2.4345712661743164,0.05765359476208687,-0.9329872131347656,-0.3599095344543457,6.6396164894104,0.4203503131866455,0.6345953345298767,1.0,0.8832024335861206,0.800000011920929,7.558594226837158,0.8783032894134521,0.9189779758453369,7.558594226837158,7.558594703674316,0.0,7.558594226837158,0.830600970838094,0.16189116223096853,4.082272546066513,1401.9129920587984,0.7046476077609118,0.5187453636464712,0.602263562834631,1.2937816127485737,-0.13416664043021942,1.956366925668689
0.8162775039672852,0.5873963236808777,-2.4354488849639893,0.047025203704833984,-0.9380930066108704,-0.3463834524154663,6.154212951660156,0.41740068793296814,0.6237620115280151,0.0,0.8832024335861206,0.800000011920929,7.558594226837158,0.8140929937362671,1.404381513595581,7.558594226837158,7.558594703674316,0.0,7.558594226837158,0.8320112092529212,0.2105131390166283,0.0969058734594114,1402.009897932258,0.710225881084242,0.5110813505485889,0.6053163122767014,1.2905705231639208,-0.12473772185473087,1.9603868760825756
0.8149988651275635,0.5992802381515503,-2.435955047607422,0.03629732504487038,-0.9431449174880981,-0.3323817849159241,5.4039411544799805,0.41627421975135803,0.6340357065200806,1.0,0.8757995367050171,0.800000011920929,7.558594226837158,0.7148453593254089,2.154653310775757,7.558594226837158,7.558594703674316,0.0,7.558594226837158,0.8340802213751868,0.28565106595754625,4.059072981779051,1406.068970914037,0.7049378804090203,0.5183508371080676,0.6029650785270455,1.296362430400736,-0.12392238819467083,1.970051214738086
0.8128793239593506,0.5842627286911011,-2.436758041381836,0.025022540241479874,-0.9479848742485046,-0.3183152973651886,5.57501745223999,0.41299527883529663,0.6232039332389832,0.0,0.8757995367050171,0.800000011920929,7.558594226837158,0.7374757528305054,1.983577013015747,7.558594226837158,7.558594703674316,0.0,7.558594226837158,0.8350357867927177,0.2686991997122765,0.08753969777056025,1406.1565106118076,0.7105111631317647,0.5106847316596461,0.605745825810156,1.2934235425100984,-0.11447093813133985,1.9744675222459416
0.812243640422821,0.595814049243927,-2.4361114501953125,0.014833837747573853,-0.9524908065795898,-0.3045673370361328,7.2477827072143555,0.41246113181114197,0.6328839063644409,1.0,0.8683122396469116,0.800000011920929,7.558594226837158,0.9587528705596924,0.31081175804138184,7.558594226837158,7.558594703674316,0.0,7.558594226837158,0.8366574599201587,0.10156817316770558,4.085548050759203,1410.2420586625667,0.7055344586203077,0.5175384221955204,0.6040639068378946,1.2985956275165509,-0.11291665696487652,1.983460190876811
0.8111546635627747,0.6074116826057434,-2.4357728958129883,0.0042533474043011665,-0.9568653702735901,-0.29053178429603577,6.056976795196533,0.41135820746421814,0.642747700214386,1.0,0.8607447147369385,0.800000011920929,7.558594226837158,0.8012303709983826,1.501617670059204,7.558594226837158,7.558594703674316,0.0,7.558594226837158,0.8388642669956453,0.22069389740705495,4.0639663617526285,1414.3060250243193,0.7003952636605486,0.5244725254638902,0.6021776112404394,1.3041012548702091,-0.11130524010227638,1.993012271200659
0.8099222779273987,0.5921663045883179,-2.4354302883148193,-0.006328394636511803,-0.9610332250595093,-0.2764328718185425,8.789673805236816,0.4087136387825012,0.6313208341598511,0.0,0.8607447147369385,0.800000011920929,7.558594226837158,1.162717580795288,-1.231079339981079,7.558594226837158,7.558594703674316,0.0,7.558594226837158,0.8399109730764676,0.0,0.10859790614567373,1414.414622930465,0.7063425237201176,0.5164350579664556,0.6060412324147006,1.300481885958322,-0.10041853523006877,1.996786015050809
0.8089162111282349,0.6036715507507324,-2.4351229667663574,-0.01707444339990616,-0.9650946855545044,-0.2619011402130127,5.300473213195801,0.40713080763816833,0.6411109566688538,1.0,0.8531008958816528,0.800000011920929,7.558594226837158,0.7011584043502808,2.2581212520599365,7.558594226837158,7.558594703674316,0.0,7.558594226837158,0.8416074612133002,0.2964608369994164,4.048626022935411,1418.4632489534004,0.7012528191615104,0.5233254218366027,0.60468440759859,1.3060574090892443,-0.09777178582894669,2.0067991257100855
0.8079962730407715,0.6149387359619141,-2.434781074523926,-0.027866605669260025,-0.9690191745758057,-0.24698558449745178,7.256757736206055,0.4053354561328888,0.6505460143089294,1.0,0.8453846573829651,0.800000011920929,7.558594226837158,0.9599400758743286,0.3018367290496826,7.558594226837158,7.558594703674316,0.0,7.558594226837158,0.8438331714241708,0.10099435630559925,4.077491769531189,1422.5407407229316,0.6962840809782868,0.5299183407402855,0.6038510350289767,1.3114766616241404,-0.0941677532192568,2.017018597337142
0.8064283132553101,0.5997211337089539,-2.434530258178711,-0.0390675887465477,-0.9726670980453491,-0.23220397531986237,6.095859050750732,0.40202775597572327,0.6394412517547607,0.0,0.8453846573829651,0.800000011920929,7.558594226837158,0.8063738346099854,1.4627354145050049,7.558594226837158,7.558594703674316,0.0,7.558594226837158,0.8449376165601296,0.21712881938695913,0.09482991999555955,1422.6355706429272,0.7021257694853599,0.5221536573033898,0.6076657447328481,1.3082686606048963,-0.08272575166305884,2.0214527461868688
0.80539870262146,0.610560417175293,-2.4338555335998535,-0.05031833052635193,-0.9762036800384521,-0.21685576438903809,5.6491804122924805,0.39992526173591614,0.6486552357673645,1.0,0.8375998139381409,0.800000011920929,7.558594226837158,0.7472862005233765,1.9094140529632568,7.558594226837158,7.558594703674316,0.0,7.558594226837158,0.8466267406047135,0.2619109316897393,4.048702955130305,1426.6842735980574,0.6972847429888577,0.528600877452563,0.606923350052256,1.3136975890214257,-0.07862713598088933,2.031909229324172
0.80556321144104,0.5943278670310974,-2.432156801223755,-0.06009384244680405,-0.979457676410675,-0.20164990425109863,5.333004951477051,0.3979041874408722,0.6356338858604431,0.0,0.8375998139381409,0.800000011920929,7.558594226837158,0.7054618000984192,2.2255895137786865,7.558594226837158,7.558594703674316,0.0,7.558594226837158,0.8471028439675955,0.2936695269465447,0.08282890469616214,1426.7671025027537,0.7041086059233719,0.5194767001145574,0.6133285190909481,1.3088164990180047,-0.06389275409565137,2.0350499760514165
0.8061193227767944,0.604839563369751,-2.4304466247558594,-0.06986594945192337,-0.9824751019477844,-0.1863938868045807,8.948883056640625,0.3966534435749054,0.6436996459960938,1.0,0.829750120639801,0.800000011920929,7.558594226837158,1.183778166770935,-1.3902885913848877,7.558594226837158,7.558594703674316,0.0,7.558594226837158,0.848154747864885,0.0,4.059836078577782,1430.8269385813314,0.6998957111370869,0.5251389822559145,0.6146730796867877,1.3130209903139045,-0.05722747347188034,2.0445150339203972
0.8066121935844421,0.6153884530067444,-2.4287309646606445,-0.07963787764310837,-0.9852550029754639,-0.171092227101326,8.925280570983887,0.39520570635795593,0.6517249345779419,1.0,0.8218391537666321,0.800000011920929,7.558594226837158,1.1806559562683105,-1.3666861057281494,7.558594226837158,7.558594703674316,0.0,7.558594226837158,0.8497001633485897,0.0,4.058228906035018,1434.8851674873665,0.6956589134827833,0.5307388896487444,0.616172970164605,1.3172698193171706,-0.05022531572143635,2.054107139924728
0.806453287601471,0.599723219871521,-2.427185297012329,-0.08960747718811035,-0.9877902865409851,-0.15578949451446533,6.998398780822754,0.3926487863063812,0.6394281387329102,0.0,0.8218391537666321,0.800000011920929,7.558594226837158,0.9257637858390808,0.5601956844329834,7.558594226837158,7.558594703674316,0.0,7.558594226837158,0.8501133423221348,0.12729016371488575,0.1093155019969233,1434.9944829893634,0.702132513021559,0.522144578445558,0.6223826337334148,1.3128778258273652,-0.03537046140949912,2.0575930884638822
0.8062360882759094,0.6105604767799377,-2.4257097244262695,-0.10014782100915909,-0.990098237991333,-0.14037629961967468,5.369565963745117,0.39039477705955505,0.6481550931930542,1.0,0.8138704895973206,0.800000011920929,7.558594226837158,0.7102981209754944,2.18902850151062,7.558594226837158,7.558594703674316,0.0,7.558594226837158,0.8511551515673537,0.29023354149580005,4.03594558090279,1439.0304285702662,0.6975490507294442,0.5282519860693009,0.6231077601984335,1.317826310659701,-0.028934096742361415,2.0678619509967793
0.8055353760719299,0.5944788455963135,-2.423870086669922,-0.11079152673482895,-0.9922102689743042,-0.12457456439733505,5.570997714996338,0.3875773549079895,0.6357717514038086,0.0,0.8138704895973206,0.800000011920929,7.558594226837158,0.7369440197944641,1.9875967502593994,7.558594226837158,7.558594703674316,0.0,7.558594226837158,0.8511093969307053,0.27024819241285325,0.08665001847298161,1439.117078588739,0.7040370251351882,0.519573736163765,0.6290228194771659,1.3136251497141653,-0.014019888101704542,2.071557449372125
0.8052036762237549,0.6050423383712769,-2.422121286392212,-0.12171700596809387,-0.9940574765205383,-0.10885673016309738,7.291065216064453,0.38498935103416443,0.644406259059906,1.0,0.8058475255966187,0.800000011920929,7.558594226837158,0.9644783735275269,0.2675292491912842,7.558594226837158,7.558594703674316,0.0,7.558594226837158,0.8517447456515379,0.09838718244314196,4.063577801563988,1443.180656390303,0.6995244808660063,0.525633328884163,0.6297935755976469,1.3186279882711882,-0.007116481523868651,2.082020484486462
0.8051677942276001,0.6150268912315369,-2.420067071914673,-0.13262701034545898,-0.9956970810890198,-0.09266812354326248,6.2537922859191895,0.38240841031074524,0.6523059010505676,1.0,0.7977735996246338,0.800000011920929,7.558594226837158,0.8272655606269836,1.3048021793365479,7.558594226837158,7.558594703674316,0.0,7.558594226837158,0.8529120567181425,0.20215701154470447,4.044729379797516,1447.2253857701005,0.6953504324595534,0.5311429789956508,0.6313451985408932,1.3232009743004787,0.0010860768092301187,2.0923863075565303
0.8055071234703064,0.5983231067657471,-2.4172439575195312,-0.14240236580371857,-0.9970691800117493,-0.07650535553693771,5.456953525543213,0.38021937012672424,0.6388711333274841,0.0,0.7977735996246338,0.800000011920929,7.558594226837158,0.7218579649925232,2.1016409397125244,7.558594226837158,7.558594703674316,0.0,7.558594226837158,0.8529036836799924,0.281945660045147,0.08461350622702223,1447.3099992763275,0.702423219726061,0.5217533339711481,0.6388657398468606,1.3179925312901182,0.018335675710969335,2.095192776311358
0.8063308596611023,0.6079971790313721,-2.414445400238037,-0.15248242020606995,-0.9981710314750671,-0.06045319512486458,7.295666694641113,0.37811169028282166,0.6460749506950378,1.0,0.7896519899368286,0.800000011920929,7.558594226837158,0.9650870561599731,0.262927770614624,7.558594226837158,7.558594703674316,0.0,7.558594226837158,0.8534570064420657,0.09822692592382434,4.058504946000987,1451.3685042223285,0.698646442206796,0.5268000017098957,0.6414948012505297,1.321847209383976,0.027923498745397207,2.1048288130431185
0.8070628046989441,0.6173495650291443,-2.4115195274353027,-0.16282200813293457,-0.9990274906158447,-0.04409157112240791,6.213717460632324,0.3757789731025696,0.6529904007911682,1.0,0.7814857959747314,0.800000011920929,7.558594226837158,0.8219643831253052,1.344877004623413,7.558594226837158,7.558594703674316,0.0,7.558594226837158,0.854474934887387,0.20646410932302478,4.039040781807316,1455.4075450041357,0.6949867597537264,0.5316187777242292,0.6442951825648043,1.3256374571584868,0.03806943113452216,2.11458508383664
0.8066500425338745,0.6007207632064819,-2.4086313247680664,-0.17343087494373322,-0.9996206760406494,-0.02754177153110504,5.680739879608154,0.37291020154953003,0.6401072144508362,0.0,0.7814857959747314,0.800000011920929,7.558594226837158,0.7514609098434448,1.877854585647583,7.558594226837158,7.558594703674316,0.0,7.558594226837158,0.8543795602820958,0.25986904437780384,0.08812267213166972,1455.4956676762674,0.7017777895809358,0.5226212502786811,0.6512444803115531,1.3209770023668834,0.0552704289870355,2.117833002394142
0.807366132736206,0.6100059747695923,-2.405630111694336,-0.1840449422597885,-0.9999405741691589,-0.010899514891207218,7.342628002166748,0.3701469898223877,0.6470440626144409,1.0,0.7732780575752258,0.800000011920929,7.558594226837158,0.9712991714477539,0.21596646308898926,7.558594226837158,7.558594703674316,0.0,7.558594226837158,0.8548339840743308,0.09381938772916797,4.054169136237317,1459.5498368125047,0.698135584908508,0.5274767402142194,0.6543303775633114,1.324851601618492,0.06619939809621642,2.1277734026472506
0.8064131140708923,0.5933235883712769,-2.4024879932403564,-0.19508108496665955,-0.9999828934669495,0.005846001673489809,6.295106887817383,0.36702629923820496,0.6343226432800293,0.0,0.7732780575752258,0.800000011920929,7.558594226837158,0.832730770111084,1.2634875774383545,7.558594226837158,7.558594703674316,0.0,7.558594226837158,0.854240721962251,0.19861094148397448,0.0984108109459842,1459.6482476234507,0.7047891342667536,0.5185529711668737,0.6609632967258168,1.3204220243689662,0.08343935385223573,2.1311370893163324
0.8071933388710022,0.6021326780319214,-2.399118185043335,-0.20600835978984833,-0.999737024307251,0.022933179512619972,5.846762180328369,0.3639865815639496,0.6409094929695129,1.0,0.7650317549705505,0.800000011920929,7.558594226837158,0.7734227180480957,1.7118322849273682,7.558594226837158,7.558594703674316,0.0,7.558594226837158,0.854235623249252,0.2435477058196068,4.027396377928238,1463.675644001379,0.7013582792122679,0.5231841483935645,0.6644410247539317,1.3241333767064078,0.09541449637851984,2.141080863747879
0.8076208233833313,0.6110788583755493,-2.3956687450408936,-0.21721701323986053,-0.9992051720619202,0.03986253961920738,7.419414520263672,0.36066755652427673,0.6477376818656921,1.0,0.7567497491836548,0.800000011920929,7.558594226837158,0.9814566969871521,0.13917994499206543,7.558594226837158,7.558594703674316,0.0,7.558594226837158,0.8547603678512097,0.08641166609525683,4.050332373410998,1467.72597637479,0.6977695015475113,0.5279607993892361,0.6675529305247787,1.3281178929161814,0.1070710835931332,2.151191642488302
0.8077169060707092,0.593897819519043,-2.391467332839966,-0.22696571052074432,-0.9984025955200195,0.056500568985939026,5.726700305938721,0.3584148585796356,0.6340133547782898,0.0,0.7567497491836548,0.800000011920929,7.558594226837158,0.7575407028198242,1.8318941593170166,7.558594226837158,7.558594703674316,0.0,7.558594226837158,0.8541512308303075,0.25571792265653615,0.08927507340504016,1467.815251448195,0.7049494555113932,0.5183350045507584,0.6756824403946751,1.322578507669552,0.1262851733232432,2.153209359462929
0.8095145225524902,0.602454423904419,-2.3872547149658203,-0.23669767379760742,-0.9973228573799133,0.07312378287315369,8.869930267333984,0.35591596364974976,0.6397896409034729,1.0,0.7484347224235535,0.800000011920929,7.558594226837158,1.1733341217041016,-1.311335802078247,7.558594226837158,7.558594703674316,0.0,7.558594226837158,0.8540690793086855,0.0,4.036587573886655,1471.8518390220818,0.701943699866287,0.5223984352241337,0.6803985243044678,1.3253702264854166,0.13990061268108966,2.162035184792915
0.8110955953598022,0.6110300421714783,-2.3831393718719482,-0.24678829312324524,-0.9959490895271301,0.08991911262273788,5.697300434112549,0.3530077636241913,0.6456347107887268,1.0,0.7400893568992615,0.800000011920929,7.558594226837158,0.7536516189575195,1.8612940311431885,7.558594226837158,7.558594703674316,0.0,7.558594226837158,0.8544512952915847,0.258794307820797,4.018010730313041,1475.8698497523949,0.6988783105943476,0.5264923394636054,0.6851359989166441,1.3283327199671402,0.15386839127722574,2.1711005255339093
0.8105944395065308,0.5941407084465027,-2.3789215087890625,-0.25711074471473694,-0.994286835193634,0.10674101859331131,7.42446756362915,0.3501291871070862,0.6325119733810425,0.0,0.7400893568992615,0.800000011920929,7.558594226837158,0.9821251034736633,0.13412690162658691,7.558594226837158,7.558594703674316,0.0,7.558594226837158,0.8537591936254881,0.08621575684309009,0.11676335044319716,1475.9866131028382,0.7057269293025816,0.5172760086627167,0.6930105913042881,1.3232455644576246,0.17338162930526882,2.1733531038585143
0.8115674257278442,0.6028561592102051,-2.3745205402374268,-0.26780417561531067,-0.9923680424690247,0.12331125885248184,6.432936668395996,0.3467464745044708,0.638896107673645,1.0,0.7317162156105042,0.800000011920929,7.558594226837158,0.8509631752967834,1.1256577968597412,7.558594226837158,7.558594703674316,0.0,7.558594226837158,0.8536531206374341,0.18540337831258777,4.026948044936615,1480.013561147775,0.7024102687836763,0.5217710131275389,0.6969614360162283,1.3267205825168007,0.18667489117100894,2.18267053186905
0.8109490871429443,0.5857942700386047,-2.369882345199585,-0.27801692485809326,-0.9901253581047058,0.1401847004890442,7.649475574493408,0.34395021200180054,0.6255732178688049,0.0,0.7317162156105042,0.800000011920929,7.558594226837158,1.0118896961212158,-0.0908811166882515,7.558594226837158,7.558594703674316,0.0,7.558594226837158,0.8524981270870979,0.06384351150274278,0.12085233184329587,1480.1344134796182,0.7092991335270239,0.5123667818191818,0.7050710798705534,1.3214514399696562,0.20678432543103192,2.1845525658280094
0.8123379945755005,0.5939643383026123,-2.3650496006011963,-0.2886153757572174,-0.9875825643539429,0.1571008712053299,6.339587211608887,0.34051942825317383,0.6313463449478149,1.0,0.7233178019523621,0.800000011920929,7.558594226837158,0.8386147022247314,1.2190072536468506,7.558594226837158,7.558594703674316,0.0,7.558594226837158,0.8519428889797367,0.19485337925672536,4.022683887470533,1484.1570973670887,0.70632940825699,0.5164531136777823,0.7098831515371102,1.3244387195276672,0.22164510459066644,2.193458674705544
0.8138410449028015,0.6018121838569641,-2.3599748611450195,-0.29922643303871155,-0.9847157001495361,0.17416954040527344,6.134129524230957,0.3370344042778015,0.6367287039756775,1.0,0.7148963809013367,0.800000011920929,7.558594226837158,0.8114362955093384,1.4244649410247803,7.558594226837158,7.558594703674316,0.0,7.558594226837158,0.8518800038973383,0.21549877276182178,4.017308998194606,1488.1744063652832,0.7035394736902685,0.5202473121577732,0.7150408269188803,1.3271738578148449,0.23725469124050338,2.2021670843392305
0.8146474957466125,0.5836079120635986,-2.3540241718292236,-0.3075754642486572,-0.9816043972969055,0.19092607498168945,7.366114616394043,0.335569828748703,0.6216435432434082,0.0,0.7148963809013367,0.800000011920929,7.558594226837158,0.9744060635566711,0.19247984886169434,7.558594226837158,7.558594703674316,0.0,7.558594226837158,0.8506143716904723,0.09241221577405932,0.1167615916651485,1488.2911679569484,0.7113070235038581,0.5095755031152815,0.7250464478865911,1.320094210510801,0.2598572616850964,2.2019410620249817
0.8176494836807251,0.5910857319831848,-2.348315954208374,-0.3163270652294159,-0.9782603979110718,0.20738042891025543,8.394754409790039,0.33309444785118103,0.6259359121322632,1.0,0.706454336643219,0.800000011920929,7.558594226837158,1.1104768514633179,-0.8361599445343018,7.558594226837158,7.558594703674316,0.0,7.558594226837158,0.8498461990594485,0.0,4.037414781867314,1492.3285827388156,0.7091132758732289,0.5126240051771486,0.731764616284019,1.3214819865746146,0.27713033730018166,2.2089856888780326
0.8204027414321899,0.5986392498016357,-2.3427510261535645,-0.3255378007888794,-0.9745885133743286,0.22400273382663727,6.1917009353637695,0.3301389515399933,0.6303751468658447,1.0,0.6979937553405762,0.800000011920929,7.558594226837158,0.81905198097229,1.3668935298919678,7.558594226837158,7.558594703674316,0.0,7.558594226837158,0.849525341197603,0.20989161700010303,4.013700583930688,1496.3422833227462,0.7068305582624187,0.5157668029631096,0.7384593046981442,1.3230783995836477,0.2947748421712554,2.2162683420204137
0.8199161887168884,0.5813741087913513,-2.3371331691741943,-0.33506011962890625,-0.970619261264801,0.24062049388885498,5.890870571136475,0.32754847407341003,0.6167841553688049,0.0,0.6979937553405762,0.800000011920929,7.558594226837158,0.7792574763298035,1.6677238941192627,7.558594226837158,7.558594703674316,0.0,7.558594226837158,0.8481380044581041,0.24008315136671068,0.09310870082025106,1496.4353920235665,0.7137749793699283,0.5061130775428004,0.7473454902404391,1.317141033379987,0.3166360306999911,2.21674610456324
0.822471022605896,0.5888680219650269,-2.331319570541382,-0.34459388256073,-0.9663605093955994,0.25719133019447327,7.43312406539917,0.324240505695343,0.6213666200637817,1.0,0.6895167231559753,0.800000011920929,7.558594226837158,0.9832702279090881,0.12547039985656738,7.558594226837158,7.558594703674316,0.0,7.558594226837158,0.8472900035071701,0.08598434970617297,4.031208365150442,1500.4666003887169,0.7114481734744605,0.5093786184822156,0.7539426721383147,1.3188574693921997,0.3345532206871565,2.2239509298353997
0.821775496006012,0.5715170502662659,-2.3253695964813232,-0.354007363319397,-0.9618032574653625,0.2737417221069336,7.943944454193115,0.3216819167137146,0.60767662525177,0.0,0.6895167231559753,0.800000011920929,7.558594226837158,1.0508426427841187,-0.38534998893737793,7.558594226837158,7.558594703674316,0.0,7.558594226837158,0.8454064216422826,0.03493632338285448,0.12446598443314533,1500.59106637315,0.7183545855498472,0.4995913029747448,0.762974224760008,1.3127663913556635,0.356884189317794,2.223988503609173
0.8245140314102173,0.5785655975341797,-2.319171905517578,-0.3635770380496979,-0.9568824768066406,0.2904752790927887,5.929239273071289,0.3182394504547119,0.6118693351745605,1.0,0.6810253858566284,0.800000011920929,7.558594226837158,0.7843329906463623,1.6293551921844482,7.558594226837158,7.558594703674316,0.0,7.558594226837158,0.8440958966823324,0.23641020482778552,4.004070624371017,1504.595136997521,0.7162537632569563,0.5025988089331704,0.7700514525201267,1.31413130398894,0.37592210245503493,2.230735620079414
0.8274350762367249,0.5853385329246521,-2.3128139972686768,-0.3730911612510681,-0.9516122341156006,0.30730140209198,7.506505966186523,0.3147505223751068,0.6156840324401855,1.0,0.6725214719772339,0.800000011920929,7.558594226837158,0.9929773211479187,0.05208849161863327,7.558594226837158,7.558594703674316,0.0,7.558594226837158,0.8432564357377149,0.0788077811598778,4.027896349589577,1508.6230333471105,0.7143312950352488,0.5053274681492337,0.7775577321225253,1.3151987286918387,0.3957697053991344,2.2371523538492957
0.8284931778907776,0.5666053295135498,-2.305795431137085,-0.3801179826259613,-0.9461671710014343,0.3236783742904663,6.377868175506592,0.31372255086898804,0.5998377203941345,0.0,0.6725214719772339,0.800000011920929,7.558594226837158,0.8436785936355591,1.1807262897491455,7.558594226837158,7.558594703674316,0.0,7.558594226837158,0.8411812595152264,0.19170116986989977,0.1022893217384806,1508.725322668849,0.7222487802699862,0.4939450110138147,0.7889242188727513,1.3067749744828918,0.4210833048463815,2.234453707139968
0.8326659798622131,0.5731855630874634,-2.29904842376709,-0.38781970739364624,-0.9405723810195923,0.33959323167800903,8.643120765686035,0.31116971373558044,0.6028805375099182,1.0,0.6640069484710693,0.800000011920929,7.558594226837158,1.1433312892913818,-1.0845263004302979,7.558594226837158,7.558594703674316,0.0,7.558594226837158,0.8396101947995128,0.0,4.020863803864037,1512.7461864727131,0.7207425147021946,0.4961403272608862,0.7974008053990176,1.306681759007292,0.44172777104085764,2.2392176277878124
0.832377016544342,0.5555722117424011,-2.29242205619812,-0.39595872163772583,-0.9346311688423157,0.35561859607696533,6.68084192276001,0.3091733753681183,0.5885465145111084,0.0,0.6640069484710693,0.800000011920929,7.558594226837158,0.8837566375732422,0.8777525424957275,7.558594226837158,7.558594703674316,0.0,7.558594226837158,0.8369834742039722,0.16150112305402758,0.10813560011731328,1512.8543220728304,0.727779863024624,0.4857586210292709,0.8075360050084848,1.2994622919382293,0.46583039304735047,2.237279724563975
0.8358964323997498,0.562477171421051,-2.2856647968292236,-0.4045322835445404,-0.9284614324569702,0.37142887711524963,5.8408379554748535,0.3058515191078186,0.5923076272010803,1.0,0.6554834842681885,0.800000011920929,7.558594226837158,0.7726390361785889,1.7177565097808838,7.558594226837158,7.558594703674316,0.0,7.558594226837158,0.8349951741044698,0.24558066926717761,3.99558422751473,1516.849906300345,0.7259477225572499,0.4884924673518265,0.8154083445653562,1.2999976497989052,0.4862242988157974,2.242400840523488
0.8396552801132202,0.5692897439002991,-2.278895139694214,-0.4129510819911957,-0.9220022559165955,0.3871844708919525,8.926750183105469,0.30249741673469543,0.5958106517791748,1.0,0.6469528079032898,0.800000011920929,7.558594226837158,1.1808503866195679,-1.3681557178497314,7.558594226837158,7.558594703674316,0.0,7.558594226837158,0.8335450720447456,0.0,4.0073353100129445,1520.857241610358,0.7242320233434819,0.49103229736914467,0.8236817034399914,1.3002516041925298,0.5079356316267031,2.247370682327135
0.8383885622024536,0.5521037578582764,-2.2718513011932373,-0.42157182097435,-0.9153565764427185,0.40264415740966797,7.38673734664917,0.30008989572525024,0.582348108291626,0.0,0.6469528079032898,0.800000011920929,7.558594226837158,0.9771340489387512,0.17185711860656738,7.558594226837158,7.558594703674316,0.0,7.558594226837158,0.83108289633723,0.09112027987241747,0.12038414944717311,1520.977625759805,0.7307768706861207,0.4812382648397999,0.8328370226188203,1.293664942649452,0.5319826757686247,2.2457064158035918
0.8420124053955078,0.5585823059082031,-2.264573335647583,-0.43010520935058594,-0.9083387851715088,0.4182352125644684,5.978991508483887,0.2966099977493286,0.5857304930686951,1.0,0.6384164690971375,0.800000011920929,7.558594226837158,0.7909142971038818,1.5796029567718506,7.558594226837158,7.558594703674316,0.0,7.558594226837158,0.8292109191944034,0.23193165944814687,3.9933135538607156,1524.9709393136657,0.729145005504443,0.4837073049544866,0.8410405130527708,1.2938192913187068,0.5708710972792296,2.242215875617692
0.8421118259429932,0.5397729277610779,-2.256624698638916,-0.4366312623023987,-0.9010553956031799,0.43370404839515686,7.418135643005371,0.2956352233886719,0.5700048208236694,0.0,0.6384164690971375,0.800000011920929,7.558594226837158,0.9812875390052795,0.1404588222503662,7.558594226837158,7.558594703674316,0.0,7.558594226837158,0.8261422127110957,0.08813850650548938,0.12190632667190461,1525.0928456403376,0.7366610750139486,0.47218151431266303,0.8521150889723857,1.2849846788675316,0.6094139344208089,2.2311647273094697
0.8469213843345642,0.545326292514801,-2.248868465423584,-0.44370236992836,-0.8935263752937317,0.4490107595920563,6.314486503601074,0.29294997453689575,0.5720697045326233,1.0,0.6298759579658508,0.800000011920929,7.558594226837158,0.8352943658828735,1.244107961654663,7.558594226837158,7.558594703674316,0.0,7.558594226837158,0.8236234689734823,0.19853833230733875,3.9965155022726515,1529.0893611426102,0.7356845212330968,0.4737017237487978,0.8616277559363581,1.2836666430418864,0.6540405096507811,2.22214280763947
0.8513830304145813,0.5512805581092834,-2.2411887645721436,-0.45114102959632874,-0.8858305215835571,0.4640089273452759,8.755537033081055,0.28988757729530334,0.5746241211891174,1.0,0.6213327050209045,0.800000011920929,7.558594226837158,1.1582019329071045,-1.1969425678253174,7.558594226837158,7.558594703674316,0.0,7.558594226837158,0.8216335624182072,0.0,4.0070005957235395,1533.0963617383338,0.7344721038293494,0.4755794081640158,0.8706840326438509,1.282776284139655,0.6977836001744602,2.212626454796836
0.8498923778533936,0.5336118936538696,-2.2332804203033447,-0.45902353525161743,-0.8778430223464966,0.4789485037326813,5.923576354980469,0.28780031204223633,0.5606520175933838,0.0,0.6213327050209045,0.800000011920929,7.558594226837158,0.7835838794708252,1.6350181102752686,7.558594226837158,7.558594703674316,0.0,7.558594226837158,0.8185894137475624,0.23773047797918323,0.0973345537573624,1533.193696292091,0.7410449984347591,0.4652711375545405,0.8802653547737929,1.2753511689301797,0.7347757023361516,2.2003641561492917
0.8538605570793152,0.5393726825714111,-2.2251474857330322,-0.4670460820198059,-0.8695327639579773,0.49387529492378235,6.175113677978516,0.2842901647090912,0.5633935332298279,1.0,0.6127881407737732,0.800000011920929,7.558594226837158,0.8168578147888184,1.3834807872772217,7.558594226837158,7.558594703674316,0.0,7.558594226837158,0.8161594058716557,0.2127013310980797,3.989748038794556,1537.1834443308855,0.7397666800791747,0.46730107683554045,0.8889951760235903,1.274698477347418,0.7784083665148456,2.189125702045652
0.8579864501953125,0.5447774529457092,-2.2168335914611816,-0.4750155806541443,-0.860851526260376,0.5088561773300171,7.5399861335754395,0.2807466387748718,0.5657215118408203,1.0,0.6042434573173523,0.800000011920929,7.558594226837158,0.9974061846733093,0.018608326092362404,7.558594226837158,7.558594703674316,0.0,7.558594226837158,0.8142314284743766,0.07632357871770862,4.010972104968038,1541.1944164358536,0.7386768358855711,0.46902193469549347,0.898111472221724,1.2736823042117031,0.8222891499501235,2.176667369650183
0.8577568531036377,0.5264146327972412,-2.2086336612701416,-0.48077353835105896,-0.8522442579269409,0.5231441259384155,5.587650775909424,0.2797754406929016,0.5504400134086609,0.0,0.6042434573173523,0.800000011920929,7.558594226837158,0.739146888256073,1.9709436893463135,7.558594226837158,7.558594703674316,0.0,7.558594226837158,0.8110904829086489,0.2715847153162957,0.09224647491348437,1541.286662910767,0.7457576775471195,0.45767950164943483,0.9091601176699421,1.2644295584620397,0.8589248606790557,2.1610059793526886
0.8635961413383484,0.5313806533813477,-2.2004384994506836,-0.4865128993988037,-0.8434004783630371,0.5372853875160217,8.925333976745605,0.27732351422309875,0.5516020059585571,1.0,0.5956999659538269,0.800000011920929,7.558594226837158,1.1806631088256836,-1.3667395114898682,7.558594226837158,7.558594703674316,0.0,7.558594226837158,0.8084302878308024,0.0,3.995005436670881,1545.281668347438,0.7452253743341062,0.45854576168557537,0.9196688983971076,1.261689489753762,0.9016748806517547,2.1461640025961746
0.8630361557006836,0.5132266879081726,-2.1922426223754883,-0.49224692583084106,-0.8343223333358765,0.5512769222259521,8.901090621948242,0.27623769640922546,0.5364954471588135,0.0,0.5956999659538269,0.800000011920929,7.558594226837158,1.1774561405181885,-1.3424961566925049,7.558594226837158,7.558594703674316,0.0,7.558594226837158,0.8046140960221881,0.0,0.11396474694505071,1545.3956330943831,0.7520671230534606,0.4472360734758102,0.9306688871393871,1.2523558651743392,0.9377100591135661,2.1291615878519434
0.8684394359588623,0.5184754729270935,-2.1840155124664307,-0.4986386299133301,-0.8249610662460327,0.5651895403862,5.616177558898926,0.27317291498184204,0.5382252335548401,1.0,0.587158739566803,0.800000011920929,7.558594226837158,0.742920458316803,1.9424169063568115,7.558594226837158,7.558594703674316,0.0,7.558594226837158,0.8014176148563695,0.2688767779707909,3.973443225203618,1549.3690763195868,0.7512923909828471,0.44853642344962563,0.940798671535978,1.2500153449988427,0.9796971376478221,2.1130907724932415
0.8666692972183228,0.5009118318557739,-2.175579786300659,-0.5052435994148254,-0.8154518604278564,0.5788249373435974,7.405726909637451,0.27148231863975525,0.5240660309791565,0.0,0.587158739566803,0.800000011920929,7.558594226837158,0.9796460866928101,0.15286755561828613,7.558594226837158,7.558594703674316,0.0,7.558594226837158,0.7971798856909537,0.09006487224340443,0.1252363350859596,1549.4943126546727,0.7575677547214108,0.4378540173252248,0.9508077787399063,1.2415640555883083,1.0146866992303751,2.095250428995966
0.8715869784355164,0.5060741305351257,-2.166856527328491,-0.5119711756706238,-0.8056685328483582,0.5923665761947632,6.5133209228515625,0.26813217997550964,0.5260590314865112,1.0,0.5786208510398865,0.800000011920929,7.558594226837158,0.8615965843200684,1.0452735424041748,7.558594226837158,7.558594703674316,0.0,7.558594226837158,0.7936429391378479,0.17934112730741503,3.9863201086870883,1553.4806327633598,0.7566936843702992,0.43936306271105563,0.9604060739871678,1.2394989299478474,1.0557884938971442,2.077637043975823
0.8762458562850952,0.5111043453216553,-2.1578164100646973,-0.5188625454902649,-0.7956772446632385,0.6057208180427551,6.190968036651611,0.2646569311618805,0.5280411839485168,1.0,0.5700873732566833,0.800000011920929,7.558594226837158,0.8189550638198853,1.367626428604126,7.558594226837158,7.558594703674316,0.0,7.558594226837158,0.7907223328746436,0.21166561667203906,3.9789546266018867,1557.4595873899618,0.7558211383285989,0.44086193992481104,0.9697625780062881,1.2375342497380526,1.0964044096174055,2.059161793593495
0.8749367594718933,0.49279966950416565,-2.1487932205200195,-0.5238384008407593,-0.7857388854026794,0.6185583472251892,5.73221492767334,0.26388105750083923,0.512951672077179,0.0,0.5700873732566833,0.800000011920929,7.558594226837158,0.7582701444625854,1.8263795375823975,7.558594226837158,7.558594703674316,0.0,7.558594226837158,0.7865984417949156,0.2576494694876671,0.09688955081892364,1557.5564769407808,0.7623874049875965,0.42940729597007155,0.9802405757795445,1.2278548792270345,1.1303553224070515,2.0383711904965915
0.8809785842895508,0.49710899591445923,-2.139775037765503,-0.5288030505180359,-0.7755942344665527,0.6312317848205566,8.902828216552734,0.2613717019557953,0.5137323141098022,1.0,0.5615593194961548,0.800000011920929,7.558594226837158,1.1776859760284424,-1.344233751296997,7.558594226837158,7.558594703674316,0.0,7.558594226837158,0.7830410290617331,0.0,3.9875997487007315,1561.5440766894815,0.7620517759894028,0.43000226911122685,0.9906794148602247,1.2242620433587617,1.169993770908909,2.0177112829756263
0.8793290853500366,0.47903528809547424,-2.130756139755249,-0.5337648987770081,-0.7652454376220703,0.6437386274337769,8.881376266479492,0.2604805827140808,0.49882176518440247,0.0,0.5615593194961548,0.800000011920929,7.558594226837158,1.174848198890686,-1.3227818012237549,7.558594226837158,7.558594703674316,0.0,7.558594226837158,0.7783242757348863,0.0,0.11798800152992911,1561.6620646910114,0.7683784450953065,0.4185922777093285,1.0010694917684446,1.2145159491337179,1.2031492077359982,1.9957320990244636
0.8847294449806213,0.48386338353157043,-2.121643304824829,-0.5395455956459045,-0.7547230124473572,0.6560435891151428,5.735914707183838,0.25727230310440063,0.5004642605781555,1.0,0.5530374646186829,0.800000011920929,7.558594226837158,0.7587595582008362,1.8226797580718994,7.558594226837158,7.558594703674316,0.0,7.558594226837158,0.774338827767337,0.25741555864095694,3.9659825631431476,1565.6280472541546,0.767689891964267,0.41985379305676196,1.0108682332082286,1.2116433516707052,1.2414965793427233,1.9742552915507416
0.8898795247077942,0.48845207691192627,-2.1121835708618164,-0.5455107688903809,-0.7439382672309875,0.6682483553886414,6.120793342590332,0.2539287209510803,0.501995861530304,1.0,0.5445227026939392,0.800000011920929,7.558594226837158,0.8096721768379211,1.4378011226654053,7.558594226837158,7.558594703674316,0.0,7.558594226837158,0.7709861575998426,0.21906354021787647,3.9709793471186354,1569.5990266012732,0.7670459302741789,0.4210291007986269,1.0205077827418922,1.2087935106036893,1.2795337133230238,1.9518439311598097
0.8866808414459229,0.470882385969162,-2.102483034133911,-0.5515923500061035,-0.7329262495040894,0.6803081035614014,7.4573750495910645,0.25225141644477844,0.4881872236728668,0.0,0.5445227026939392,0.800000011920929,7.558594226837158,0.9864782094955444,0.10121940821409225,7.558594226837158,7.558594703674316,0.0,7.558594226837158,0.7665298364053175,0.08551812191724781,0.1287247682293538,1569.7277513695026,0.7727865559196828,0.4103974512260411,1.0297324670008394,1.200136371945554,1.311327927390685,1.9283006732295236
0.8927456140518188,0.47517016530036926,-2.093036651611328,-0.5558840036392212,-0.722339928150177,0.6915381550788879,6.42562198638916,0.24973717331886292,0.4891190230846405,1.0,0.5360158085823059,0.800000011920929,7.558594226837158,0.8499956130981445,1.1329724788665771,7.558594226837158,7.558594703674316,0.0,7.558594226837158,0.7627003285189464,0.18872598573446275,3.9737773202484536,1573.701528689751,0.7724037285763095,0.41111729663182617,1.03967220403937,1.1963248211137465,1.3474081294307947,1.9045888563308697
0.8900496959686279,0.45773255825042725,-2.083576202392578,-0.5606434941291809,-0.7114112973213196,0.7027758955955505,6.920705318450928,0.24870610237121582,0.47500428557395935,0.0,0.5360158085823059,0.800000011920929,7.558594226837158,0.9154863357543945,0.6378891468048096,7.558594226837158,7.558594703674316,0.0,7.558594226837158,0.7577451659190911,0.13931211520910267,0.12009038607701378,1573.821619075828,0.7781293502546032,0.40017441649806684,1.0491326969855859,1.1869324800340262,1.3775327622047921,1.880096896822695
0.8958397507667542,0.4622038006782532,-2.0741074085235596,-0.5656054019927979,-0.7002431154251099,0.7139044404029846,7.760901927947998,0.2455781251192093,0.47632187604904175,1.0,0.5275174975395203,0.800000011920929,7.558594226837158,1.0266294479370117,-0.20230746269226074,7.558594226837158,7.558594703674316,0.0,7.558594226837158,0.7535221882628323,0.05535721194028857,3.9941217470176613,1577.8157408228458,0.7776014960684607,0.4011994049440032,1.0590532769462195,1.183298968977792,1.4129863086358427,1.8552148849523302
0.9011525511741638,0.4667842984199524,-2.0642800331115723,-0.5708396434783936,-0.6890525817871094,0.7247113585472107,6.168271541595459,0.24225790798664093,0.47793257236480713,1.0,0.5190284848213196,0.800000011920929,7.558594226837158,0.815952718257904,1.3903229236602783,7.558594226837158,7.558594703674316,0.0,7.558594226837158,0.7499778627343189,0.21463459645986563,3.9648753865532225,1581.780616209399,0.7769543617749768,0.40245139056987644,1.0683964125585523,1.1801209918473794,1.4474631113191527,1.8299653939722509
0.8975542783737183,0.44934800267219543,-2.0541889667510986,-0.5759741067886353,-0.6774510741233826,0.7355678081512451,6.110227584838867,0.24088086187839508,0.46415629982948303,0.0,0.5190284848213196,0.800000011920929,7.558594226837158,0.808274507522583,1.4483668804168701,7.558594226837158,7.558594703674316,0.0,7.558594226837158,0.7452742390659572,0.22054889584302906,0.10627525902515265,1581.8868914684242,0.7824245429220839,0.3917099398654387,1.0774367961186506,1.1709774719665766,1.476572317143065,1.8034728688777037
0.902944028377533,0.4530995488166809,-2.043895721435547,-0.5810979604721069,-0.6655086874961853,0.7463901042938232,6.176449775695801,0.23751316964626312,0.46508854627609253,1.0,0.5105494260787964,0.800000011920929,7.558594226837158,0.8170345425605774,1.3821446895599365,7.558594226837158,7.558594703674316,0.0,7.558594226837158,0.7412321660264091,0.21404006310224538,3.9624079748720593,1585.8492994432963,0.7820592035169733,0.39243925770462973,1.0873092361256198,1.1670522453768646,1.5111097972120655,1.775877917674243
0.9094877243041992,0.4558161497116089,-2.0335841178894043,-0.584073543548584,-0.6539074778556824,0.7565745115280151,8.555120468139648,0.23537419736385345,0.4645903706550598,1.0,0.5020807981491089,0.800000011920929,7.558594226837158,1.1316903829574585,-0.9965260028839111,7.558594226837158,7.558594703674316,0.0,7.558594226837158,0.7376078472069115,0.0,3.98343848223711,1589.8327379255334,0.7822545023091879,0.3920495222268862,1.0977871303463578,1.1615920716141404,1.5447055720578524,1.7471161408593903
0.9063428044319153,0.4378642737865448,-2.023397922515869,-0.5876355171203613,-0.6421103477478027,0.7666122317314148,7.0168776512146,0.23476560413837433,0.45004546642303467,0.0,0.5020807981491089,0.800000011920929,7.558594226837158,0.9282082319259644,0.5417168140411377,7.558594226837158,7.558594703674316,0.0,7.558594226837158,0.7326947145434871,0.13010668856382374,0.12336376748004158,1589.9561016930134,0.7878740531529552,0.3806307724802283,1.1072249374739036,1.1512566041037757,1.572215188458341,1.718530565906242
0.912320613861084,0.4411371350288391,-2.0130655765533447,-0.5917227864265442,-0.629947304725647,0.776637852191925,6.3763604164123535,0.2317429631948471,0.45038744807243347,1.0,0.4936232566833496,0.800000011920929,7.558594226837158,0.8434791564941406,1.1822340488433838,7.558594226837158,7.558594703674316,0.0,7.558594226837158,0.7284005562991996,0.19421739938497548,3.9618100048703857,1593.9179116978837,0.7877436062499501,0.38090001341526725,1.1173984356501316,1.146406155734814,1.6047801460184605,1.6890210129016245
0.9082593321800232,0.4234998822212219,-2.002547264099121,-0.596078634262085,-0.6175135970115662,0.7865602374076843,5.668256759643555,0.23057472705841064,0.4363066554069519,0.0,0.4936232566833496,0.800000011920929,7.558594226837158,0.7498096227645874,1.8903377056121826,7.558594226837158,7.558594703674316,0.0,7.558594226837158,0.7228996662110976,0.2651251834368706,0.09974493402968324,1594.0176566319135,0.7930288672274555,0.36977064035594903,1.126577250549845,1.1364641653902325,1.6316741367974985,1.6592396186377822
0.9135074615478516,0.42678195238113403,-1.9915852546691895,-0.6007273197174072,-0.6049521565437317,0.7962617874145508,5.907742977142334,0.22710172832012177,0.43705716729164124,1.0,0.4851771891117096,0.800000011920929,7.558594226837158,0.7814894318580627,1.6508514881134033,7.558594226837158,7.558594703674316,0.0,7.558594226837158,0.718138517571743,0.24131646628141407,3.950715112652686,1597.9683717445662,0.7927510015666948,0.3703657105658389,1.1362172692589985,1.1320959333743872,1.663084097730247,1.6285092943166277
0.919927716255188,0.42943936586380005,-1.9809836149215698,-0.603421688079834,-0.5928922891616821,0.8052817583084106,8.978070259094238,0.22468693554401398,0.4367519021034241,1.0,0.47674307227134705,0.800000011920929,7.558594226837158,1.1876391172409058,-1.419475793838501,7.558594226837158,7.558594703674316,0.0,7.558594226837158,0.7138998675070847,0.0,3.964407800411088,1601.9327795449772,0.7928640414782322,0.370123682115845,1.146306484192528,1.126436936636016,1.693224427641639,1.597368947094296
0.9158985018730164,0.41182345151901245,-1.9704257249832153,-0.6067283153533936,-0.5804538130760193,0.8142932057380676,7.136808395385742,0.22395391762256622,0.4225534498691559,0.0,0.47674307227134705,0.800000011920929,7.558594226837158,0.9440729022026062,0.4217860698699951,7.558594226837158,7.558594703674316,0.0,7.558594226837158,0.708381605532904,0.11853545987844472,0.12718177526612906,1602.0599613202432,0.7980392181979092,0.3588293488401386,1.155362924533041,1.1159965573492827,1.7179578597294929,1.5663636602936508
0.9217156171798706,0.4151110351085663,-1.9596996307373047,-0.6104959845542908,-0.5679514408111572,0.8230620622634888,6.23380708694458,0.22070862352848053,0.42315974831581116,1.0,0.4683213233947754,0.800000011920929,7.558594226837158,0.8246219158172607,1.3247873783111572,7.558594226837158,7.558594703674316,0.0,7.558594226837158,0.7035896053592824,0.20888738221883776,3.9523458695001925,1606.0123071897435,0.7978214627347103,0.35931310342643574,1.1650449833570242,1.1110555797679784,1.7468122490198688,1.5347085329365011
0.9270137548446655,0.4182620346546173,-1.9484260082244873,-0.6144917607307434,-0.5553228259086609,0.8316348791122437,5.881717681884766,0.21730050444602966,0.423845499753952,1.0,0.4599122703075409,0.800000011920929,7.558594226837158,0.778046727180481,1.6768767833709717,7.558594226837158,7.558594703674316,0.0,7.558594226837158,0.6994484004669212,0.24420229429960255,3.9442253778838037,1609.9565325676274,0.7975748789383208,0.35986011467043444,1.1743234990587386,1.1064301507503913,1.7749713432766627,1.5024244520287138
0.9219675064086914,0.40049728751182556,-1.9370625019073486,-0.6181395053863525,-0.5421404838562012,0.8402878642082214,5.909600734710693,0.21622873842716217,0.40980058908462524,0.0,0.4599122703075409,0.800000011920929,7.558594226837158,0.7817351818084717,1.648993730545044,7.558594226837158,7.558594703674316,0.0,7.558594226837158,0.6939860945996069,0.2415410859560967,0.10540575034616868,1610.0619383179735,0.802550207297612,0.34862310641586813,1.1831171949709243,1.0960942290142655,1.7985647318301943,1.4692363858049964
0.9274381995201111,0.4028492867946625,-1.9254956245422363,-0.6219143271446228,-0.5287629961967468,0.8487695455551147,7.435248374938965,0.2127961814403534,0.4097784161567688,1.0,0.4515162706375122,0.800000011920929,7.558594226837158,0.9835512042045593,0.12334608286619186,7.558594226837158,7.558594703674316,0.0,7.558594226837158,0.6891635152002523,0.08910174588918689,3.970060219891655,1614.031998537865,0.8025580616679245,0.34860533428770313,1.1930148511191254,1.0905181716406913,1.8263601941375807,1.4346911024243545
0.9230608940124512,0.38490429520606995,-1.914636492729187,-0.6240578889846802,-0.5157665610313416,0.8567291498184204,6.277550220489502,0.21247202157974243,0.39506393671035767,0.0,0.4515162706375122,0.800000011920929,7.558594226837158,0.8304083347320557,1.2810442447662354,7.558594226837158,7.558594703674316,0.0,7.558594226837158,0.6829546682729101,0.20490544643163683,0.11288005650793827,1614.144878594373,0.8076004585814301,0.33675877485175715,1.202181180774166,1.0790601464866338,1.8484627281820079,1.4008495619163197
0.9297869205474854,0.38682204484939575,-1.9037848711013794,-0.6261964440345764,-0.5026516318321228,0.8644890785217285,8.788874626159668,0.20978400111198425,0.3942510783672333,1.0,0.44313356280326843,0.800000011920929,7.558594226837158,1.162611961364746,-1.2302801609039307,7.558594226837158,7.558594703674316,0.0,7.558594226837158,0.6773665642574989,0.0,3.962354169823772,1618.1072327641969,0.8078739858650894,0.3361022363951802,1.212646017127122,1.0720882690084506,1.8745889080765832,1.3657576520167272
0.9362910985946655,0.38865718245506287,-1.8927114009857178,-0.6286324858665466,-0.4892558753490448,0.8721402883529663,6.797886848449707,0.20685209333896637,0.39345794916152954,1.0,0.43476447463035583,0.800000011920929,7.558594226837158,0.8992395997047424,0.7607076168060303,7.558594226837158,7.558594703674316,0.0,7.558594226837158,0.6723286579506437,0.15297513062238696,3.9542357180316685,1622.0614684822285,0.8081402328795048,0.33546133777802645,1.2230427567082596,1.0651457977191943,1.900162762191669,1.3299984684817328
0.9308502674102783,0.37129807472229004,-1.881371021270752,-0.6313762664794922,-0.4758499562740326,0.8795264959335327,6.599984645843506,0.20600679516792297,0.37954095005989075,0.0,0.43476447463035583,0.800000011920929,7.558594226837158,0.8730607032775879,0.9586098194122314,7.558594226837158,7.558594703674316,0.0,7.558594226837158,0.6659725839791766,0.1728374776721001,0.11960590952451185,1622.181074391753,0.8127304140302835,0.3241823360026762,1.2315932821690154,1.0543048177530872,1.92030555045996,1.295180489971122
0.9369502067565918,0.3728366196155548,-1.8697800636291504,-0.6339402198791504,-0.46204236149787903,0.8868578672409058,6.848599433898926,0.20286230742931366,0.37871694564819336,1.0,0.42640912532806396,0.800000011920929,7.558594226837158,0.9059479832649231,0.7099950313568115,7.558594226837158,7.558594703674316,0.0,7.558594226837158,0.6602493887399696,0.14805999978780748,3.952599457057193,1626.1336738488103,0.8129973014313392,0.32351253147691317,1.2418581312401433,1.0472780394754773,1.9447446197725513,1.2580583893313326
0.9428949952125549,0.37408211827278137,-1.8578940629959106,-0.6364903450012207,-0.4480188190937042,0.894024133682251,5.932908058166504,0.1996631771326065,0.37769100069999695,1.0,0.4180677533149719,0.800000011920929,7.558594226837158,0.7848182916641235,1.6256864070892334,7.558594226837158,7.558594703674316,0.0,7.558594226837158,0.655056186647782,0.23969822139501576,3.933961636211757,1630.067635485022,0.8133287397987047,0.3226783270105199,1.2520917357957886,1.0400896566330522,1.968572299993296,1.2201255087063811
0.9368265271186829,0.3560808598995209,-1.8458828926086426,-0.6389040350914001,-0.43381744623184204,0.9010007977485657,7.495224475860596,0.19884873926639557,0.3632279336452484,0.0,0.4180677533149719,0.800000011920929,7.558594226837158,0.9914849996566772,0.063369981944561,7.558594226837158,7.558594703674316,0.0,7.558594226837158,0.6484206916102798,0.08359060514211658,0.13712394591357263,1630.2047594309356,0.8179104485277492,0.3108817322575313,1.260842331898018,1.0284949267447514,1.9875154538316395,1.182618269745741
0.9436560869216919,0.3566551208496094,-1.8344533443450928,-0.6402794122695923,-0.4197157323360443,0.9076555967330933,5.907548904418945,0.19614820182323456,0.3613547384738922,1.0,0.40974050760269165,0.800000011920929,7.558594226837158,0.7814637422561646,1.651045560836792,7.558594226837158,7.558594703674316,0.0,7.558594226837158,0.6422954104781261,0.24238844881773,3.9308539706773193,1634.135613401613,0.818491363143937,0.30934906216499297,1.2716194867685562,1.0199243611859914,2.0100440811366744,1.1436234163723942
0.9503352642059326,0.35721632838249207,-1.8228785991668701,-0.6419389247894287,-0.40536776185035706,0.9141536951065063,7.437694549560547,0.1932086944580078,0.35954591631889343,1.0,0.4014275074005127,0.800000011920929,7.558594226837158,0.9838747978210449,0.12089990824460983,7.558594226837158,7.558594703674316,0.0,7.558594226837158,0.6366286297344825,0.08949943136930469,3.9579087413684517,1638.0935221429816,0.8190496024363201,0.3078680525619835,1.2823513869495462,1.011351855520146,2.031859481992917,1.104124115369097
0.9445422887802124,0.339203804731369,-1.811303734779358,-0.6435953974723816,-0.3909192979335785,0.9204249382019043,8.529251098632812,0.1926293969154358,0.34477609395980835,0.0,0.4014275074005127,0.800000011920929,7.558594226837158,1.1282683610916138,-0.9706566333770752,7.558594226837158,7.558594703674316,0.0,7.558594226837158,0.6294517084696281,0.0,0.13870279490910012,1638.2322249378906,0.8235072117935555,0.2957377334149152,1.2913989411588425,0.9987422058155999,2.0488258213396464,1.065538591981172
0.950783371925354,0.3398739695549011,-1.7993377447128296,-0.6453076601028442,-0.37656402587890625,0.9263905882835388,6.465507507324219,0.18951018154621124,0.3433116376399994,1.0,0.39312881231307983,0.800000011920929,7.558594226837158,0.8552717566490173,1.0930869579315186,7.558594226837158,7.558594703674316,0.0,7.558594226837158,0.6228997365347669,0.18675187391996387,3.9370976038373477,1642.169322541728,0.8239394543016206,0.29453139359898867,1.3016400658228644,0.9904746924060763,2.068881088417893,1.0256660522052083
0.9569347500801086,0.34006792306900024,-1.787086009979248,-0.6468639969825745,-0.36194294691085815,0.9322002530097961,6.176286697387695,0.18641404807567596,0.34145262837409973,1.0,0.3848445415496826,0.800000011920929,7.558594226837158,0.8170129656791687,1.382307767868042,7.558594226837158,7.558594703674316,0.0,7.558594226837158,0.6168391459589402,0.21576602446317678,3.930061165894124,1646.099383707622,0.8244855988722327,0.2929992255550208,1.311963161339191,0.9818124505885613,2.088360790169398,0.9847889818976729
0.9498951435089111,0.32202279567718506,-1.7745553255081177,-0.6483874917030334,-0.3472069501876831,0.9377885460853577,7.584673881530762,0.18574167788028717,0.32684972882270813,0.0,0.3848445415496826,0.800000011920929,7.558594226837158,1.0033175945281982,-0.026079421862959862,7.558594226837158,7.558594703674316,0.0,7.558594226837158,0.6092602149163863,0.07503672884702686,0.14064899000191042,1646.240032697624,0.8286762381050299,0.2809285308210979,1.320415331544141,0.9694317291284464,2.103206688489855,0.9446868928791112
0.9557803273200989,0.3217817544937134,-1.7618825435638428,-0.6497085094451904,-0.3322889506816864,0.9431776404380798,6.289042949676514,0.18262015283107758,0.32474976778030396,1.0,0.37657466530799866,0.800000011920929,7.558594226837158,0.8319286108016968,1.2695515155792236,7.558594226837158,7.558594703674316,0.0,7.558594226837158,0.6022467190496007,0.20462474159955982,3.929539702055703,1650.1695723996797,0.8292643549712237,0.2791877136443682,1.3306739551155264,0.9603966105059483,2.1212797070839198,0.902561788834941
0.9631250500679016,0.32004451751708984,-1.7500842809677124,-0.6492903232574463,-0.3172043561935425,0.9483572244644165,7.7499775886535645,0.18040414154529572,0.3208184540271759,1.0,0.36831921339035034,0.800000011920929,7.558594226837158,1.0251842737197876,-0.19138312339782715,7.558594226837158,7.558594703674316,0.0,7.558594226837158,0.5954440460698864,0.05863393512487414,3.9550252239821253,1654.1245976236619,0.8303554371992381,0.2759254852995828,1.3419780982414637,0.9489360006146872,2.1391167904889294,0.8589493789970406
0.9562286734580994,0.30153948068618774,-1.737823247909546,-0.6497754454612732,-0.3021756112575531,0.9532522559165955,6.6520819664001465,0.18014076352119446,0.30547231435775757,0.0,0.36831921339035034,0.800000011920929,7.558594226837158,0.8799522519111633,0.9065124988555908,7.558594226837158,7.558594703674316,0.0,7.558594226837158,0.5869985047686495,0.16843849869489674,0.12388247841837949,1654.2484801020803,0.8344918607859808,0.2631506943047584,1.3507396345415503,0.9351863303315049,2.1520171167836057,0.8173406784090351
0.9626188278198242,0.30065837502479553,-1.7254266738891602,-0.6503713130950928,-0.2870043218135834,0.9579293131828308,7.753746509552002,0.17718704044818878,0.302733451128006,1.0,0.36007821559906006,0.800000011920929,7.558594226837158,1.025682806968689,-0.19515204429626465,7.558594226837158,7.558594703674316,0.0,7.558594226837158,0.5791029162966678,0.05835291946172717,3.952594563130864,1658.201074665211,0.8352095939194584,0.26086415954609143,1.3612396350895712,0.9249088499826693,2.1678003755792465,0.7740176182644989
0.9686490893363953,0.2997848391532898,-1.7126654386520386,-0.6509437561035156,-0.27194854617118835,0.9623118042945862,6.720754146575928,0.17417173087596893,0.30013808608055115,1.0,0.35185158252716064,0.800000011920929,7.558594226837158,0.8890363574028015,0.8378403186798096,7.558594226837158,7.558594703674316,0.0,7.558594226837158,0.5717137003035611,0.16166693096876145,3.932072813748955,1662.13314747896,0.8358837454669857,0.2586955797149617,1.371353885404442,0.9149314951575531,2.182552377002131,0.7306698709029271
0.9605602025985718,0.2814772129058838,-1.6996252536773682,-0.651341438293457,-0.25670769810676575,0.9664890766143799,6.631634712219238,0.1737663596868515,0.28505417704582214,0.0,0.35185158252716064,0.800000011920929,7.558594226837158,0.8772473931312561,0.926959753036499,7.558594226837158,7.558594703674316,0.0,7.558594226837158,0.562697144665413,0.17065562915563587,0.12428049006982217,1662.2574279690298,0.8396905701940571,0.24605824079997501,1.3795581832759916,0.9014002857963267,2.1930940078612156,0.6879950619437166
0.9671685695648193,0.2795565724372864,-1.6871676445007324,-0.6508732438087463,-0.2413555532693863,0.9704367518424988,6.491987228393555,0.1711757481098175,0.28137755393981934,1.0,0.3436392843723297,0.800000011920929,7.558594226837158,0.8587745428085327,1.0666072368621826,7.558594226837158,7.558594703674316,0.0,7.558594226837158,0.5541221991223559,0.18470247945547108,3.925066978259912,1666.1824949472898,0.8405895513495247,0.24296937803243854,1.390142287951292,0.8898043305813335,2.20658326858985,0.6431317331269016
0.9736480116844177,0.27762624621391296,-1.6745710372924805,-0.6506220698356628,-0.22582368552684784,0.9741681814193726,7.626057147979736,0.1683877557516098,0.2777688503265381,1.0,0.3354412019252777,0.800000011920929,7.558594226837158,1.0087918043136597,-0.06746269017457962,7.558594226837158,7.558594703674316,0.0,7.558594226837158,0.5459443036822768,0.07138596826314929,3.945250593865867,1670.1277455411557,0.8414609183633435,0.23993438720200871,1.4006498929817295,0.8781672929046591,2.2191870474262196,0.5979866875441752
0.9801586270332336,0.2756236791610718,-1.6619735956192017,-0.6503674983978271,-0.21023406088352203,0.977651059627533,8.491920471191406,0.1655326932668686,0.27412402629852295,1.0,0.32725727558135986,0.800000011920929,7.558594226837158,1.1233301162719727,-0.933326005935669,7.558594226837158,7.558594703674316,0.0,7.558594226837158,0.5381065589266029,0.0,3.943075143587418,1674.0708206847432,0.8423298258022104,0.23686579098775717,1.4110899954253469,0.8663626329670839,2.230877114032466,0.5526995660053207
0.9717150926589966,0.2573710083961487,-1.649014949798584,-0.650050699710846,-0.1948646903038025,0.9808301329612732,6.915944576263428,0.16526377201080322,0.25891736149787903,0.0,0.32725727558135986,0.800000011920929,7.558594226837158,0.9148565530776978,0.6426498889923096,7.558594226837158,7.558594703674316,0.0,7.558594226837158,0.5285520721316092,0.14241966200590137,0.1307084098589549,1674.2015290946022,0.8458343067831576,0.22402982992189846,1.4191019612965339,0.8520167196273019,2.238292596211966,0.5091515499515844
0.9775315523147583,0.25537002086639404,-1.6357923746109009,-0.6495985984802246,-0.17945334315299988,0.983766496181488,6.7591094970703125,0.16234293580055237,0.25552889704704285,1.0,0.3190873861312866,0.800000011920929,7.558594226837158,0.8941100835800171,0.7994849681854248,7.558594226837158,7.558594703674316,0.0,7.558594226837158,0.5195240108889657,0.15816821325063707,3.9244594569023463,1678.1259885515044,0.8465885491084968,0.22116253905902522,1.428937975727331,0.8405950966308218,2.2481115271155057,0.4637376347013834
0.9832828044891357,0.2531520128250122,-1.6224416494369507,-0.6490439772605896,-0.16395428776741028,0.9864679574966431,7.71396541595459,0.15940260887145996,0.251983642578125,1.0,0.31093135476112366,0.800000011920929,7.558594226837158,1.0204205513000488,-0.15537095069885254,7.558594226837158,7.558594703674316,0.0,7.558594226837158,0.510929046846832,0.06275707479238513,3.9409243257970665,1682.0669128773015,0.8473672176002068,0.21815973444957446,1.4387188008941627,0.8289408453657834,2.257056285147019,0.4179710214805121
0.975257158279419,0.23381885886192322,-1.6100963354110718,-0.647266685962677,-0.14816848933696747,0.9889621138572693,6.570714473724365,0.15977780520915985,0.23530951142311096,0.0,0.31093135476112366,0.800000011920929,7.558594226837158,0.8691887259483337,0.9878799915313721,7.558594226837158,7.558594703674316,0.0,7.558594226837158,0.5003358235713369,0.1770993310904503,0.12479280434087958,1682.1917056816424,0.8508869699053305,0.20400096266666579,1.447256219734916,0.8122572455659199,2.2625389287066304,0.37249290816713987
0.9816003441810608,0.2311626672744751,-1.597338080406189,-0.6460239291191101,-0.13271299004554749,0.9911544919013977,7.682847023010254,0.15708154439926147,0.23128168284893036,1.0,0.30278903245925903,0.800000011920929,7.558594226837158,1.0163041353225708,-0.1242525652050972,7.558594226837158,7.558594703674316,0.0,7.558594226837158,0.4902493888455856,0.06597183329343798,3.937923470162253,1686.1296291518047,0.8517018607553231,0.20057213055606393,1.4571451843624166,0.7995307754128296,2.269913452697446,0.326555218060935
0.9876981973648071,0.2282560169696808,-1.5842876434326172,-0.6446927189826965,-0.11716965585947037,0.9931119084358215,7.025646686553955,0.15435096621513367,0.22711186110973358,1.0,0.2946602702140808,0.800000011920929,7.558594226837158,0.9293681979179382,0.5329477787017822,7.558594226837158,7.558594703674316,0.0,7.558594226837158,0.48057897418677753,0.13171089611768724,3.92390466894482,1690.0535338207494,0.8525306527755651,0.1970189433040685,1.4668940406518978,0.78667596192796,2.276393002031198,0.2802029517286397
0.9779229164123535,0.210038423538208,-1.5708668231964111,-0.6431832909584045,-0.10174860060214996,0.994810163974762,6.790836334228516,0.15436773002147675,0.2115660160779953,0.0,0.2946602702140808,0.800000011920929,7.558594226837158,0.8983069658279419,0.7677581310272217,7.558594226837158,7.558594703674316,0.0,7.558594226837158,0.46912821335489596,0.15525039254903794,0.1297884569905201,1690.18332227774,0.8554903772963783,0.18374232090619919,1.474256678454647,0.771425790741096,2.2790432710562527,0.23537223458162979
0.9833139777183533,0.2072560042142868,-1.5572307109832764,-0.6416311860084534,-0.08650623261928558,0.9962512850761414,7.918551445007324,0.15156958997249603,0.2077323943376541,1.0,0.2865448594093323,0.800000011920929,7.558594226837158,1.0474836826324463,-0.3599569797515869,7.558594226837158,7.558594703674316,0.0,7.558594226837158,0.45829423148426873,0.04255143129110338,3.936041509409335,1694.1193637871493,0.856188428068449,0.18046139654562543,1.4836110772779427,0.7588527807387617,2.283675918269964,0.1892536007280215
0.9884328842163086,0.20422472059726715,-1.5432937145233154,-0.6398530602455139,-0.0712902620434761,0.9974555969238281,7.034909248352051,0.14880062639713287,0.20374763011932373,1.0,0.2784425914287567,0.800000011920929,7.558594226837158,0.9305934906005859,0.5236852169036865,7.558594226837158,7.558594703674316,0.0,7.558594226837158,0.44797121767736897,0.1309205378699303,3.919787865246712,1698.039151652396,0.856900765016352,0.17704825081735587,1.493646650613966,0.7453704708219024,2.287430518980667,0.14289121457583498
0.9943646192550659,0.20028728246688843,-1.5300859212875366,-0.6372756958007812,-0.055949803441762924,0.9984335899353027,7.043175220489502,0.14642278850078583,0.19876286387443542,1.0,0.2703532576560974,0.800000011920929,7.558594226837158,0.9316869378089905,0.5154192447662354,7.558594226837158,7.558594703674316,0.0,7.558594226837158,0.4379010833371555,0.13015184610128405,3.9184234619605496,1701.9575751143566,0.857772585347028,0.17277462404532626,1.5042192943443404,0.7109937973513263,2.290558528065254,0.09588866996254586
0.9839639067649841,0.1825675517320633,-1.516672134399414,-0.6351649761199951,-0.040841829031705856,0.9991656541824341,8.583173751831055,0.14651675522327423,0.1834566742181778,0.0,0.2703532576560974,0.800000011920929,7.558594226837158,1.1354013681411743,-1.0245792865753174,7.558594226837158,7.558594703674316,0.0,7.558594226837158,0.4260198109225929,0.0,0.14478752093807556,1702.1023626352946,0.860316497330122,0.15962564191482986,1.5114709257908152,0.6763045523893148,2.2900087383909327,0.05148396542678827
0.9892452955245972,0.17922496795654297,-1.5029845237731934,-0.6327984929084778,-0.02583172172307968,0.9996663331985474,7.015585899353027,0.14385142922401428,0.17922931909561157,1.0,0.26227661967277527,0.800000011920929,7.558594226837158,0.9280373454093933,0.54300856590271,7.558594226837158,7.558594703674316,0.0,7.558594226837158,0.4146976702928915,0.13296818770170213,3.9150641172316365,1706.0174267525263,0.8609837117592172,0.15598736206681144,1.520157466973299,0.6391148291118603,2.2913204812938184,0.0053837660566926
0.9943996667861938,0.17566770315170288,-1.4891602993011475,-0.6302404403686523,-0.010846182703971863,0.9999411702156067,7.893775463104248,0.14120657742023468,0.17485302686691284,1.0,0.2542124092578888,0.800000011920929,7.558594226837158,1.0442062616348267,-0.33518099784851074,7.558594226837158,7.558594703674316,0.0,7.558594226837158,0.40383431979126716,0.045208296172618886,3.9285546461557335,1709.945981398682,0.8616581214270252,0.15221798814017876,1.5279948162706112,0.6016024350801881,2.291784636971702,-0.040821320309517184
0.9992468953132629,0.17225122451782227,-1.4750635623931885,-0.6276084780693054,0.003877973882481456,0.9999924898147583,7.521545886993408,0.13851071894168854,0.17070341110229492,1.0,0.2461603879928589,0.800000011920929,7.558594226837158,0.9949668645858765,0.037048570811748505,7.558594226837158,7.558594703674316,0.0,7.558594226837158,0.3934163671226276,0.0824376272559166,3.921911148992978,1713.867892547675,0.8622822529414429,0.1486411264525013,1.534790648308166,0.5641822357234574,2.291373425387717,-0.08653601097457239
1.0038732290267944,0.16871234774589539,-1.4607605934143066,-0.6247424483299255,0.018452227115631104,0.9998297691345215,7.394389629364014,0.13584712147712708,0.16650541126728058,1.0,0.23812028765678406,0.800000011920929,7.558594226837158,0.9781463146209717,0.16420483589172363,7.558594226837158,7.558594703674316,0.0,7.558594226837158,0.3833771648797483,0.09518196026563647,3.9178425000366306,1717.7857350477116,0.8628986875946733,0.1450199872035975,1.5406623033765972,0.526568322671247,2.29013833373278,-0.13214204429819185
0.9922334551811218,0.15138737857341766,-1.4468910694122314,-0.6214638352394104,0.03287851810455322,0.9994593262672424,8.027196884155273,0.1361842304468155,0.1514047235250473,0.0,0.23812028765678406,0.800000011920929,7.558594226837158,1.061855435371399,-0.46860241889953613,7.558594226837158,7.558594703674316,0.0,7.558594226837158,0.371435979091192,0.031937571408748644,0.1513155754386918,1717.9370506231503,0.8649901651622811,0.13197355422691096,1.5438825681024713,0.49108882744186566,2.2858602269199593,-0.1759053442946522
0.9971790313720703,0.1476622372865677,-1.4330273866653442,-0.6181876063346863,0.04729776456952095,0.9988808631896973,8.383797645568848,0.13362112641334534,0.1470116376876831,1.0,0.23009179532527924,0.800000011920929,7.558594226837158,1.10902738571167,-0.8252031803131104,7.558594226837158,7.558594703674316,0.0,7.558594226837158,0.3599922655324286,0.0,3.9209147252583554,1721.8579653484087,0.8655615529012812,0.12817234125003915,1.5483441379601264,0.4535253115869791,2.283225748989505,-0.22109375317856722
1.0019516944885254,0.14373897016048431,-1.4189915657043457,-0.6147571206092834,0.06171196326613426,0.9980940222740173,7.540907382965088,0.13105487823486328,0.1424867957830429,1.0,0.22207462787628174,0.800000011920929,7.558594226837158,0.9975280165672302,0.017687076702713966,7.558594226837158,7.558594703674316,0.0,7.558594226837158,0.3489555312252411,0.0805648897147179,3.9162897444129583,1725.7742550928217,0.8661326857731049,0.12425449915786516,1.5519726601647028,0.41568792075713534,2.2797651930431675,-0.26638576298329336
1.0062966346740723,0.14006929099559784,-1.4045854806900024,-0.6111976504325867,0.0757155641913414,0.9971294403076172,7.59588098526001,0.12845225632190704,0.138304203748703,1.0,0.21406850218772888,0.800000011920929,7.558594226837158,1.0048000812530518,-0.03728652745485306,7.558594226837158,7.558594703674316,0.0,7.558594226837158,0.3383447424456548,0.0750950750422478,3.915772517391067,1729.6900276102128,0.866644808598573,0.12063072988648367,1.5545363835353043,0.3781217249986402,2.275560698325793,-0.31091092929833863
0.993995189666748,0.12299337238073349,-1.3907263278961182,-0.6070536971092224,0.08975762128829956,0.9959636330604553,7.50073766708374,0.12899363040924072,0.12311062961816788,0.0,0.21406850218772888,0.800000011920929,7.558594226837158,0.9922143220901489,0.05785679072141647,7.558594226837158,7.558594703674316,0.0,7.558594226837158,0.32578030272551334,0.08463365400075915,0.14587935961594128,1729.8359069698288,0.8683774821016541,0.10744991625160692,1.5548388893910645,0.34227750423367664,2.2685414328916713,-0.3541719464431423
0.9985673427581787,0.11882015317678452,-1.3766790628433228,-0.6029691696166992,0.10377510637044907,0.994600772857666,7.518664360046387,0.1265418976545334,0.11843375861644745,1.0,0.2060730755329132,0.800000011920929,7.558594226837158,0.9945856928825378,0.03993009775876999,7.558594226837158,7.558594703674316,0.0,7.558594226837158,0.31369857667897366,0.08287094044446947,3.9113199097311235,1733.74722687956,0.868870500068629,0.10338746440450962,1.5560967125940837,0.3043768657386173,2.262968006352383,-0.3988065454303993
1.0028321743011475,0.11511194705963135,-1.36234450340271,-0.5990232229232788,0.11743494123220444,0.9930805563926697,8.117816925048828,0.12393534928560257,0.1142866462469101,1.0,0.19808802008628845,0.800000011920929,7.558594226837158,1.0738428831100464,-0.5592224597930908,7.558594226837158,7.558594703674316,0.0,7.558594226837158,0.30215185240755416,0.02298456408262254,3.9153759213139536,1737.6626028008739,0.8692917857617469,0.09978328841384393,1.5563781351290533,0.2670683032614217,2.25670283897909,-0.44243462657585453
1.006907343864441,0.11129025369882584,-1.347878098487854,-0.5947417616844177,0.13083545863628387,0.991404116153717,7.687946796417236,0.12141314148902893,0.11008001118898392,1.0,0.19011302292346954,0.800000011920929,7.558594226837158,1.0169787406921387,-0.12935233116149902,7.558594226837158,7.558594703674316,0.0,7.558594226837158,0.2910610348029247,0.06596450793027879,3.9111603058732265,1741.573763106747,0.8697039242265345,0.09612561239661137,1.5558140889171637,0.22976230550680898,2.24980870836463,-0.48573105756444523
1.0108309984207153,0.10766466706991196,-1.3332808017730713,-0.5904302000999451,0.1439751535654068,0.989581286907196,8.130497932434082,0.11883363872766495,0.10611099004745483,1.0,0.18214774131774902,0.800000011920929,7.558594226837158,1.075520396232605,-0.5719034671783447,7.558594226837158,7.558594703674316,0.0,7.558594226837158,0.2804203933205127,0.02172811752080919,3.912153883479127,1745.485916990226,0.8700786053280463,0.09267297424892484,1.5544229105272278,0.19283643161152117,2.2423220219872757,-0.5283048820627105
0.9975636601448059,0.09109093993902206,-1.3192949295043945,-0.5852410793304443,0.15731492638587952,0.9875484704971313,7.869544982910156,0.11957050859928131,0.09106087684631348,0.0,0.18214774131774902,0.800000011920929,7.558594226837158,1.0410009622573853,-0.31095051765441895,7.558594226837158,7.558594703674316,0.0,7.558594226837158,0.26776540863204035,0.047815582597255726,0.15180499377089748,1745.637721983997,0.8713747590151928,0.07956820417271385,1.5511142763768582,0.15702111297112906,2.2322011094527796,-0.5703750260025463
1.0017831325531006,0.08654993027448654,-1.305167317390442,-0.5802462100982666,0.17066799104213715,0.9853286147117615,7.728890895843506,0.117228202521801,0.0861818790435791,1.0,0.17419181764125824,0.800000011920929,7.558594226837158,1.0223948955535889,-0.17029643058776855,7.558594226837158,7.558594703674316,0.0,7.558594226837158,0.255532307388808,0.06188881860494615,3.907090771518417,1749.5448127555153,0.8717526321880354,0.07531583208479431,1.5485595345996581,0.11940036402885529,2.2233322464912426,-0.6136461018301839
1.0057719945907593,0.08239130675792694,-1.2908302545547485,-0.5752934813499451,0.1836489886045456,0.9829918742179871,8.170494079589844,0.11478707939386368,0.08173596858978271,1.0,0.16624487936496735,0.800000011920929,7.558594226837158,1.0808111429214478,-0.6118996143341064,7.558594226837158,7.580047607421875,0.02383650653064251,7.558594226837158,0.243762972893762,0.01774476677656175,3.907375905020863,1753.4521886605362,0.8720788249624376,0.07143937093916969,1.5451562647552008,0.0823921337416419,2.2139302950039896,-0.6559187570737844
1.0094572305679321,0.07876648008823395,-1.2762136459350586,-0.570364773273468,0.1961161196231842,0.9805806875228882,7.934790134429932,0.11224984377622604,0.07787076383829117,1.0,0.15830659866333008,0.800000011920929,7.558594226837158,1.0496317148208618,-0.37619566917419434,7.558594226837158,7.6377854347229,0.06415414810180664,7.558594226837158,0.23252788969178215,0.04130493164777757,3.90571775765591,1757.3579064181922,0.8723483765403085,0.0680680611621172,1.5409062376551745,0.04617360396724424,2.2041655971863263,-0.6968664670951018
1.0137580633163452,0.07377435266971588,-1.2623800039291382,-0.5645467042922974,0.20884226262569427,0.977949321269989,8.08327579498291,0.11014597117900848,0.07264506816864014,1.0,0.1503765732049942,0.800000011920929,7.558594226837158,1.0692737102508545,-0.5246813297271729,7.558594226837158,7.733014106750488,0.10580979287624359,7.558594226837158,0.2214615680435582,0.026460278184413925,3.9043999759805796,1761.2623063941728,0.8726921737957688,0.06350855217945275,1.536295560163112,0.009070137211700746,2.193732493728759,-0.7389036691566906
0.999770998954773,0.058128722012043,-1.248422622680664,-0.5588938593864441,0.2215772122144699,0.9751428365707397,7.776429176330566,0.11084405332803726,0.0580766536295414,0.0,0.1503765732049942,0.800000011920929,7.558594226837158,1.0286834239959717,-0.2178347110748291,7.558594226837158,7.733014106750488,0.10580979287624359,7.558594226837158,0.20846450532827335,0.05713994350194933,0.15131732493671765,1761.4136237191096,0.8735248051269257,0.05078850758487638,1.5296812260416373,-0.025879828989039344,2.180763191651809,-0.7792014607798486
1.0035291910171509,0.054469142109155655,-1.2340260744094849,-0.553682804107666,0.23372116684913635,0.9723036885261536,8.195751190185547,0.10829055309295654,0.05422437936067581,1.0,0.14245446026325226,0.800000011920929,7.558594226837158,1.0841522216796875,-0.6371567249298096,7.558594226837158,7.86807107925415,0.1500621885061264,7.558594226837158,0.19613769512284512,0.015221156365871444,3.900888057952832,1765.3145117770625,0.8737139285181338,0.04742307455111372,1.5235643978744242,-0.06142515379099378,2.169370522092311,-0.8190466436937369
1.0072523355484009,0.05040282383561134,-1.2197329998016357,-0.5479046106338501,0.24562744796276093,0.9693642854690552,7.867208480834961,0.10594947636127472,0.0499982088804245,1.0,0.13453984260559082,0.800000011920929,7.558594226837158,1.04069185256958,-0.30861401557922363,7.558594226837158,8.059170722961426,0.21233320236206055,7.558594226837158,0.18431722243475115,0.048063682229518914,3.8989093559725707,1769.2134211330351,0.8739065978059216,0.043730214256190475,1.5168260121783224,-0.09707461064895484,2.1575960030888575,-0.858722167742989
1.0111545324325562,0.045559436082839966,-1.2057632207870483,-0.541569709777832,0.25760629773139954,0.966249942779541,8.454380989074707,0.10383793711662292,0.045026395469903946,1.0,0.12663234770298004,0.800000011920929,7.558594226837158,1.1183643341064453,-0.8957865238189697,7.558594226837158,8.313694953918457,0.2828044295310974,7.558594226837158,0.1727748760951801,0.0,3.8948675681540497,1773.1082887011892,0.8741130979185763,0.03938477495468268,1.509537707182499,-0.13318162830109576,2.1451914839198816,-0.8988693533135537
1.01484215259552,0.041527993977069855,-1.1915291547775269,-0.5354974269866943,0.2690361738204956,0.9631300568580627,7.931876182556152,0.1015344113111496,0.04089782387018204,1.0,0.11873158812522888,0.800000011920929,7.558594226837158,1.0492463111877441,-0.37328171730041504,7.558594226837158,8.651933670043945,0.37582138180732727,7.558594226837158,0.16166503969443835,0.04160487954854967,3.896051416007613,1777.0043401171968,0.8742682882988533,0.03577562425938913,1.5016104928190097,-0.16809323070970922,2.132633876909743,-0.9373655440835975
0.9999723434448242,0.027346378192305565,-1.177444338798523,-0.5291783809661865,0.2804660201072693,0.9598639607429504,8.175753593444824,0.10226891189813614,0.027340320870280266,0.0,0.11873158812522888,0.800000011920929,7.558594226837158,1.0815068483352661,-0.6171591281890869,7.558594226837158,8.651933670043945,0.37582138180732727,7.558594226837158,0.14881488873968646,0.017221225888729107,0.15283624880209137,1777.1571763659988,0.8746730526573314,0.023919801594763646,1.4920471353611116,-0.20124208573225993,2.117897832768966,-0.9745160391423053
1.0036429166793823,0.023049041628837585,-1.163366436958313,-0.5227645039558411,0.29180699586868286,0.9564772248268127,8.245613098144531,0.10002317279577255,0.022961344569921494,1.0,0.11083716154098511,0.800000011920929,7.558594226837158,1.0907480716705322,-0.687018632888794,7.558594226837158,9.087373733520508,0.48382246494293213,7.558594226837158,0.13649000642355175,0.010224730203151719,3.89242889248507,1781.0496052584838,0.8747693601383875,0.020089373553996953,1.483009593454059,-0.23603895969912334,2.104361176685184,-1.0126842979586295
1.0073543787002563,0.01846029795706272,-1.149407982826233,-0.5161062479019165,0.3030834197998047,0.9529640078544617,8.007475852966309,0.09785116463899612,0.018323475494980812,1.0,0.10294867306947708,0.800000011920929,7.558594226837158,1.0592467784881592,-0.4488813877105713,7.558594226837158,9.664918899536133,0.6417175531387329,7.558594226837158,0.12456937061200815,0.03402371793508531,3.89142607177887,1784.9410313302626,0.8748531323224288,0.016032141680020928,1.4734127713177154,-0.2707944893164934,2.0903229962462606,-1.050727026989903
1.0109409093856812,0.014427817426621914,-1.1353049278259277,-0.5095167756080627,0.3138512372970581,0.949472188949585,8.217733383178711,0.09559037536382675,0.014270704239606857,1.0,0.09506571292877197,0.800000011920929,7.773121356964111,1.0570626258850098,-0.4446120262145996,7.773122787475586,10.437753677368164,0.8348680138587952,7.773122787475586,0.11313673511053633,0.012997516362667098,3.8940510273175257,1788.8350823575802,0.8749108979718958,0.012486431245283258,1.46332053162598,-0.3045698985259521,2.0762546849597214,-1.0873875954859713
1.0145201683044434,0.010196039453148842,-1.1212708950042725,-0.5026859045028687,0.32448628544807434,0.9458903670310974,8.052264213562012,0.09339657425880432,0.010049772448837757,1.0,0.08718787133693695,0.800000011920929,8.135981559753418,0.9895886182785034,0.08371740579605103,8.135981559753418,11.518426895141602,1.1604299545288086,8.135981559753418,0.10209627733715906,0.029531369321346302,3.8930371517198337,1792.7281195093,0.8749557953493569,0.008793399058079687,1.4527172450908423,-0.33821012791380534,2.0618412357026448,-1.1237375848127666
1.0181026458740234,0.005913839675486088,-1.1072361469268799,-0.49585434794425964,0.33508065342903137,0.9421894550323486,8.39806079864502,0.09116599708795547,0.005808621179312468,1.0,0.07931474596261978,0.800000011920929,8.510882377624512,0.9866279363632202,0.11282150447368622,7.558594226837158,11.460687637329102,-0.10580979287624359,7.558594226837158,0.09139695388067623,0.0,3.8841976332981316,1796.6123171425982,0.8749852747890698,0.005082545759387491,1.4415818251338721,-0.37159028327337806,2.0469557354820993,-1.1597496047462004
1.0024594068527222,-0.006329215131700039,-1.093083381652832,-0.4889976382255554,0.34495413303375244,0.9386195540428162,8.064706802368164,0.09184430539608002,-0.00631360337138176,0.0,0.07931474596261978,0.800000011920929,8.510882377624512,0.9474645853042603,0.4461754858493805,7.558594226837158,11.460687637329102,-0.10580979287624359,7.558594226837158,0.07921831881123458,0.028283974587917343,0.15316792255566822,1796.7654850651538,0.8749826170529941,-0.0055243917226710515,1.4292580220115783,-0.4020875787719382,2.030972164846528,-1.1928151669072373
1.005845069885254,-0.00990214478224516,-1.0789786577224731,-0.48192980885505676,0.3547035753726959,0.9349787831306458,8.208481788635254,0.08960620313882828,-0.009844284504652023,1.0,0.07144590467214584,0.800000011920929,8.909153938293457,0.9212503433227539,0.7006717324256897,7.558594226837158,11.365458488464355,-0.1500621885061264,7.558594226837158,0.06767516700531667,0.013902593553066271,3.882714604142805,1800.6481996692967,0.8749575527475457,-0.00861360750636192,1.4173949825338479,-0.4341389750924008,2.0161734428476623,-1.2268315377150039
1.009060263633728,-0.012929891236126423,-1.0646578073501587,-0.47489678859710693,0.363970547914505,0.9314104914665222,8.212719917297363,0.08729197084903717,-0.012813093140721321,1.0,0.0635809451341629,0.800000011920929,9.469593048095703,0.867181122303009,1.2568732500076294,7.558594226837158,13.040536880493164,1.7989251613616943,7.558594226837158,0.05681979376106139,0.013466271779537214,3.881016640223219,1804.5292163095198,0.8749281919116473,-0.011211151281670106,1.4051790804591573,-0.46531396520149404,2.0015599568708704,-1.259534728826949
1.012184977531433,-0.01597573049366474,-1.0503642559051514,-0.4674849808216095,0.3728469908237457,0.9278928637504578,8.221065521240234,0.08509425073862076,-0.015782099217176437,1.0,0.055719438940286636,0.800000011920929,10.10383415222168,0.8135775327682495,1.8827682733535767,7.558594226837158,13.951562881469727,0.9417796730995178,7.558594226837158,0.04657145269766875,0.012618948190212267,3.879290136607701,1808.4085064461276,0.8748910081183191,-0.013808777221249069,1.3926538010071892,-0.4961495875011103,1.9870338821697306,-1.2915920370044005
1.015225887298584,-0.018832890316843987,-1.035988211631775,-0.45999640226364136,0.381443589925766,0.9243921041488647,8.304759979248047,0.08288270980119705,-0.01854831539094448,1.0,0.047860968858003616,0.800000011920929,10.940986633300781,0.7589809894561768,2.6362266540527344,7.558594226837158,14.469871520996094,0.48288312554359436,7.558594226837158,0.036904730919824706,0.004236238458156599,3.8769313621061525,1812.2854378082338,0.8748494520307836,-0.016228836561453408,1.3798046759814329,-0.5264874847744315,1.9724856583157167,-1.3229199856398772
1.0181440114974976,-0.020976567640900612,-1.0214579105377197,-0.4524674415588379,0.3893451988697052,0.9210919141769409,8.399045944213867,0.08063586056232452,-0.020599836483597755,1.0,0.04000510647892952,0.800000011920929,11.912996292114258,0.7049729824066162,3.5139505863189697,7.558594226837158,14.70917797088623,0.15789508819580078,7.558594226837158,0.027912610844201702,0.0,3.8741514300676325,1816.1595892383016,0.8748143688221253,-0.01802359611796428,1.366872793659308,-0.5557020751502535,1.9585663731854732,-1.3525840023807283
1.001513123512268,-0.030098123475909233,-1.006725788116455,-0.4451468884944916,0.39679446816444397,0.9179074764251709,8.322408676147461,0.08116479963064194,-0.03004360757768154,0.0,0.04000510647892952,0.800000011920929,11.912996292114258,0.698540449142456,3.590587854385376,7.558594226837158,14.70917797088623,0.15789508819580078,7.558594226837158,0.01785098315300521,0.0024530831694603156,0.15170480932523944,1816.311294047627,0.8746051623575581,-0.026284220530220503,1.353074161895953,-0.5823721962946027,1.9437374617523748,-1.3797446383568728
1.0043357610702515,-0.03129526227712631,-0.9919379949569702,-0.43792393803596497,0.4041999578475952,0.9146706461906433,8.334046363830566,0.07869593054056168,-0.031150082126259804,1.0,0.03215143084526062,0.800000011920929,13.334052085876465,0.624972939491272,5.00000524520874,7.558594226837158,14.709177017211914,-0.15789508819580078,7.558594226837158,0.008724119053140003,0.0012699698805809165,3.871573545926631,1820.1828675935535,0.8745756139671739,-0.027251913535374372,1.339726206813885,-0.6102111398461906,1.930005529178295,-1.4075732816870223
1.0071901082992554,-0.03252149745821953,-0.9773861765861511,-0.43011656403541565,0.41100239753723145,0.9116342663764954,8.386940956115723,0.07645132392644882,-0.03227812051773071,1.0,0.024299513548612595,0.800000011920929,15.286934852600098,0.5485987067222595,6.899993419647217,7.558594226837158,14.469869613647461,-0.48288312554359436,7.558594226837158,0.00041726872023919136,0.0,3.86926161234981,1824.0521292059034,0.8745442276187758,-0.02823845392036578,1.3264487301341017,-0.6375937761482475,1.916916836586455,-1.434526189528218
1.0100339651107788,-0.033060863614082336,-0.9626848697662354,-0.4224981963634491,0.41734254360198975,0.9087492823600769,8.40611743927002,0.07409953325986862,-0.032720744609832764,1.0,0.01644892245531082,0.800000011920929,18.579851150512695,0.452407568693161,10.17373275756836,7.558594226837158,13.951560974121094,-0.9417796730995178,7.558594226837158,-0.007011846339853621,0.0,3.8673331117144656,1827.919462317618,0.8745316430546676,-0.028625524109241907,1.3131977697197958,-0.6639288927001149,1.9043597630827902,-1.4600379896998559
1.0128836631774902,-0.03293180838227272,-0.9477265477180481,-0.4153435230255127,0.42350587248802185,0.9058933854103088,8.364218711853027,0.04277924448251724,-0.032501474022865295,1.0,3.949374198913574,0.800000011920929,7.558594226837158,1.1064374446868896,-0.80562424659729,7.558594226837158,13.040534973144531,0.21233320236206055,7.558594226837158,-0.013517637708759035,0.0,3.8662154107232496,1831.7856777283412,0.8745379219462514,-0.028433809394834253,1.2998145433021588,-0.6893297060402599,1.8919048999767256,-1.4844314994284917
1.0183614492416382,-0.03389633819460869,-0.9329026341438293,-0.4079373776912689,0.42925599217414856,0.903182864189148,8.353514671325684,0.6336919665336609,-0.033272888511419296,1.0,61.43728256225586,0.800000011920929,7.558594226837158,1.1050214767456055,-0.7949202060699463,7.558594226837158,13.175590515136719,0.1500621885061264,7.558594226837158,-0.01943150563189992,0.0,3.86467318451314,1835.6503509128543,0.8745157331437164,-0.02910841710955331,1.286302138044783,-0.7137455529505504,1.8795386317479306,-1.5076900451982886
1.001569390296936,-0.04108266532421112,-0.9184158444404602,-0.3998383581638336,0.4347391128540039,0.9005564451217651,8.388662338256836,0.632163941860199,-0.04099530726671219,0.0,61.43728256225586,0.800000011920929,7.558594226837158,1.1096709966659546,-0.8300678730010986,7.558594226837158,13.175590515136719,0.1500621885061264,7.558594226837158,-0.026383932525751684,0.0,0.15085202398086658,1835.8012029368351,0.8742648014416303,-0.03586085500890984,1.272384553809925,-0.7374991200220886,1.8667015212774083,-1.5303554977210996
0.9915977120399475,-0.06707001477479935,-0.9039052724838257,-0.39190396666526794,0.4396248161792755,0.8981814980506897,8.400042533874512,0.6124534606933594,-0.06753545999526978,1.0,0.008599232882261276,0.800000011920929,25.65991973876953,0.32734766602516174,17.259878158569336,8.510882377624512,13.270820617675781,-1.9054484367370605,8.510882377624512,-0.03843896119709475,0.0,3.8746178671156506,1839.6758208039507,0.8730053334506412,-0.05904860025282033,1.2643885756138713,-0.771821569714204,1.8651424655364262,-1.5592752167347057
0.9813482761383057,-0.0922948569059372,-0.8891232013702393,-0.38442423939704895,0.44438183307647705,0.8958374857902527,8.35844612121582,0.5929266810417175,-0.09377320110797882,1.0,0.01644892245531082,0.800000011920929,18.579851150512695,0.4498419463634491,10.221404075622559,8.135981559753418,11.518425941467285,-1.1604299545288086,8.135981559753418,-0.05484386002951741,0.0,3.870777991860525,1843.5465987958112,0.8711556729111298,-0.08193134635338623,1.2561793475096494,-0.8049596980311515,1.8635433622326345,-1.586785999096038
0.970962643623352,-0.11729806661605835,-0.8745630979537964,-0.3765670359134674,0.44861900806427,0.8937231302261353,8.35007095336914,0.5727300643920898,-0.12022335827350616,1.0,0.024299513548612595,0.800000011920929,15.286934852600098,0.5461869835853577,6.936863422393799,7.773122787475586,10.437753677368164,-0.8348680138587952,7.773122787475586,-0.0750184466083603,0.0,3.8628052644554733,1847.4094040602668,0.8686841465578283,-0.10494220364411794,1.2481887859884444,-0.8371647469464013,1.8625528106814173,-1.6129536746013504
0.9604005217552185,-0.1418435126543045,-0.8599810004234314,-0.36869290471076965,0.4525061249732971,0.891761302947998,8.338105201721191,0.5522934198379517,-0.14663201570510864,1.0,0.03215143084526062,0.800000011920929,13.334052085876465,0.6252772808074951,4.995946407318115,7.558594226837158,9.66491985321045,-0.6417175531387329,7.558594226837158,-0.09836876019037265,0.000844043309688583,3.854819795058644,1851.2642238553253,0.8656101475797991,-0.12784374304051888,1.2402463585054992,-0.8683349334914034,1.8619035432564166,-1.6377447269887369
0.9498114585876465,-0.16538141667842865,-0.8452851176261902,-0.36116287112236023,0.4558604657649994,0.8900512456893921,8.392623901367188,0.5319952964782715,-0.17239193618297577,1.0,0.04000510647892952,0.800000011920929,11.912996292114258,0.7044339776039124,3.5203726291656494,7.558594226837158,9.087373733520508,-0.48382246494293213,7.558594226837158,-0.12422728655566709,0.0,3.85178567018986,1855.1160095255152,0.8620301145420366,-0.15009689874362436,1.2326471757416222,-0.8978285010648251,1.8620165347888031,-1.6603956199365963
0.9391037821769714,-0.18923577666282654,-0.830847442150116,-0.3531065285205841,0.45902687311172485,0.8884223699569702,8.306055068969727,0.5110151767730713,-0.19884397089481354,1.0,0.047860968858003616,0.800000011920929,10.940986633300781,0.7590993642807007,2.6349315643310547,7.558594226837158,8.651933670043945,-0.37582138180732727,7.558594226837158,-0.1522603757289023,0.004028770272731793,3.850340495616976,1858.9663500211323,0.857758649150112,-0.17284417298437038,1.2249925202892353,-0.9269702787732701,1.8621209454985224,-1.6825161760289271
0.9284073710441589,-0.21200580894947052,-0.8162524104118347,-0.3453274071216583,0.46152666211128235,0.8871263265609741,8.292905807495117,0.4902118742465973,-0.22450481355190277,1.0,0.055719438940286636,0.800000011920929,10.10383415222168,0.8206869959831238,1.8109279870986938,7.558594226837158,8.31369400024414,-0.2828044295310974,7.558594226837158,-0.18186895533678674,0.0053253331160545495,3.8479115483393276,1862.8142615694717,0.8530413972600186,-0.194795666895834,1.2178816838825095,-0.9543323126811674,1.8632588821146474,-1.7022851468257438
0.9176449775695801,-0.2341107279062271,-0.8014300465583801,-0.3379788398742676,0.46390724182128906,0.8858838081359863,8.284720420837402,0.46976783871650696,-0.24979282915592194,1.0,0.0635809451341629,0.800000011920929,9.469593048095703,0.8747836947441101,1.1848727464675903,7.558594226837158,8.059170722961426,-0.21233320236206055,7.558594226837158,-0.2126074965128079,0.006126297433376327,3.845340008066961,1866.6596015775388,0.847843218448544,-0.21630282860220887,1.2107869051476026,-0.9805531399343588,1.8644541679649906,-1.7207083744379084
0.9069498777389526,-0.255496084690094,-0.7865694761276245,-0.3306368887424469,0.46566009521484375,0.8849636316299438,8.180620193481445,0.44930756092071533,-0.27459290623664856,1.0,0.07144590467214584,0.800000011920929,8.909153938293457,0.9181233644485474,0.7285333275794983,7.558594226837158,7.868070125579834,-0.1500621885061264,7.558594226837158,-0.24406608354661843,0.016519236943721788,3.8434111142270435,1870.503012691766,0.8422186744170851,-0.23726072373956603,1.2042356330777468,-1.00533925390367,1.8666120272278275,-1.7371442161696982
0.8963913917541504,-0.27654874324798584,-0.7718273997306824,-0.32315412163734436,0.466946005821228,0.8842858076095581,8.178937911987305,0.42872321605682373,-0.2992488145828247,1.0,0.07931474596261978,0.800000011920929,8.510882377624512,0.9608847498893738,0.33194437623023987,7.558594226837158,7.7330145835876465,-0.10580979287624359,7.558594226837158,-0.2759477180861248,0.016676627881526962,3.8406124996693993,1874.3436251914352,0.8361134035934638,-0.2579521784313187,1.1980991642649266,-1.0290045652075477,1.869390866853971,-1.752071843673444
0.8860040307044983,-0.29673799872398376,-0.7569001317024231,-0.3162921667098999,0.46803298592567444,0.8837109804153442,8.324298858642578,0.4087655544281006,-0.3231753706932068,1.0,0.08718787133693695,0.800000011920929,8.135981559753418,1.0230205059051514,-0.18831723928451538,7.558594226837158,7.637785911560059,-0.06415414810180664,7.558594226837158,-0.3079020116539825,0.0021297969412803763,3.836474554279503,1878.1800997457146,0.8297027799770079,-0.27788174024882206,1.1922529376673374,-1.0512427198327086,1.8724860442619118,-1.7653315453402096
0.875731885433197,-0.3175368010997772,-0.7424193620681763,-0.3086424767971039,0.46884599328041077,0.8832799196243286,8.195867538452148,0.38819336891174316,-0.3478517234325409,1.0,0.09506571292877197,0.800000011920929,7.773121356964111,1.0542500019073486,-0.4227461814880371,7.558594226837158,7.580046653747559,-0.02383650653064251,7.558594226837158,-0.33985748472540356,0.014953471028804798,3.8346442002265104,1882.014743945941,0.8225937553398315,-0.29826911385686805,1.186508439318046,-1.0731560945571506,1.8755964038823956,-1.778133901362525
0.8658668994903564,-0.33725598454475403,-0.7278624176979065,-0.3015329837799072,0.4690989851951599,0.8831455707550049,8.182841300964355,0.3682628571987152,-0.3714228570461273,1.0,0.10294867306947708,0.800000011920929,7.558594226837158,1.082444429397583,-0.6242468357086182,7.558594226837158,7.558594703674316,0.0,7.558594226837158,-0.3714751141909715,0.016244342725276962,3.8317036857112328,1885.8464476316524,0.8153353883677492,-0.3175739088982041,1.1815359582129275,-1.093213731307249,1.8797153848790398,-1.7886162962742276
0.8560407757759094,-0.3569621741771698,-0.7133037447929382,-0.2944315969944,0.469352126121521,0.8830111026763916,8.346612930297852,0.3485580384731293,-0.39506831765174866,1.0,0.11083716154098511,0.800000011920929,7.558594226837158,1.1041085720062256,-0.7880184650421143,7.558594226837158,7.558594703674316,0.0,7.558594226837158,-0.40264196139291997,0.0,3.82698737609422,1889.6734350077465,0.8075990440322627,-0.3367623694458375,1.1764793251782628,-1.1126872462235389,1.8835292171339761,-1.7984960773715781
0.8466871976852417,-0.375822514295578,-0.6987915635108948,-0.2874307930469513,0.46879827976226807,0.8833052515983582,7.935264587402344,0.3291970491409302,-0.41774797439575195,1.0,0.11873158812522888,0.800000011920929,7.558594226837158,1.049694538116455,-0.37667012214660645,7.558594226837158,7.558594703674316,0.0,7.558594226837158,-0.4331279799612577,0.04099104360342027,3.82588647153108,1893.4993214792776,0.7997543249255856,-0.35499022944848324,1.1724134164775422,-1.130403838009506,1.8887042802844478,-1.805987464142433
0.8374392986297607,-0.3950057327747345,-0.6844552755355835,-0.28001436591148376,0.4680979251861572,0.8836765885353088,8.19278621673584,0.3098159432411194,-0.44073835015296936,1.0,0.12663234770298004,0.800000011920929,7.558594226837158,1.0837600231170654,-0.6341917514801025,7.558594226837158,7.558594703674316,0.0,7.558594226837158,-0.4629095100448334,0.01524276479482652,3.82215317772257,1897.3214746570002,0.7913822544484936,-0.37328143820149673,1.1683419275210378,-1.1476805179526628,1.893664735393329,-1.8129994190496763
0.8291853070259094,-0.41205114126205444,-0.6699376106262207,-0.2738761901855469,0.46639692783355713,0.8845755457878113,7.71743106842041,0.2917896509170532,-0.4611925482749939,1.0,0.13453984260559082,0.800000011920929,7.558594226837158,1.0208790302276611,-0.15883660316467285,7.558594226837158,7.558594703674316,0.0,7.558594226837158,-0.4916332292700826,0.06276671245336535,3.818051403107284,1901.1395260601075,0.7835820819377635,-0.38938927689824504,1.1660081006936853,-1.1619795105885629,1.9008891922462312,-1.816172801695169
0.8213165402412415,-0.4287029504776001,-0.6554470062255859,-0.26792678236961365,0.46440133452415466,0.885624885559082,8.018317222595215,0.27426671981811523,-0.48106905817985535,1.0,0.14245446026325226,0.800000011920929,7.558594226837158,1.060680866241455,-0.45972275733947754,7.558594226837158,7.558594703674316,0.0,7.558594226837158,-0.5192515985335224,0.03269505117177965,3.8166046461927303,1904.9561307063002,0.7756882190254663,-0.4048862957813577,1.1641152505914387,-1.175204025808147,1.9085024964326895,-1.8179872307763532
0.8135966062545776,-0.4453893005847931,-0.6409578323364258,-0.26198017597198486,0.4624033272266388,0.8866696953773499,8.396008491516113,0.25713881850242615,-0.5008699297904968,1.0,0.1503765732049942,0.800000011920929,7.558594226837158,1.110642671585083,-0.837414026260376,7.558594226837158,7.558594703674316,0.0,7.558594226837158,-0.5457887538914002,0.0,3.810268470179719,1908.7663991764798,0.7675195598284628,-0.42016522712762716,1.1621777289937094,-1.1879274025668596,1.9158031969422296,-1.8192666502673767
0.8060275912284851,-0.462110310792923,-0.6264690160751343,-0.25603440403938293,0.46040281653404236,0.8877100944519043,8.38290023803711,0.24043838679790497,-0.5205694437026978,1.0,0.15830659866333008,0.800000011920929,7.558594226837158,1.108908772468567,-0.8243057727813721,7.558594226837158,7.558594703674316,0.0,7.558594226837158,-0.5712680352224183,0.0,3.8071930958632536,1912.5735922723431,0.759094083254227,-0.4352024914528587,1.1601807277254483,-1.2001595575211967,1.922757576739055,-1.8200866586772708
0.7998347878456116,-0.4779233932495117,-0.6125503778457642,-0.25015705823898315,0.4571291506290436,0.8894003629684448,7.417325496673584,0.22426727414131165,-0.5385996103286743,1.0,0.16624487936496735,0.800000011920929,7.558594226837158,0.9811803698539734,0.14126896858215332,7.558594226837158,7.558594703674316,0.0,7.558594226837158,-0.5955608956644284,0.09279312473058703,3.8010114394013415,1916.3746037117444,0.7511243407515367,-0.44881755695581277,1.1600557488413976,-1.209990891065706,1.931950841981247,-1.8177508860316207
0.7947006225585938,-0.49167582392692566,-0.598412275314331,-0.24628297984600067,0.4535972476005554,0.8912068009376526,8.482969284057617,0.20988976955413818,-0.5540511608123779,1.0,0.17419181764125824,0.800000011920929,7.558594226837158,1.1221461296081543,-0.9243748188018799,7.558594226837158,7.558594703674316,0.0,7.558594226837158,-0.6184906160429537,0.0,3.799188963792078,1920.1737926755366,0.7441000582731265,-0.4603695929035042,1.1611490893080247,-1.2174657835024125,1.942400207140199,-1.8125804734337019
0.7897753119468689,-0.5054681301116943,-0.5842763781547546,-0.2424144595861435,0.4500577747821808,0.8929994106292725,8.45914363861084,0.19593721628189087,-0.5693239569664001,1.0,0.18214774131774902,0.800000011920929,7.558594226837158,1.1189943552017212,-0.9005491733551025,7.558594226837158,7.558594703674316,0.0,7.558594226837158,-0.6401500390342915,0.0,3.7966104618495184,1923.970403137386,0.736982439084253,-0.47167991138990406,1.1622262127614869,-1.2245321409642909,1.952543825278783,-1.806976777968347
0.7850297093391418,-0.5203109383583069,-0.5705124139785767,-0.23720218241214752,0.4461009204387665,0.894982635974884,7.145285129547119,0.18163682520389557,-0.585314929485321,1.0,0.19011302292346954,0.800000011920929,7.558594226837158,0.9451942443847656,0.41330933570861816,7.558594226837158,7.558594703674316,0.0,7.558594226837158,-0.6607039529536847,0.1200321219134331,3.7877840202967126,1927.7581871576826,0.7293458745682679,-0.4834041794697945,1.163271279869254,-1.2315980815685506,1.962397031598393,-1.8013613410112415
0.7805044651031494,-0.5355018973350525,-0.5568413138389587,-0.23153330385684967,0.44196492433547974,0.8970323204994202,7.959542751312256,0.16760791838169098,-0.6013341546058655,1.0,0.19808802008628845,0.800000011920929,7.558594226837158,1.0529060363769531,-0.40094828605651855,7.558594226837158,7.558594703674316,0.0,7.558594226837158,-0.680233615292485,0.03865764262914659,3.795050649228088,1931.5532378069108,0.7215088454659495,-0.49502519113882754,1.1642575958194994,-1.2383648710743445,1.9719677890956038,-1.7953257039047679
0.7781231999397278,-0.5474011898040771,-0.5432393550872803,-0.22863391041755676,0.436804860830307,0.8995562791824341,7.147093772888184,0.15568901598453522,-0.6130638122558594,1.0,0.2060730755329132,0.800000011920929,7.558594226837158,0.945433497428894,0.4115006923675537,7.558594226837158,7.558594703674316,0.0,7.558594226837158,-0.6984547060047678,0.11990496790647509,3.7822439230899967,1935.3354817300008,0.7156528218566587,-0.5034539760371475,1.1680575512813711,-1.2412525045747458,1.9847999610854326,-1.784323187881425
0.7766813039779663,-0.5588661432266235,-0.5298994779586792,-0.22563371062278748,0.43084657192230225,0.9024251699447632,7.386877059936523,0.1441825032234192,-0.6237309575080872,1.0,0.21406850218772888,0.800000011920929,7.558594226837158,0.9771525859832764,0.17171740531921387,7.558594226837158,7.558594703674316,0.0,7.558594226837158,-0.7154090430983993,0.0959778135752678,3.783585964530354,1939.1190676945312,0.7102418711269012,-0.5110592145516095,1.1729447512792437,-1.2427495656950431,1.9987435806378997,-1.771419243557097
0.7755281329154968,-0.5703645944595337,-0.5165608525276184,-0.22263231873512268,0.42486903071403503,0.9052548408508301,8.561613082885742,0.13313134014606476,-0.6341258883476257,1.0,0.22207462787628174,0.800000011920929,7.558594226837158,1.1325492858886719,-1.0030186176300049,7.558594226837158,7.558594703674316,0.0,7.558594226837158,-0.7312031096072957,0.0,3.779822042701433,1942.8988897372326,0.704891117477597,-0.5184143367203949,1.1777916380580686,-1.2439019937760776,2.0123433436044946,-1.7580308536099447
0.7746666669845581,-0.581890881061554,-0.503221869468689,-0.21962954103946686,0.41887232661247253,0.9080451130867004,8.55631160736084,0.12254061549901962,-0.64423668384552,1.0,0.23009179532527924,0.800000011920929,7.558594226837158,1.1318479776382446,-0.9977171421051025,7.558594226837158,7.558594703674316,0.0,7.558594226837158,-0.7459319378819099,0.0,3.7772499568811155,1946.6761396941138,0.6996136497025078,-0.5255147850556439,1.1825643871552955,-1.2447437245633712,2.025553243041882,-1.7443959869815768
0.7758185267448425,-0.5924452543258667,-0.49083030223846436,-0.21735017001628876,0.41200417280197144,0.9111819863319397,5.9075703620910645,0.11284895241260529,-0.6521730422973633,1.0,0.23812028765678406,0.800000011920929,7.558594226837158,0.781466543674469,1.6510241031646729,7.558594226837158,7.558594703674316,0.0,7.558594226837158,-0.7595377010809614,0.24394527073621752,3.7525694853902243,1950.428709179504,0.695420972248119,-0.5310505240187681,1.189126316711193,-1.243294776572114,2.040435546487625,-1.7280428177543643
0.7778626084327698,-0.6021694540977478,-0.47855469584465027,-0.21576359868049622,0.4048270285129547,0.9143933057785034,8.766654968261719,0.1039094626903534,-0.6587684750556946,1.0,0.2461603879928589,0.800000011920929,7.558594226837158,1.1596726179122925,-1.2080605030059814,7.558594226837158,7.558594703674316,0.0,7.558594226837158,-0.772041203599052,0.0,3.7664558547877047,1954.1951650342917,0.6919033883752147,-0.5356255442482167,1.1964254966817307,-1.2406311199341533,2.055897188002898,-1.7102227349877483
0.7802257537841797,-0.6118807196617126,-0.4662797749042511,-0.21417555212974548,0.3976247310638428,0.9175481200218201,8.74923038482666,0.09537359327077866,-0.6650542616844177,1.0,0.2542124092578888,0.800000011920929,7.558594226837158,1.1573677062988281,-1.1906359195709229,7.558594226837158,7.558594703674316,0.0,7.558594226837158,-0.7835418223622448,0.0,3.764673509900406,1957.959838544192,0.6885229247945254,-0.5399640726556818,1.2036442417285333,-1.2376942822208359,2.0709842191562515,-1.6920042814954863
0.7829114198684692,-0.6215707659721375,-0.4540044963359833,-0.21258677542209625,0.3903972804546356,0.9206464886665344,8.747600555419922,0.08723986148834229,-0.671023964881897,1.0,0.26227661967277527,0.800000011920929,7.558594226837158,1.1571520566940308,-1.1890060901641846,7.558594226837158,7.558594703674316,0.0,7.558594226837158,-0.7941278566288946,0.0,3.7624118042449175,1961.722250348437,0.6852871699983145,-0.544064749887063,1.2108240021652799,-1.2344494423054393,2.085680362863196,-1.673543493033688
0.7870615124702454,-0.6304676532745361,-0.4421760141849518,-0.2110689878463745,0.3821233808994293,0.9241113066673279,7.1016435623168945,0.07958092540502548,-0.6753746867179871,1.0,0.2703532576560974,0.800000011920929,7.558594226837158,0.9394212365150452,0.4569509029388428,7.558594226837158,7.558594703674316,0.0,7.558594226837158,-0.8037842692949976,0.12466349649190904,3.762852786409059,1965.485103134846,0.6829136265179048,-0.5470410368651314,1.2193979679744196,-1.2294463472883428,2.101859545985918,-1.6524681072239185
0.7929860353469849,-0.6383335590362549,-0.4312170743942261,-0.21071645617485046,0.3735571503639221,0.9276071786880493,6.010369300842285,0.07281727343797684,-0.6777667999267578,1.0,0.2784425914287567,0.800000011920929,7.558594226837158,0.7950650453567505,1.5482251644134521,7.558594226837158,7.558594703674316,0.0,7.558594226837158,-0.8124769385901768,0.23384482402563098,3.743971881767269,1969.2290750166133,0.6816031390840389,-0.5486731324688734,1.2291614122451846,-1.2226789986498068,2.1188192542560644,-1.6298091975383948
0.7885249257087708,-0.6273001432418823,-0.42025771737098694,-0.210362046957016,0.36495938897132874,0.9310234189033508,8.902152061462402,0.07151255011558533,-0.6720132231712341,0.0,0.2784425914287567,0.800000011920929,7.558594226837158,1.1775965690612793,-1.343557596206665,7.558594226837158,7.558594703674316,0.0,7.558594226837158,-0.819730918396187,0.0,0.10022817096398626,1969.3293031875771,0.6847486925738996,-0.5447424204968149,1.2376628332406867,-1.2146775456167018,2.1338488866835,-1.606692830219545
0.7952277064323425,-0.6348689794540405,-0.4093431830406189,-0.2096482366323471,0.35562238097190857,0.9346297383308411,6.632369518280029,0.06499936431646347,-0.6737332344055176,1.0,0.2865448594093323,0.800000011920929,7.558594226837158,0.8773446083068848,0.926224946975708,7.558594226837158,7.558594703674316,0.0,7.558594226837158,-0.8262564292225204,0.171764180123806,3.7506636600546046,1973.0799668476318,0.6838106901216768,-0.5459193630827611,1.248021237466771,-1.206819882672201,2.15106901281604,-1.5821769770252994
0.7913410067558289,-0.6233862638473511,-0.3985174894332886,-0.20924820005893707,0.3461094796657562,0.9381941556930542,8.76128101348877,0.0637083351612091,-0.6672323942184448,0.0,0.2865448594093323,0.800000011920929,7.558594226837158,1.1589617729187012,-1.2026865482330322,7.558594226837158,7.558594703674316,0.0,7.558594226837158,-0.831539445777783,0.0,0.10571715158823991,1973.1856839992201,0.6873451118450373,-0.5414625712148992,1.2575800055132798,-1.1974149863955148,2.166914111835584,-1.5567296140634825
0.7994785904884338,-0.6295642256736755,-0.38817158341407776,-0.21025604009628296,0.33683621883392334,0.9415632486343384,8.720719337463379,0.05817928537726402,-0.6670529246330261,1.0,0.2946602702140808,0.800000011920929,7.558594226837158,1.1535961627960205,-1.1621248722076416,7.558594226837158,7.558594703674316,0.0,7.558594226837158,-0.8361877235048529,0.0,3.7536843467080656,1976.9393683459282,0.6874422840476795,-0.5413391619182659,1.2687235158948893,-1.1879063676058443,2.1842466096885946,-1.5304690902346918
0.7963736653327942,-0.6178364157676697,-0.3779826760292053,-0.2102980613708496,0.3270169198513031,0.945018470287323,7.360467433929443,0.05711723864078522,-0.6598173379898071,0.0,0.2946602702140808,0.800000011920929,7.558594226837158,0.9736590385437012,0.19812703132629395,7.558594226837158,7.558594703674316,0.0,7.558594226837158,-0.8397521531182712,0.0990364463877678,0.11331072635932696,1977.0526790722874,0.6913411967679877,-0.5363509660335146,1.27888867443894,-1.1773860546103512,2.2001036737422477,-1.5038537989565013
0.805097222328186,-0.6244586706161499,-0.3677312135696411,-0.20998425781726837,0.31684598326683044,0.948477029800415,5.4880757331848145,0.05152065306901932,-0.6597043871879578,1.0,0.30278903245925903,0.800000011920929,7.558594226837158,0.7259748578071594,2.070518732070923,7.558594226837158,7.558594703674316,0.0,7.558594226837158,-0.8428887882737472,0.28631398841619493,3.7270639671933936,1980.7797430394808,0.691401780812356,-0.536272953691204,1.2901149456188143,-1.1673121407882778,2.2170699996647873,-1.4763418922470946
0.8016573786735535,-0.6130697727203369,-0.35719627141952515,-0.2092050164937973,0.306382954120636,0.9519083499908447,6.874031066894531,0.050203535705804825,-0.6528763175010681,0.0,0.30278903245925903,0.800000011920929,7.558594226837158,0.9093121290206909,0.684563398361206,7.558594226837158,7.558594703674316,0.0,7.558594226837158,-0.8451413637027313,0.14786917050123216,0.10620632920518966,1980.885949368686,0.6950473495834665,-0.531539482555753,1.3003226629928493,-1.1564076016068756,2.232561182304771,-1.448495214574034
0.8116442561149597,-0.6184987425804138,-0.34750857949256897,-0.21032211184501648,0.29632577300071716,0.9550869464874268,8.71265697479248,0.04543548822402954,-0.6511570811271667,1.0,0.31093135476112366,0.800000011920929,7.558594226837158,1.1525297164916992,-1.1540625095367432,7.558594226837158,7.558594703674316,0.0,7.558594226837158,-0.8469979878705656,0.0,3.7489607711194752,1984.6349101398055,0.6959601569521008,-0.5303437748911568,1.312011732311067,-1.1449698190929989,2.2492863797908806,-1.4197815749402043
0.8090334534645081,-0.6065978407859802,-0.33770161867141724,-0.21047626435756683,0.2858198285102844,0.9582833647727966,4.783526420593262,0.044491108506917953,-0.6433608531951904,0.0,0.31093135476112366,0.800000011920929,7.558594226837158,0.6327755451202393,2.7750680446624756,7.558594226837158,7.558594703674316,0.0,7.558594226837158,-0.848035924439113,0.35698719326734546,0.07354447297297702,1984.7084546127785,0.7000736169635191,-0.5249018529563547,1.3227144252677512,-1.1328850199058353,2.264562802735454,-1.390798718847606
0.8062546253204346,-0.5948331952095032,-0.3278906047344208,-0.21062563359737396,0.27528005838394165,0.9613640904426575,9.22254753112793,0.04353753477334976,-0.6356300115585327,0.0,0.31093135476112366,0.800000011920929,7.558594226837158,1.219979166984558,-1.6639530658721924,7.558594226837158,7.558594703674316,0.0,7.558594226837158,-0.8483459364743527,0.0,0.0900524673678606,1984.7985070801465,0.7041105640746695,-0.519473974392204,1.3332972515265042,-1.1207025557800798,2.279459550124846,-1.3616583493253818
0.8170915246009827,-0.6000092029571533,-0.3183702528476715,-0.21122105419635773,0.2644442021846771,0.9644010066986084,9.224559783935547,0.0389932282269001,-0.6333922147750854,1.0,0.3190873861312866,0.800000011920929,7.558594226837158,1.220245361328125,-1.6659653186798096,7.558594226837158,7.558594703674316,0.0,7.558594226837158,-0.8484421213125236,0.0,3.7251955727239827,1988.5237026528705,0.7052713139099845,-0.51789710258706,1.3451784535008975,-1.1080646916194432,2.2955070965147817,-1.3311302647546295
0.8157884478569031,-0.5871680378913879,-0.3095875084400177,-0.21235491335391998,0.2532375752925873,0.9674041271209717,6.8622050285339355,0.038422390818595886,-0.6238619089126587,0.0,0.3190873861312866,0.800000011920929,7.558594226837158,0.907747745513916,0.6963894367218018,7.558594226837158,7.558594703674316,0.0,7.558594226837158,-0.8477615107681667,0.14931232088804247,0.10839122185403773,1988.6320938747244,0.7101747826552368,-0.5111521937658055,1.356991963205544,-1.093685637945746,2.3110308813243647,-1.299430602223441
0.8277840614318848,-0.591621458530426,-0.30053383111953735,-0.2131456434726715,0.24188897013664246,0.9703039526939392,5.340138912200928,0.03427063301205635,-0.6205270886421204,1.0,0.32725727558135986,0.800000011920929,7.558594226837158,0.7064054608345032,2.2184555530548096,7.558594226837158,7.558594703674316,0.0,7.558594226837158,-0.8468891886794643,0.3015872002196312,3.715558425815865,1992.3476523005404,0.7118755661025656,-0.5087811455020224,1.3692266471624173,-1.0797762191505789,2.3268358052563847,-1.267369079872232
0.8262450695037842,-0.5787887573242188,-0.291596382856369,-0.2141229212284088,0.23040693998336792,0.9730943441390991,9.09704303741455,0.03366232290863991,-0.6110647916793823,0.0,0.32725727558135986,0.800000011920929,7.558594226837158,1.2033771276474,-1.5384485721588135,7.558594226837158,7.558594703674316,0.0,7.558594226837158,-0.8453370380255559,0.0,0.0986799053982437,1992.4463322059387,0.7166578307796867,-0.5020224120562703,1.3809000694855773,-1.06488919904124,2.3416162174393214,-1.2347993667003947
0.8246265053749084,-0.5657044649124146,-0.2824869453907013,-0.21499840915203094,0.21838058531284332,0.9758636951446533,6.3593058586120605,0.03300858661532402,-0.6012768745422363,0.0,0.32725727558135986,0.800000011920929,7.558594226837158,0.8412231206893921,1.1992886066436768,7.558594226837158,7.558594703674316,0.0,7.558594226837158,-0.8431402665918398,0.19983009724378586,0.10187944833477611,1992.5482116542735,0.7215372527555068,-0.49498392819953835,1.3928748692623834,-1.0492650898860734,2.3564791769593154,-1.2007498369276453
0.8378840684890747,-0.5688942074775696,-0.2740918695926666,-0.21684609353542328,0.20693358778953552,0.9783549904823303,5.755589008331299,0.02947087027132511,-0.5964687466621399,1.0,0.3354412019252777,0.800000011920929,7.558594226837158,0.7613621354103088,1.8030054569244385,7.558594226837158,7.558594703674316,0.0,7.558594226837158,-0.8407888181732824,0.26030022392034535,3.718901446582001,1996.2671131008556,0.7239087147338067,-0.49150885742071027,1.405297395204509,-1.0337287259079937,2.3714084712165917,-1.1670994049360872
0.8362230658531189,-0.5555540323257446,-0.2652044892311096,-0.21841074526309967,0.19520728290081024,0.9807620048522949,6.26024866104126,0.029013123363256454,-0.5864046812057495,0.0,0.3354412019252777,0.800000011920929,7.558594226837158,0.8281196355819702,1.2983458042144775,7.558594226837158,7.558594703674316,0.0,7.558594226837158,-0.8378346021633877,0.20996892330884936,0.10128767943472711,1996.3684007802904,0.7288185919064154,-0.4841986931769059,1.4169856202994477,-1.0176247638907343,2.3852496069569153,-1.1328488151787368
0.8494175672531128,-0.5583418011665344,-0.25631219148635864,-0.2199755609035492,0.1834535151720047,0.9830284118652344,8.86872386932373,0.025618107989430428,-0.581506073474884,1.0,0.3436392843723297,0.800000011920929,7.558594226837158,1.173174500465393,-1.3101294040679932,7.558594226837158,7.558594703674316,0.0,7.558594226837158,-0.8347925965651521,0.0,3.734225098336904,2000.1026258786274,0.7311817301627832,-0.4806226538284494,1.429033575884325,-1.0016653652790377,2.399149647235415,-1.0981163130256115
0.8477100729942322,-0.5448834300041199,-0.24751894176006317,-0.2216797173023224,0.17160098254680634,0.9851665496826172,8.89377498626709,0.02521166019141674,-0.5712765455245972,0.0,0.3436392843723297,0.800000011920929,7.558594226837158,1.1764883995056152,-1.3351805210113525,7.558594226837158,7.558594703674316,0.0,7.558594226837158,-0.8311836889192279,0.0,0.11097674930146796,2000.2136026279288,0.7360600444053554,-0.4731180596635002,1.4405403158778927,-0.9849586282790215,2.4121302058621987,-1.0631307629985156
0.8612989783287048,-0.5469985008239746,-0.23843207955360413,-0.2230522781610489,0.15927980840206146,0.9872334599494934,4.455390453338623,0.022017229348421097,-0.5658189654350281,1.0,0.35185158252716064,0.800000011920929,7.558594226837158,0.589368999004364,3.1032040119171143,7.558594226837158,7.558594703674316,0.0,7.558594226837158,-0.8274971720387565,0.39055912915945057,3.6922203418924364,2003.9058229698212,0.7386310354974912,-0.469093948813912,1.4525686818469308,-0.9679944954775044,2.425336034977827,-1.026876157415848
0.8603102564811707,-0.5328906178474426,-0.23039290308952332,-0.22545430064201355,0.14722378551959991,0.9891031980514526,6.972548007965088,0.021818259730935097,-0.5545743107795715,0.0,0.35185158252716064,0.800000011920929,7.558594226837158,0.9223442077636719,0.5860464572906494,7.558594226837158,7.558594703674316,0.0,7.558594226837158,-0.8231899800267132,0.13905605026960374,0.11555070251017185,2004.0213736723313,0.743859062693945,-0.46075875545978767,1.4642978732663383,-0.9500036813890328,2.4378298714637436,-0.9905729802427585
0.8590980768203735,-0.5188886523246765,-0.22234566509723663,-0.22785642743110657,0.1351470798254013,0.9908255338668823,8.674568176269531,0.021616263315081596,-0.5433499217033386,0.0,0.35185158252716064,0.800000011920929,7.558594226837158,1.147491216659546,-1.115973711013794,7.558594226837158,7.558594703674316,0.0,7.558594226837158,-0.818310066661778,0.0,0.12059745030473881,2004.141971122636,0.7489838548091041,-0.4523805725971238,1.4758496670118604,-0.9317581245536526,2.4497958101909862,-0.954118043630523
0.8733550906181335,-0.5202073454856873,-0.21376100182533264,-0.22995729744434357,0.12316448241472244,0.9923862814903259,5.392695426940918,0.018835918977856636,-0.5372092723846436,1.0,0.36007821559906006,0.800000011920929,7.558594226837158,0.7133577466011047,2.1658990383148193,7.558594226837158,7.558594703674316,0.0,7.558594226837158,-0.8134020884689379,0.29710295549154286,3.704661623486626,2007.8466327461226,0.7517476939227715,-0.44777288699174667,1.487273003392342,-0.9140818953695062,2.461309793681998,-0.9176742513339671
0.8714367151260376,-0.5062717199325562,-0.20506779849529266,-0.2318512499332428,0.11059839278459549,0.9938651919364929,6.329811096191406,0.018499920144677162,-0.5263034701347351,0.0,0.36007821559906006,0.800000011920929,7.558594226837158,0.8373215198516846,1.228783369064331,7.558594226837158,7.558594703674316,0.0,7.558594226837158,-0.8079813867116243,0.20354782684087755,0.10646394135083659,2007.9530966874734,0.7565861936832213,-0.439547947023626,1.4984500452296199,-0.895417140278194,2.472177630712913,-0.8798911930716816
0.8863375782966614,-0.5066210627555847,-0.19651088118553162,-0.23389098048210144,0.09792635589838028,0.9951936602592468,8.851314544677734,0.01593952067196369,-0.5192672610282898,1.0,0.36831921339035034,0.800000011920929,7.558594226837158,1.170871615409851,-1.292720079421997,7.558594226837158,7.558594703674316,0.0,7.558594226837158,-0.8024808159648409,0.0,3.7289353719019624,2011.6820320593754,0.7596602057323849,-0.43421363464931567,1.5099629063793387,-0.876359628281853,2.4830005614188733,-0.8414865170627274
0.8849729299545288,-0.4925493597984314,-0.1888137012720108,-0.2365272492170334,0.08585212379693985,0.996307909488678,5.572020053863525,0.015809668228030205,-0.5078733563423157,0.0,0.36831921339035034,0.800000011920929,7.558594226837158,0.7370792031288147,1.986574411392212,7.558594226837158,7.558594703674316,0.0,7.558594226837158,-0.7964411295126134,0.2794271424078942,0.09437447303975291,2011.7764065324152,0.7645581345615812,-0.4255300418633623,1.5207184483923721,-0.8572709377097512,2.492816689561415,-0.8043888855445456
0.8829433917999268,-0.47853007912635803,-0.18054775893688202,-0.23893916606903076,0.07349709421396255,0.9972954392433167,6.009807586669922,0.015601443126797676,-0.4966583251953125,0.0,0.36831921339035034,0.800000011920929,7.558594226837158,0.7949907183647156,1.5487868785858154,7.558594226837158,7.558594703674316,0.0,7.558594226837158,-0.7899145708613513,0.2357940679240227,0.10267402182253209,2011.8790805542378,0.7692822742385026,-0.41692901623109596,1.531295455611971,-0.8379026353474177,2.501999972457746,-0.766306508733233
0.8982327580451965,-0.47823286056518555,-0.17229747772216797,-0.24137163162231445,0.06112432852387428,0.9981301426887512,8.974343299865723,0.013340430334210396,-0.4892423152923584,1.0,0.37657466530799866,0.800000011920929,7.558594226837158,1.1871461868286133,-1.4157488346099854,7.558594226837158,7.558594703674316,0.0,7.558594226837158,-0.7833474703517751,0.0,3.7220108745156377,2015.6010914287535,0.7723530167381217,-0.4112125646060235,1.541985687261452,-0.818386592894772,2.5109209837650273,-0.7279107985445789
0.8960705399513245,-0.46406251192092896,-0.16400091350078583,-0.24367351830005646,0.04841737076640129,0.9988272190093994,7.446430683135986,0.013123531825840473,-0.477853924036026,0.0,0.37657466530799866,0.800000011920929,7.558594226837158,0.985030472278595,0.11216377466917038,7.558594226837158,7.558594703674316,0.0,7.558594226837158,-0.776285425419483,0.09225116982221604,0.12924621008243883,2015.7303376388359,0.7769859578929077,-0.40239024519391464,1.552294798674814,-0.7982637021349193,2.5191421747213907,-0.6888999453603574
0.8934057354927063,-0.4498576819896698,-0.15539731085300446,-0.24610519409179688,0.035672664642333984,0.9993635416030884,4.880609035491943,0.012903112918138504,-0.46646860241889954,0.0,0.37657466530799866,0.800000011920929,7.558594226837158,0.6456178426742554,2.677985429763794,7.558594226837158,7.558594703674316,0.0,7.558594226837158,-0.7687547208421696,0.3488665487456322,0.08418349514846771,2015.8145211339843,0.7815168101741944,-0.3935181218847964,1.562402531345178,-0.7778316780250379,2.5266920750219044,-0.6492726228902445
0.9079038500785828,-0.4486759603023529,-0.14597469568252563,-0.2483987659215927,0.02285389043390751,0.9997388124465942,4.813570976257324,0.010770981200039387,-0.45898789167404175,1.0,0.3848445415496826,0.800000011920929,7.558594226837158,0.6367499232292175,2.745023488998413,7.558594226837158,7.558594703674316,0.0,7.558594226837158,-0.7612382514972061,0.3557575181269646,3.6849741254006063,2019.499495259385,0.7844387671240981,-0.3876608538261938,1.5724187323967975,-0.7574409359053415,2.5336225561785284,-0.6089261566807255
0.9052051305770874,-0.4341377913951874,-0.13773953914642334,-0.2515389621257782,0.010433784686028957,0.9999455809593201,4.858904838562012,0.010678946040570736,-0.4471960961818695,0.0,0.3848445415496826,0.800000011920929,7.558594226837158,0.6427467465400696,2.6996896266937256,7.558594226837158,7.558594703674316,0.0,7.558594226837158,-0.7532026183799427,0.3514153176379204,0.0846219100776662,2019.5841171694626,0.7889553553999601,-0.3783841482184678,1.582090318169601,-0.7365091627544786,2.540071906386257,-0.5692587565591014
0.9208358526229858,-0.4320702850818634,-0.12944041192531586,-0.25462907552719116,-0.0019372302340343595,0.999998152256012,9.205672264099121,0.008911902084946632,-0.4387179911136627,1.0,0.39312881231307983,0.800000011920929,7.558594226837158,1.2177468538284302,-1.6470777988433838,7.558594226837158,7.558594703674316,0.0,7.558594226837158,-0.7450807420402328,0.0,3.7077533576934574,2023.291870527156,0.792134886562349,-0.3716818847518952,1.5916709420104727,-0.715511864596211,2.5459663443907887,-0.5294287428302473
0.9178059697151184,-0.4176461696624756,-0.12117603421211243,-0.25773942470550537,-0.014316354878246784,0.9998975396156311,9.187104225158691,0.008818118833005428,-0.4270442724227905,0.0,0.39312881231307983,0.800000011920929,7.558594226837158,1.2152906656265259,-1.628509759902954,7.558594226837158,7.558594703674316,0.0,7.558594226837158,-0.7364625000242907,0.0,0.1112000344243082,2023.4030705615803,0.7964197403940171,-0.36240960382271176,1.6007651209691267,-0.6942954824493195,2.5510455445594706,-0.48958139356852093
0.9336001873016357,-0.41500699520111084,-0.11279836297035217,-0.2606986463069916,-0.026850420981645584,0.9996394515037537,6.818581581115723,0.007207275368273258,-0.4182901382446289,1.0,0.4014275074005127,0.800000011920929,7.558594226837158,0.9019771814346313,0.7400128841400146,7.558594226837158,7.558594703674316,0.0,7.558594226837158,-0.7277451400371474,0.15563610909223557,3.716614326747542,2027.1196848883278,0.799561741296019,-0.3554237826679651,1.609801775636941,-0.6728819723428249,2.5556699702327434,-0.44930395759310915
0.9297295212745667,-0.40047687292099,-0.10381621867418289,-0.2636371850967407,-0.03960694745182991,0.9992153644561768,5.569124221801758,0.0070641012862324715,-0.406727135181427,0.0,0.4014275074005127,0.800000011920929,7.558594226837158,0.736696183681488,1.9894702434539795,7.558594226837158,7.558594703674316,0.0,7.558594226837158,-0.7185507938876804,0.2806527301287651,0.09929595738134613,2027.2189808457092,0.8036179020651231,-0.34615483245445344,1.618455466526866,-0.6509473844013154,2.5593616584061913,-0.4081400397168391
0.9256083965301514,-0.38555988669395447,-0.09465157240629196,-0.2667585015296936,-0.05276782065629959,0.99860680103302,4.999573230743408,0.006929775699973106,-0.3946896195411682,0.0,0.4014275074005127,0.800000011920929,7.558594226837158,0.661354660987854,2.559021234512329,7.558594226837158,7.558594703674316,0.0,7.558594226837158,-0.7088341206285722,0.337753681781292,0.08930371653423623,2027.3082845622434,0.8077265421687421,-0.33645649699364466,1.6271185380175068,-0.6280886852083893,2.5624817543692546,-0.36547588771410866
0.940710186958313,-0.38114070892333984,-0.08516375720500946,-0.2700335681438446,-0.06621476262807846,0.9978054165840149,5.183791637420654,0.005493876524269581,-0.38494905829429626,1.0,0.40974050760269165,0.800000011920929,7.558594226837158,0.6857234835624695,2.374802827835083,7.558594226837158,7.558594703674316,0.0,7.558594226837158,-0.6989324665442673,0.31951186671972276,3.6830885826596114,2030.991373144903,0.8109653384951333,-0.3285728977025015,1.6358180316882276,-0.6044603977502223,2.565063628131302,-0.32157595138575035
0.9371501207351685,-0.36493054032325745,-0.07690738886594772,-0.2743070125579834,-0.07954490929841995,0.9968312978744507,7.249830722808838,0.005519459955394268,-0.3713391423225403,0.0,0.40974050760269165,0.800000011920929,7.558594226837158,0.9590237736701965,0.3087637424468994,7.558594226837158,7.558594703674316,0.0,7.558594226837158,-0.6882941205784424,0.11307693068265917,0.13211397221833465,2031.1234871171214,0.8153619861871626,-0.317505684169832,1.64444683048774,-0.5796529160974935,2.567333003296165,-0.2772959940820788
0.9529755115509033,-0.35958606004714966,-0.06826186180114746,-0.27821215987205505,-0.09258679300546646,0.9957045912742615,8.620234489440918,0.004334948491305113,-0.36081165075302124,1.0,0.4180677533149719,0.800000011920929,7.558594226837158,1.1403038501739502,-1.0616400241851807,7.558594226837158,7.558594703674316,0.0,7.558594226837158,-0.6773992518004328,0.0,3.7224287195635792,2034.845915836685,0.818659225897944,-0.3089044945435593,1.6525079447041153,-0.5556006589081679,2.5686098227442247,-0.23383296612664325
0.9482049942016602,-0.34416353702545166,-0.05910646170377731,-0.2818591892719269,-0.10588274151086807,0.9943786263465881,5.75237512588501,0.004267621319741011,-0.34817633032798767,0.0,0.4180677533149719,0.800000011920929,7.558594226837158,0.760936975479126,1.8062193393707275,7.558594226837158,7.558594703674316,0.0,7.558594226837158,-0.6659327050570022,0.26286750053167346,0.10514424771741508,2034.9510600844023,0.8224968538195232,-0.29853611130351043,1.6601158201071367,-0.531147841209307,2.5689179927089265,-0.1898397326276311
0.9638273119926453,-0.3378969430923462,-0.05003221333026886,-0.28567153215408325,-0.11936274915933609,0.9928507208824158,6.726769924163818,0.0032159006223082542,-0.3371899425983429,1.0,0.42640912532806396,0.800000011920929,7.558594226837158,0.8898321390151978,0.831824541091919,7.558594226837158,7.558594703674316,0.0,7.558594226837158,-0.6541647374134852,0.16556287819623947,3.707292782525933,2038.6583528669282,0.8257270018535361,-0.2894819993842278,1.6676219325452297,-0.5060726172171569,2.568532107361231,-0.14499282755887277
0.9585908055305481,-0.32228654623031616,-0.04076383262872696,-0.28953635692596436,-0.13272200524806976,0.9911532998085022,7.81027889251709,0.0031669687014073133,-0.32433614134788513,0.0,0.42640912532806396,0.800000011920929,7.558594226837158,1.0331610441207886,-0.25168442726135254,7.558594226837158,7.558594703674316,0.0,7.558594226837158,-0.6418039451917684,0.05728837516546249,0.14379450509804487,2038.8021473720262,0.8293796720590553,-0.2788446220961873,1.6746084342025906,-0.4809558182333261,2.567193587474237,-0.10028396324204641
0.9530510902404785,-0.30620118975639343,-0.03132328391075134,-0.29364898800849915,-0.1465323567390442,0.9892058968544006,5.284316539764404,0.003128970740363002,-0.3108683228492737,0.0,0.42640912532806396,0.800000011920929,7.558594226837158,0.6990211606025696,2.274277925491333,7.558594226837158,7.558594703674316,0.0,7.558594226837158,-0.6287715941925017,0.30989599370718,0.0976206075670554,2038.8997679795932,0.8330598264666121,-0.26764971999664605,1.6814950950817626,-0.45461407442018986,2.565109016178868,-0.0539873547034625
0.9690274596214294,-0.2980756461620331,-0.022849585860967636,-0.2984335720539093,-0.16004489362239838,0.9871097207069397,5.409529209136963,0.002315864199772477,-0.29841724038124084,1.0,0.43476447463035583,0.800000011920929,7.558594226837158,0.7155845761299133,2.1490652561187744,7.558594226837158,7.558594703674316,0.0,7.558594226837158,-0.6152577114401027,0.2975376677775383,3.678742221486733,2042.57851020108,0.8363276641107124,-0.25725684458721765,1.6882025664847002,-0.42783600897737817,2.562578474256803,-0.007890312216211226
0.9638406038284302,-0.28154680132865906,-0.014380155131220818,-0.30322545766830444,-0.17352868616580963,0.9848288297653198,9.087361335754395,0.002352724550291896,-0.284201979637146,0.0,0.43476447463035583,0.800000011920929,7.558594226837158,1.2020964622497559,-1.5287668704986572,7.558594226837158,7.558594703674316,0.0,7.558594226837158,-0.6009751874176835,0.0,0.12471398945863818,2042.7032241905385,0.8399000704209963,-0.24534263212474755,1.6944156305526616,-0.400791979972933,2.5591947549443175,0.03810675508308875
0.9797472953796387,-0.2727473974227905,-0.0059120068326592445,-0.30802077054977417,-0.18698090314865112,0.9823635220527649,9.073591232299805,0.001656841137446463,-0.27151089906692505,1.0,0.44313356280326843,0.800000011920929,7.558594226837158,1.2002748250961304,-1.5149967670440674,7.558594226837158,7.558594703674316,0.0,7.558594226837158,-0.5862148027405514,0.0,3.700919611049945,2046.4041438015886,0.8429459777706656,-0.23466385907183035,1.7002579576968044,-0.37364157763589684,2.5550652754211316,0.08405612661001821
0.973451554775238,-0.25662750005722046,0.003293149173259735,-0.31262680888175964,-0.20042583346366882,0.9797088503837585,5.333160877227783,0.0016594009939581156,-0.25776180624961853,0.0,0.44313356280326843,0.800000011920929,7.558594226837158,0.7054824233055115,2.225433588027954,7.558594226837158,7.558594703674316,0.0,7.558594226837158,-0.5707971085658131,0.30532992921590807,0.1001393798313872,2046.50428318142,0.8460925786078602,-0.22305228988629,1.705513923622832,-0.3465663852776573,2.5495592655928903,0.13021528152022616
0.9882620573043823,-0.24722149968147278,0.012836170382797718,-0.31740906834602356,-0.21399107575416565,0.9768356084823608,5.70613431930542,0.0010630739852786064,-0.24512721598148346,1.0,0.4515162706375122,0.800000011920929,7.558594226837158,0.7548201680183411,1.8524601459503174,7.558594226837158,7.558594703674316,0.0,7.558594226837158,-0.5549426801985191,0.2681925953555107,3.6793778219717073,2050.183661003392,0.8488432256994716,-0.212344795751244,1.7104326007739186,-0.3188811761355188,2.543087140525353,0.17710771575770845
0.9808529019355774,-0.23109427094459534,0.0226735956966877,-0.32234516739845276,-0.22734826803207397,0.973813533782959,7.385088920593262,0.0010652272030711174,-0.23138563334941864,0.0,0.4515162706375122,0.800000011920929,7.558594226837158,0.9769160151481628,0.17350554466247559,7.558594226837158,7.558594703674316,0.0,7.558594226837158,-0.5384510541854074,0.10043476716756822,0.1407654620825816,2050.3244264654745,0.8516809016716042,-0.20066066406884664,1.7148299065283865,-0.2912826032486255,2.5356166017336133,0.22378088547867897
0.9949620962142944,-0.22064009308815002,0.03273620456457138,-0.3275619149208069,-0.2409551739692688,0.9705362319946289,5.805363178253174,0.0006065936177037656,-0.2182258516550064,1.0,0.4599122703075409,0.800000011920929,7.558594226837158,0.7679463624954224,1.7532312870025635,7.558594226837158,7.558594703674316,0.0,7.558594226837158,-0.5214505368019539,0.25844423606634137,3.678686890795703,2054.00311335627,0.8542477005836626,-0.1894357045832109,1.7188999679263068,-0.26264509227655175,2.526955797144314,0.27168275053441293
0.9877585172653198,-0.20361874997615814,0.041694819927215576,-0.33336618542671204,-0.25426185131073,0.9671354293823242,7.472274303436279,0.0006489889929071069,-0.2032945156097412,0.0,0.4599122703075409,0.800000011920929,7.558594226837158,0.9884490966796875,0.08632015436887741,7.558594226837158,7.558594703674316,0.0,7.558594226837158,-0.5036102502970449,0.09188480175733565,0.14336791647954433,2054.14648127275,0.85698086173385,-0.17665997991200003,1.7226232736700189,-0.23369401039118637,2.518082741386376,0.3189204770644167
1.0021075010299683,-0.19212956726551056,0.05121195316314697,-0.3389334976673126,-0.26770898699760437,0.9634998440742493,6.383940696716309,0.0003188220434822142,-0.18942679464817047,1.0,0.4683213233947754,0.800000011920929,7.558594226837158,0.844481885433197,1.1746537685394287,7.558594226837158,7.558594703674316,0.0,7.558594226837158,-0.48517467518934676,0.20074982597112656,3.6873949372806183,2057.8338762100307,0.8593482891432109,-0.16475899980361913,1.7258093597820219,-0.20449784079528116,2.507862340943303,0.36652957166569633
0.9938806295394897,-0.17569105327129364,0.06085541844367981,-0.34440353512763977,-0.2810291349887848,0.9596992135047913,8.883831024169922,0.00033440132392570376,-0.1749652624130249,0.0,0.4683213233947754,0.800000011920929,7.558594226837158,1.1751729249954224,-1.3252365589141846,7.558594226837158,7.558594703674316,0.0,7.558594226837158,-0.4660423711609437,0.0,0.13683890665264165,2057.970715116683,0.8616410304819354,-0.15231466636881663,1.7284515245181011,-0.1754648137159524,2.4966690108290424,0.41368907730316395
1.0074665546417236,-0.1636246144771576,0.07085508108139038,-0.3501889109611511,-0.2942535877227783,0.9557273983955383,5.986229419708252,0.00011360967619111761,-0.1610061228275299,1.0,0.47674307227134705,0.800000011920929,7.558594226837158,0.7918717861175537,1.5723650455474854,7.558594226837158,7.558594703674316,0.0,7.558594226837158,-0.4463427253875601,0.24061791723012926,3.676842795904573,2061.6475579125877,0.863683234300338,-0.1402725096072323,1.7306066057519875,-0.14606111307557135,2.484413391399626,0.46112766942785505
0.9980081915855408,-0.14700625836849213,0.08114618062973022,-0.35620197653770447,-0.30754950642585754,0.9515320658683777,6.31104850769043,0.000126239174278453,-0.1462479829788208,0.0,0.47674307227134705,0.800000011920929,7.558594226837158,0.8348395824432373,1.2475459575653076,7.558594226837158,7.558594703674316,0.0,7.558594226837158,-0.425928254784173,0.208256834666729,0.12187353747545172,2061.769431450063,0.8656592827058337,-0.12751134841373105,1.7322585024386787,-0.11607013695809054,2.470773533435191,0.5092105054754745
1.01081120967865,-0.13384413719177246,0.09158843010663986,-0.36243337392807007,-0.3208557069301605,0.9471281170845032,7.618858337402344,1.4114967598288786e-05,-0.1316467672586441,1.0,0.4851771891117096,0.800000011920929,7.558594226837158,1.007839560508728,-0.06026387959718704,7.558594226837158,7.558594703674316,0.0,7.558594226837158,-0.40486499214851324,0.07757718878507615,3.7063193561789283,2065.475750806242,0.8674287654421683,-0.11485849319062663,1.7334042379160457,-0.08563196659109962,2.4561117122703444,0.5575568667710196
1.0003398656845093,-0.11724111437797546,0.1022639274597168,-0.36892950534820557,-0.3339730203151703,0.9425826072692871,6.8647074699401855,2.0523604689515196e-05,-0.11666903644800186,0.0,0.4851771891117096,0.800000011920929,7.558594226837158,0.9080787897109985,0.6938869953155518,7.558594226837158,7.558594703674316,0.0,7.558594226837158,-0.3831024208566796,0.15301514403104782,0.13336080789407273,2065.609111614136,0.8690516628110836,-0.10185398230566306,1.7339800463494477,-0.055000001802771425,2.440237290251579,0.6058243561020251
1.0128153562545776,-0.10294751822948456,0.112559974193573,-0.3756481409072876,-0.34719184041023254,0.9377941489219666,6.682914733886719,6.828623554611113e-06,-0.10129700601100922,1.0,0.4936232566833496,0.800000011920929,7.558594226837158,0.8840308785438538,0.8756797313690186,7.558594226837158,7.558594703674316,0.0,7.558594226837158,-0.36059293771063067,0.1712625351881981,3.6849731413901967,2069.2940847555265,0.8705146437184452,-0.08848341644557295,1.734071513496538,-0.023744845760490407,2.4234798352192106,0.6543313903753982
1.0018391609191895,-0.08639205992221832,0.12313715368509293,-0.382418692111969,-0.36015743017196655,0.9328915476799011,7.804717540740967,2.6181423891102895e-06,-0.08602066338062286,0.0,0.4936232566833496,0.800000011920929,7.558594226837158,1.0324254035949707,-0.2461230754852295,7.558594226837158,7.558594703674316,0.0,7.558594226837158,-0.3374036328632723,0.059161279618740084,0.1513056587962354,2069.445390414323,0.8717646668211838,-0.075175322161592,1.733540437085407,0.007364056114751327,2.4056591516384036,0.7022541529205809
1.0135135650634766,-0.07202324271202087,0.13385023176670074,-0.38921746611595154,-0.3728497326374054,0.927891731262207,8.218588829040527,7.767394708935171e-05,-0.07094366103410721,1.0,0.5020807981491089,0.800000011920929,7.558594226837158,1.0871732234954834,-0.65999436378479,7.558594226837158,7.558594703674316,0.0,7.558594226837158,-0.3136227972443712,0.01778586773633956,3.7039131173823403,2073.1493035317053,0.8727989471161488,-0.06202362439600767,1.732454056818765,0.03814558919704336,2.3868219621063056,0.7494495401181607
1.001564383506775,-0.05579832196235657,0.1447717696428299,-0.39637672901153564,-0.3854694962501526,0.9227205514907837,6.859445571899414,5.845696068718098e-05,-0.055653635412454605,0.0,0.5020807981491089,0.800000011920929,7.558594226837158,0.9073827266693115,0.6991488933563232,7.558594226837158,7.558594703674316,0.0,7.558594226837158,-0.28924323593022094,0.15368707812070848,0.13397650680138365,2073.2832800385067,0.8736452959733293,-0.04867176406158907,1.7307555592376802,0.06946056554167468,2.36687149868649,0.7968433932678196
1.0121421813964844,-0.04077070951461792,0.15601769089698792,-0.4037778377532959,-0.3978121280670166,0.9174668788909912,7.138120174407959,0.00021405176084954292,-0.04025983810424805,1.0,0.5105494260787964,0.800000011920929,7.558594226837158,0.9442464709281921,0.4204742908477783,7.558594226837158,7.558594703674316,0.0,7.558594226837158,-0.26428811703040417,0.12588805113554002,3.6879800539015712,2076.971260092408,0.874291050924229,-0.035217838072301666,1.7284849609681046,0.10066519587944611,2.3456223116189903,0.8438624646774167
1.0229493379592896,-0.024259453639388084,0.16669519245624542,-0.4115425646305084,-0.41041383147239685,0.9118993878364563,7.119496822357178,0.00045034955837763846,-0.023710761219263077,1.0,0.5190284848213196,0.800000011920929,7.558594226837158,0.9417828917503357,0.43909764289855957,7.558594226837158,7.558594703674316,0.0,7.558594226837158,-0.23854704371912255,0.12780209913015367,3.6860165791638067,2080.6572766715717,0.8747539922244487,-0.0207449744540929,1.7256042834906709,0.1330284143200684,2.323512995646292,0.8915110450930663
1.0100857019424438,-0.007734228391200304,0.17751222848892212,-0.4193412661552429,-0.4228823482990265,0.9061846137046814,7.922300815582275,0.0003829249180853367,-0.0076568531803786755,0.0,0.5190284848213196,0.800000011920929,7.558594226837158,1.0479795932769775,-0.3637063503265381,7.558594226837158,7.558594703674316,0.0,7.558594226837158,-0.21221209213788472,0.04757452999830245,0.15279572204136727,2080.810072393613,0.8749743488143523,-0.006699696392136634,1.7221115522977821,0.1653190059989036,2.3001383991517583,0.9387282084800153
1.0198222398757935,0.008764829486608505,0.18877729773521423,-0.4272944927215576,-0.4349185824394226,0.9004697799682617,7.27548885345459,0.0006873475504107773,0.008594255894422531,1.0,0.5275174975395203,0.800000011920929,7.558594226837158,0.9624179005622864,0.28310561180114746,7.558594226837158,7.558594703674316,0.0,7.558594226837158,-0.18530487293511738,0.11226038816213607,3.68583773666965,2084.495910130283,0.8749676901340945,0.007519822485019589,1.717983042310252,0.19720964140160668,2.275854146780304,0.9849955425152629
1.0057766437530518,0.024250328540802002,0.2002086341381073,-0.4353896379470825,-0.4466685354709625,0.8946995139122009,8.034933090209961,0.0006005080067552626,0.024106375873088837,0.0,0.5275174975395203,0.800000011920929,7.558594226837158,1.0628788471221924,-0.47633862495422363,7.558594226837158,7.558594703674316,0.0,7.558594226837158,-0.15806350434572197,0.03635943515539169,0.15311399741924653,2084.649024127702,0.8747457330926436,0.021090950056696256,1.713270078567215,0.22885587348307124,2.25050457976671,1.0305375190217851
1.014656662940979,0.04123545438051224,0.21169114112854004,-0.44382911920547485,-0.45825672149658203,0.8888198733329773,7.4184465408325195,0.0009551778202876449,0.040617458522319794,1.0,0.5360158085823059,0.800000011920929,7.558594226837158,0.9813286662101746,0.14014792442321777,7.558594226837158,7.558594703674316,0.0,7.558594226837158,-0.13031407038782938,0.09800599410772323,3.685246559747535,2088.3342706874496,0.8742783488223816,0.0355305551241063,1.707918096053308,0.2607877048266764,2.2241658609562722,1.0758596658993929
0.9999738931655884,0.056353919208049774,0.22306686639785767,-0.45242083072662354,-0.4694996476173401,0.8829326629638672,8.212249755859375,0.0008291033445857465,0.05629584193229675,0.0,0.5360158085823059,0.800000011920929,7.558594226837158,1.0863347053527832,-0.6536552906036377,7.558594226837158,7.558594703674316,0.0,7.558594226837158,-0.10232258107697739,0.01866056581258773,0.15243948842272198,2088.4867101758723,0.8736137388913453,0.04923282707227361,1.7020138542163308,0.29237326747135933,2.197122430829957,1.1201496730350338
1.0083152055740356,0.07377710193395615,0.23448361456394196,-0.4611596465110779,-0.48065823316574097,0.876908004283905,7.591519832611084,0.0012235710164532065,0.07303853332996368,1.0,0.5445227026939392,0.800000011920929,7.558594226837158,1.004223108291626,-0.03292537480592728,7.558594226837158,7.558594703674316,0.0,7.558594226837158,-0.07390778624494951,0.08072082315206527,3.685070582117711,2092.17178075799,0.8726671808768118,0.06385193405156103,1.6954843585460153,0.3241230141237171,2.1690772229554853,1.1641250424545062
1.0163044929504395,0.09179212898015976,0.24592943489551544,-0.47007858753204346,-0.4916715621948242,0.8707807064056396,7.660194396972656,0.0016870134277269244,0.09007511287927628,1.0,0.5530374646186829,0.800000011920929,7.558594226837158,1.0133075714111328,-0.10159993916749954,7.558594226837158,7.558594703674316,0.0,7.558594226837158,-0.04509236591408257,0.07387787552595138,3.684376344294463,2095.856157102284,0.8714527400747334,0.07870924057525569,1.68830648936246,0.3559687998309346,2.140014095138752,1.2076411212497733
1.000688910484314,0.10655051469802856,0.2573755979537964,-0.4789975583553314,-0.5026065707206726,0.8645152449607849,8.563352584838867,0.0014954026555642486,0.10607748478651047,0.0,0.5530374646186829,0.800000011920929,7.558594226837158,1.1327793598175049,-1.0047581195831299,7.558594226837158,7.558594703674316,0.0,7.558594226837158,-0.016192775162452083,0.0,0.14711358226199536,2096.0032706845464,0.8700817021270065,0.09264384045986979,1.6804983220839107,0.3877470394235873,2.110019229966226,1.2505665469817637
1.0079481601715088,0.12434761971235275,0.2690454423427582,-0.488116979598999,-0.5128504633903503,0.8584779500961304,7.820027828216553,0.0019974529277533293,0.12274686992168427,1.0,0.5615593194961548,0.800000011920929,7.558594226837158,1.034450650215149,-0.26143336296081543,7.558594226837158,7.558594703674316,0.0,7.558594226837158,0.012875817623570051,0.057914920737743375,3.682523523782703,2099.685794208329,0.8684164731257751,0.10713393554849948,1.6722527667421263,0.41862102948013163,2.0796796878835644,1.291795603470697
0.9916120767593384,0.13786017894744873,0.28080275654792786,-0.49725547432899475,-0.5229331851005554,0.8523736596107483,8.196930885314941,0.0017760619521141052,0.13814085721969604,0.0,0.5615593194961548,0.800000011920929,7.558594226837158,1.0843082666397095,-0.6383364200592041,7.558594226837158,7.558594703674316,0.0,7.558594226837158,0.04176966262772969,0.020235413358211513,0.15122741797623612,2099.837021626305,0.8666646241111333,0.12048919837791489,1.6634601046940785,0.44922929882098284,2.0485000325011207,1.3322636732119766
0.9982244372367859,0.1558619886636734,0.29252439737319946,-0.50670325756073,-0.5326399207115173,0.8463419675827026,7.9062323570251465,0.0022999492939561605,0.1548886001110077,1.0,0.5700873732566833,0.800000011920929,7.558594226837158,1.045854091644287,-0.3476378917694092,7.558594226837158,7.558594703674316,0.0,7.558594226837158,0.0707338798306768,0.049293450334072106,3.679147981063137,2103.5161696073683,0.8645252294263841,0.13498631580734943,1.6541061616586459,0.47967033661905734,2.0167903607374655,1.371823028294828
1.0044968128204346,0.17387822270393372,0.3045317530632019,-0.5158464908599854,-0.5422146916389465,0.8402400016784668,8.479385375976562,0.002922598272562027,0.17140136659145355,1.0,0.5786208510398865,0.800000011920929,7.558594226837158,1.1216720342636108,-0.9207909107208252,7.558594226837158,7.558594703674316,0.0,7.558594226837158,0.09964457569311753,0.0,3.6738122299847973,2107.189981837353,0.8621783873237308,0.1492429373957716,1.6442942215816516,0.5095569838652152,1.9842366374757494,1.4103799425675578
0.9873050451278687,0.18601693212985992,0.31661170721054077,-0.5251774787902832,-0.5514048933982849,0.8342377543449402,8.20545482635498,0.002636030549183488,0.18622571229934692,0.0,0.5786208510398865,0.800000011920929,7.558594226837158,1.0854358673095703,-0.6468603610992432,7.558594226837158,7.558594703674316,0.0,7.558594226837158,0.12810492620960162,0.0193768294596672,0.14990308522279208,2107.339884922576,0.8598713889197744,0.16200735093715046,1.6339180575750198,0.5390310605469713,1.9512218432910395,1.447792175505877
0.9930383563041687,0.20342940092086792,0.3287402391433716,-0.5346497297286987,-0.5598399043083191,0.8286008238792419,8.126914024353027,0.0032773190177977085,0.20205995440483093,1.0,0.587158739566803,0.800000011920929,7.558594226837158,1.0750463008880615,-0.56831955909729,7.558594226837158,7.558594703674316,0.0,7.558594226837158,0.15630293423447597,0.027218582370281214,3.673105065123677,2111.0129899876997,0.8571983210949912,0.17560175718639948,1.6234625185890246,0.5672547655449003,1.9184943196110316,1.4832427941647603
0.9984911680221558,0.22154609858989716,0.3407104015350342,-0.5444124937057495,-0.5681307315826416,0.8229383230209351,8.278757095336914,0.00396139407530427,0.21834364533424377,1.0,0.5956999659538269,0.800000011920929,7.558594226837158,1.0951324701309204,-0.7201626300811768,7.558594226837158,7.558594703674316,0.0,7.558594226837158,0.1842831669711479,0.012026660430431359,3.6699379622282042,2114.682927949928,0.8542252973103608,0.18953619960957402,1.6124444101309774,0.5955948194007739,1.8851508205798049,1.518214737931238
0.9809081554412842,0.23149721324443817,0.35302287340164185,-0.5537653565406799,-0.5758567452430725,0.8175506591796875,8.320646286010742,0.003613721579313278,0.23176220059394836,0.0,0.5956999659538269,0.800000011920929,7.558594226837158,1.1006736755371094,-0.7620518207550049,7.558594226837158,7.558594703674316,0.0,7.558594226837158,0.21146787063367653,0.007821015937328327,0.1473491000212973,2114.830277049949,0.8516052086260915,0.2009813490170893,1.6012725470837428,0.6224173617767625,1.8519935991981693,1.5510045509131822
0.986047625541687,0.2493627816438675,0.3648807406425476,-0.5638152360916138,-0.5832750797271729,0.812274694442749,8.160861015319824,0.0042993975803256035,0.24769794940948486,1.0,0.6042434573173523,0.800000011920929,7.558594226837158,1.0795369148254395,-0.6022665500640869,7.558594226837158,7.558594703674316,0.0,7.558594226837158,0.23834931233809653,0.02378030422925948,3.6663145588713175,2118.4965916088204,0.8482944568293187,0.21452620138969697,1.5897258470238187,0.6494267809090564,1.8186328619861862,1.5833940982132646
0.9682279229164124,0.2596672475337982,0.3765471875667572,-0.5742039084434509,-0.5905172228813171,0.8070250749588013,8.125338554382324,0.0038154905196279287,0.26202231645584106,0.0,0.6042434573173523,0.800000011920929,7.558594226837158,1.0748379230499268,-0.5667440891265869,7.558594226837158,7.558594703674316,0.0,7.558594226837158,0.26460493894206694,0.027322898662090294,0.147536124238655,2118.644127733059,0.8451346054028727,0.22665507735418483,1.5775827016052821,0.6764464958571889,1.7848953175065012,1.615195761218701
0.9731870293617249,0.27657830715179443,0.38863405585289,-0.5839142203330994,-0.5970836281776428,0.8021790385246277,8.390005111694336,0.004554910585284233,0.27689772844314575,1.0,0.6127881407737732,0.800000011920929,7.558594226837158,1.1098486185073853,-0.8314106464385986,7.558594226837158,7.558594703674316,0.0,7.558594226837158,0.2903396163070319,0.0008487226176261894,3.659583403473024,2122.303711136532,0.8416695749933076,0.23920123986499042,1.5657648053415538,0.7014867378232266,1.7517943741141655,1.6444705417090721
0.9781786203384399,0.2929888069629669,0.40079328417778015,-0.5934088230133057,-0.6030014157295227,0.79774010181427,8.083440780639648,0.005385297350585461,0.29102081060409546,1.0,0.6213327050209045,0.800000011920929,7.558594226837158,1.0692955255508423,-0.5248463153839111,7.558594226837158,7.558594703674316,0.0,7.558594226837158,0.31542185205329987,0.031481755416393274,3.659694935324007,2125.963406071856,0.8382075064736921,0.2510640071419026,1.5540028355775877,0.7251523842524763,1.7194985823441868,1.6717012357946497
0.9605729579925537,0.3003476560115814,0.41293901205062866,-0.6028963327407837,-0.6088863015174866,0.7932575345039368,8.43884563446045,0.004916470497846603,0.30304476618766785,0.0,0.6213327050209045,0.800000011920929,7.558594226837158,1.1163092851638794,-0.8802511692047119,7.558594226837158,7.558594703674316,0.0,7.558594226837158,0.3395270025435631,0.0,0.14258928147973296,2126.1059953533354,0.8351282896182718,0.2611242009667232,1.541857689825453,0.7486037579314924,1.6867156125205,1.6983232475666243
0.9652458429336548,0.31755390763282776,0.42471280694007874,-0.6129154562950134,-0.6145463585853577,0.7888807058334351,8.23265266418457,0.00570840947329998,0.3178343176841736,1.0,0.6298759579658508,0.800000011920929,7.558594226837158,1.089033603668213,-0.674058198928833,7.558594226837158,7.558594703674316,0.0,7.558594226837158,0.36316308696408867,0.016555560615062706,3.654319217817215,2129.760314571153,0.831175257543146,0.2734463334998576,1.5293098552958515,0.7722936172943411,1.653866320698427,1.7246488783792107
0.9474694728851318,0.32534515857696533,0.43625664710998535,-0.6233454346656799,-0.6200676560401917,0.7845483422279358,8.114473342895508,0.005094638094305992,0.33076804876327515,0.0,0.6298759579658508,0.800000011920929,7.558594226837158,1.073400616645813,-0.5558788776397705,7.558594226837158,7.558594703674316,0.0,7.558594226837158,0.3860334731780211,0.02835953358411788,0.14431223970241472,2129.904626810855,0.8275691698015242,0.28417337747167415,1.5163376362412497,0.7959591092426559,1.6207502416510202,1.7505311137962423
0.9516996145248413,0.34339824318885803,0.4476822316646576,-0.6340030431747437,-0.6254636645317078,0.7802532911300659,8.071849822998047,0.005821913480758667,0.3462868630886078,1.0,0.6384164690971375,0.800000011920929,7.558594226837158,1.0677622556686401,-0.5132553577423096,7.558594226837158,7.558594703674316,0.0,7.558594226837158,0.40856399341172783,0.032615017173290246,3.6502520498120394,2133.554878860667,0.8230595012832904,0.29698155013017846,1.5029653948077941,0.8197141386287031,1.5873194477654344,1.7760438902850906
0.9566782116889954,0.3585987389087677,0.45987123250961304,-0.6429735422134399,-0.6295993328094482,0.776919960975647,7.9310808181762695,0.006812304724007845,0.3586280941963196,1.0,0.6469528079032898,0.800000011920929,7.558594226837158,1.0491410493850708,-0.3724863529205322,7.558594226837158,7.558594703674316,0.0,7.558594226837158,0.43026164704323466,0.046687606666088094,3.64775506175414,2137.2026339224212,0.8193318863582403,0.30711617830598137,1.4911113601911965,0.8393667918249549,1.5566682753670538,1.79696666553511
0.9396718740463257,0.3628898859024048,0.4720403850078583,-0.6519281268119812,-0.6337167620658875,0.7735651731491089,8.457704544067383,0.006286380346864462,0.36854296922683716,0.0,0.6469528079032898,0.800000011920929,7.558594226837158,1.1188039779663086,-0.8991100788116455,7.558594226837158,7.558594703674316,0.0,7.558594226837158,0.4508342558212303,0.0,0.13862795458762367,2137.341261877009,0.8162465805849536,0.31522449072255126,1.4788397722061775,0.8588683123274155,1.5257434670242367,1.8173525069525502
0.9443724155426025,0.37848445773124695,0.48420193791389465,-0.6608781814575195,-0.6378160715103149,0.7701887488365173,8.431001663208008,0.007310541812330484,0.3811776041984558,1.0,0.6554834842681885,0.800000011920929,7.558594226837158,1.1152716875076294,-0.8724071979522705,7.558594226837158,7.558594703674316,0.0,7.558594226837158,0.47076396192405173,0.0,3.639962472339121,2140.981224349348,0.8121988371303481,0.32551213540134544,1.4663167336461382,0.878441605086229,1.4944243169777032,1.8374631713625327
0.9273681044578552,0.38315749168395996,0.49580538272857666,-0.6705539226531982,-0.6416426301002502,0.7670037746429443,8.13791275024414,0.006644588895142078,0.39180508255958557,0.0,0.6554834842681885,0.800000011920929,7.558594226837158,1.0765012502670288,-0.5793182849884033,7.558594226837158,7.558594703674316,0.0,7.558594226837158,0.489808208279396,0.026008548610210413,0.14071244405350947,2141.1219367934013,0.8086935943294659,0.3341251139624919,1.4535015490281724,0.8979950053338055,1.463528395031217,1.8571791246462728
0.9318290948867798,0.4003094434738159,0.5069766044616699,-0.6808854341506958,-0.6452730894088745,0.7639520168304443,7.9980573654174805,0.007497512269765139,0.40575653314590454,1.0,0.6640069484710693,0.800000011920929,7.558594226837158,1.0580008029937744,-0.43946290016174316,7.558594226837158,7.558594703674316,0.0,7.558594226837158,0.5084786227295283,0.039985812327861775,3.6384437256670585,2144.7603805190683,0.8039535536366512,0.3453747168749919,1.4404321352698664,0.9178721518876156,1.4327412407308744,1.8769011103483977
0.9159888625144958,0.4034060835838318,0.5181424617767334,-0.6898897290229797,-0.6481209397315979,0.7615374326705933,7.64985990524292,0.006857125088572502,0.41484615206718445,0.0,0.6640069484710693,0.800000011920929,7.558594226837158,1.0119404792785645,-0.09126544743776321,7.558594226837158,7.558594703674316,0.0,7.558594226837158,0.5261392452521543,0.07480567490339278,0.13685313324421627,2144.8972336523125,0.8007811365394314,0.3526679832778451,1.428620645280273,0.9347409486617606,1.4046344407721858,1.893306375883134
0.9221758842468262,0.41680917143821716,0.529982328414917,-0.6973468661308289,-0.6504687666893005,0.7595330476760864,8.358813285827637,0.008088212460279465,0.42450299859046936,1.0,0.6725214719772339,0.800000011920929,7.558594226837158,1.105722427368164,-0.8002188205718994,7.558594226837158,7.558594703674316,0.0,7.558594226837158,0.5429578763396722,0.003931345250606524,3.6315312820699335,2148.5287649343823,0.7973381857187084,0.36038447033940707,1.4178011870533958,0.9493833829187204,1.377920129046727,1.9072745282224801
0.9281695485115051,0.4306516647338867,0.5418092608451843,-0.7047911882400513,-0.6528096199035645,0.7575220465660095,8.369941711425781,0.009422184899449348,0.43441829085350037,1.0,0.6810253858566284,0.800000011920929,7.558594226837158,1.1071945428848267,-0.811347246170044,7.558594226837158,7.558594703674316,0.0,7.558594226837158,0.5590401770445304,0.0027969738936424182,3.6290176365718874,2152.157782570954,0.7937256565731955,0.3682723753423994,1.4067784264483043,0.9640216691088033,1.3508598486401762,1.9208973016028843
0.9130309224128723,0.4313892126083374,0.5536309480667114,-0.7122310996055603,-0.6551436185836792,0.7555043697357178,8.384171485900879,0.008897338062524796,0.4413905441761017,0.0,0.6810253858566284,0.800000011920929,7.558594226837158,1.1090768575668335,-0.8255770206451416,7.558594226837158,7.558594703674316,0.0,7.558594226837158,0.5740881935504083,0.001351799943447106,0.13498084225087179,2152.292763413205,0.7911386496562635,0.3737975088490808,1.3954401743542013,0.9784718118404718,1.323854913543033,1.9341875024056276
0.9187764525413513,0.44685035943984985,0.5644924640655518,-0.7211796045303345,-0.657004714012146,0.7538864612579346,7.287509918212891,0.010050182230770588,0.4526711404323578,1.0,0.6895167231559753,0.800000011920929,7.558594226837158,0.9640080332756042,0.2710845470428467,7.558594226837158,7.558594703674316,0.0,7.558594226837158,0.588726354369282,0.11099490642309189,3.6180705353321594,2155.9108339485374,0.7868717997410166,0.38269810499662094,1.384089104161559,0.9935223180733253,1.2975726310691298,1.9477818441605386
0.9036219120025635,0.4490959942340851,0.5750066637992859,-0.7306774258613586,-0.6586651802062988,0.7524361610412598,7.991365909576416,0.009170064702630043,0.46124109625816345,0.0,0.6895167231559753,0.800000011920929,7.558594226837158,1.0571156740188599,-0.4327714443206787,7.558594226837158,7.558594703674316,0.0,7.558594226837158,0.6026537689616445,0.040652056691646565,0.13637966874702132,2156.0472136172843,0.7835631313267403,0.38942733187609235,1.3725461115109605,1.0084435728733294,1.2718928387876298,1.9611994217464863
0.9109469056129456,0.4625876843929291,0.5855816602706909,-0.7384664416313171,-0.6591121554374695,0.7520446181297302,7.2695393562316895,0.010490912944078445,0.46987584233283997,1.0,0.6979937553405762,0.800000011920929,7.558594226837158,0.9616308808326721,0.28905510902404785,7.558594226837158,7.558594703674316,0.0,7.558594226837158,0.6159426352824267,0.11283523007154464,3.61330065608652,2159.660514273371,0.7801714713330274,0.39617868284667235,1.3634186192757038,1.01968665267596,1.2503235837569515,1.9708613929746017
0.898489773273468,0.46075788140296936,0.5961453914642334,-0.7453435659408569,-0.6590794920921326,0.7520732879638672,7.499019622802734,0.009919041767716408,0.4738459587097168,0.0,0.6979937553405762,0.800000011920929,7.558594226837158,0.9919870495796204,0.05957483500242233,7.558594226837158,7.558594703674316,0.0,7.558594226837158,0.6281215356825717,0.08993103105306625,0.13045554033278536,2159.7909698137037,0.7785924336088458,0.39927288154337326,1.3553294583127935,1.0289451957341746,1.2307981680296647,1.9785761015893284
0.9065554738044739,0.47339946031570435,0.6067009568214417,-0.7522046566009521,-0.6590460538864136,0.7521025538444519,8.571295738220215,0.011421900242567062,0.4812461733818054,1.0,0.706454336643219,0.800000011920929,7.558594226837158,1.1338300704956055,-1.0127012729644775,7.558594226837158,7.558594703674316,0.0,7.558594226837158,0.6397022756739987,0.0,3.611777196070281,2163.402747009774,0.7756164205779396,0.405023664076826,1.347083123117249,1.038478086075396,1.2111036605127488,1.9863925141765018
0.8941211104393005,0.4715604782104492,0.6172543168067932,-0.7590606808662415,-0.6590121984481812,0.75213223695755,8.544889450073242,0.010808441787958145,0.48532745242118835,0.0,0.706454336643219,0.800000011920929,7.558594226837158,1.1303369998931885,-0.9862949848175049,7.558594226837158,7.558594703674316,0.0,7.558594226837158,0.6503750812934396,0.0,0.12870732989795372,2163.531454339672,0.7739569005236743,0.40818571094181233,1.3387526052146372,1.047760999735195,1.1913470627094975,1.9938217356131618
0.9020090699195862,0.4846140742301941,0.6278074383735657,-0.7659155130386353,-0.6589778661727905,0.7521623373031616,8.527711868286133,0.012373764999210835,0.493010014295578,1.0,0.7148963809013367,0.800000011920929,7.558594226837158,1.128064751625061,-0.9691174030303955,7.558594226837158,7.558594703674316,0.0,7.558594226837158,0.660636747069058,0.0,3.6084595408569977,2167.139913880529,0.7707982427350903,0.41411963744925834,1.3302622604742733,1.0573470178186533,1.171448340391814,2.001433693892694
0.8894524574279785,0.48389577865600586,0.6376128196716309,-0.7741509675979614,-0.6585962176322937,0.7524965405464172,6.64412260055542,0.011488121934235096,0.4982542097568512,0.0,0.7148963809013367,0.800000011920929,7.558594226837158,0.878899335861206,0.9144718647003174,7.558594226837158,7.558594703674316,0.0,7.558594226837158,0.6702593945409793,0.17545079210042955,0.11372636438057682,2167.2536402449095,0.7686158817703792,0.4181561114018153,1.3216399578294837,1.067199704312233,1.1523666979740113,2.0093212677348253
0.8781985640525818,0.48132842779159546,0.6475409269332886,-0.7806796431541443,-0.6577888131141663,0.7532023787498474,6.473226070404053,0.010863383300602436,0.5013726353645325,0.0,0.7148963809013367,0.800000011920929,7.558594226837158,0.8562927842140198,1.0853683948516846,7.558594226837158,7.558594703674316,0.0,7.558594226837158,0.6790847367146535,0.19262179775953292,0.11053050181212026,2167.364170746722,0.7673081566994057,0.420550946811157,1.3144619931987371,1.074725683561268,1.1355741172313665,2.014950950629753
0.8881533741950989,0.4920188784599304,0.6578644514083862,-0.7856693863868713,-0.6564654111862183,0.7543561458587646,8.619457244873047,0.012706204317510128,0.5058934688568115,1.0,0.7233178019523621,0.800000011920929,7.558594226837158,1.1402009725570679,-1.0608627796173096,7.558594226837158,7.558594703674316,0.0,7.558594226837158,0.6873530122467383,0.0,3.6002873940947384,2170.9644581408165,0.7653992596456821,0.42401557130480716,1.3086837112896952,1.080294148085629,1.120659543979443,2.0186348691098552
0.8779445886611938,0.488076776266098,0.6677038669586182,-0.7915306687355042,-0.6548265814781189,0.7557791471481323,7.283990383148193,0.01213084440678358,0.5073854923248291,0.0,0.7233178019523621,0.800000011920929,7.558594226837158,0.9635424613952637,0.27460408210754395,7.558594226837158,7.558594703674316,0.0,7.558594226837158,0.6948063054502106,0.11163697292089461,0.12432675468046955,2171.088784895497,0.7647656755254231,0.42515705249703006,1.3030031131737003,1.0857775502471056,1.1065381052322103,2.022264220767451
0.8875033855438232,0.50047367811203,0.6772429347038269,-0.7982370853424072,-0.653075635433197,0.7572926878929138,6.643866539001465,0.013768763281404972,0.5134613513946533,1.0,0.7317162156105042,0.800000011920929,7.558594226837158,0.8788654804229736,0.9147279262542725,7.558594226837158,7.558594703674316,0.0,7.558594226837158,0.7020197574213338,0.17569231791257858,3.584409403173695,2174.6731942986708,0.7621683802306207,0.4297958399219992,1.2969781503335998,1.092153669295697,1.092309018985088,2.0267509981178273
0.8770526647567749,0.4972957968711853,0.686781108379364,-0.8049454092979431,-0.6513208150863647,0.7588024735450745,8.812514305114746,0.013008714653551579,0.5158072710037231,0.0,0.7317162156105042,0.800000011920929,7.558594226837158,1.1657390594482422,-1.2539198398590088,7.558594226837158,7.558594703674316,0.0,7.558594226837158,0.708628221877872,0.0,0.11887290135238493,2174.792067200023,0.7611578844758553,0.4315825745408025,1.2908745407011462,1.0982631273269303,1.0782209987303035,2.0309834302255014
0.8882078528404236,0.5072932839393616,0.6966235637664795,-0.8094485998153687,-0.6487746238708496,0.7609806060791016,8.766467094421387,0.015080691315233707,0.5189304351806641,1.0,0.7400893568992615,0.800000011920929,7.558594226837158,1.159647822380066,-1.2078726291656494,7.558594226837158,7.558594703674316,0.0,7.558594226837158,0.7147816247632552,0.0,3.58840145264427,2178.3804686526673,0.7598063000661013,0.43395766838614747,1.2871087540902744,1.1013909726966649,1.0671992756928157,2.0323055503092164
0.8812810778617859,0.5007598400115967,0.7053142189979553,-0.8132985830307007,-0.6454615592956543,0.7637927532196045,5.148290634155273,0.01471309456974268,0.516722559928894,0.0,0.7400893568992615,0.800000011920929,7.558594226837158,0.681027352809906,2.410303831100464,7.558594226837158,7.558594703674316,0.0,7.558594226837158,0.71998340867381,0.32533127640485765,0.08652290618368579,2178.466991558851,0.7607626148046952,0.4322790402754188,1.285177417220373,1.102049817793394,1.0605996204909118,2.031757996513968
0.8743236064910889,0.4942900240421295,0.7140017747879028,-0.8171383738517761,-0.6421360373497009,0.7665906548500061,9.146872520446777,0.01434494461864233,0.5145441889762878,0.0,0.7400893568992615,0.800000011920929,7.558594226837158,1.2099686861038208,-1.58827805519104,7.558594226837158,7.558594703674316,0.0,7.558594226837158,0.724347473459565,0.0,0.10579762639962767,2178.5727891852507,0.7617025753383886,0.43062090910409534,1.2832827734623453,1.102730358454157,1.0539395005309964,2.031205225272034
0.887212336063385,0.5039602518081665,0.7226910591125488,-0.8209758400917053,-0.6387980580329895,0.769374430179596,9.114060401916504,0.016584545373916626,0.5165778398513794,1.0,0.7484347224235535,0.800000011920929,7.558594226837158,1.2056282758712769,-1.5554659366607666,7.558594226837158,7.558594703674316,0.0,7.558594226837158,0.7284089013353228,0.0,3.5704399860315266,2182.143229171282,0.7608252655768369,0.43216904544219314,1.2814220652622732,1.1038009049874635,1.0469373073599368,2.0308809810605304
0.8802454471588135,0.49753862619400024,0.731382429599762,-0.8248129487037659,-0.6354475021362305,0.772144079208374,9.09522819519043,0.01618291065096855,0.5144587159156799,0.0,0.7484347224235535,0.800000011920929,7.558594226837158,1.2031370401382446,-1.5366337299346924,7.558594226837158,7.558594703674316,0.0,7.558594226837158,0.7317728519401645,0.0,0.1081338118590652,2182.2513629831415,0.7617392985528457,0.4305557666913123,1.279347381881301,1.1045990380131585,1.0402027751722027,2.0303939935387607
0.8746659159660339,0.4897623062133789,0.739625096321106,-0.8280404806137085,-0.6309888362884521,0.7757919430732727,6.650508880615234,0.015871498733758926,0.5104442834854126,0.0,0.7484347224235535,0.800000011920929,7.558594226837158,0.8797441124916077,0.9080855846405029,7.558594226837158,7.558594703674316,0.0,7.558594226837158,0.7343220562869333,0.17528055432081222,0.11305504206008407,2182.3644180252018,0.7634615845619566,0.4274943041307574,1.2794582436125341,1.1029054052109004,1.0374225462540094,2.0279085126734264
0.8896370530128479,0.4975799024105072,0.7477187514305115,-0.8304641246795654,-0.6263755559921265,0.7795214653015137,5.414041519165039,0.018453991040587425,0.5099603533744812,1.0,0.7567497491836548,0.800000011920929,7.558594226837158,0.7161814570426941,2.1445529460906982,7.558594226837158,7.558594703674316,0.0,7.558594226837158,0.7365205932294094,0.29900825993299485,3.5498369289894813,2185.914254954191,0.7636684066050895,0.4271247880769525,1.2803754728345424,1.1006101944045583,1.035389305262656,2.0247396149134786
0.8847298622131348,0.4891606569290161,0.7558095455169678,-0.832887589931488,-0.6217395663261414,0.7832240462303162,9.103384971618652,0.018256772309541702,0.5050613880157471,0.0,0.7567497491836548,0.800000011920929,7.558594226837158,1.2042160034179688,-1.544790506362915,7.558594226837158,7.558594703674316,0.0,7.558594226837158,0.737943503394795,0.0,0.10860802655042248,2186.0228629807416,0.7657517138828345,0.4233785114864157,1.2810412383929728,1.097999865139031,1.033641942230552,2.021381974647378
0.879902184009552,0.4806106984615326,0.7638996839523315,-0.835128128528595,-0.6170253753662109,0.786943256855011,9.093937873840332,0.01809137687087059,0.49992817640304565,0.0,0.7567497491836548,0.800000011920929,7.558594226837158,1.202966332435608,-1.5353434085845947,7.558594226837158,7.558594703674316,0.0,7.558594226837158,0.7386512320322506,0.0,0.10947428606563245,2186.132337266807,0.7679148346827916,0.4194421625962427,1.281905389803014,1.0951540744650183,1.0321715019601079,2.017875963690654
0.8956654071807861,0.4879398047924042,0.7716732025146484,-0.8368998169898987,-0.6120192408561707,0.7908428311347961,5.677176475524902,0.020940080285072327,0.4988259971141815,1.0,0.7650317549705505,0.800000011920929,7.558594226837158,0.750989556312561,1.881417989730835,7.558594226837158,7.558594703674316,0.0,7.558594226837158,0.7391572626849607,0.2728499218058586,3.550040993794981,2189.682378260602,0.7683767337190163,0.4185955858541538,1.2837072675584456,1.0917831102416715,1.0317385542071529,2.0138376063823804
0.8914909362792969,0.4789302945137024,0.7794499397277832,-0.8386664986610413,-0.606988787651062,0.7947103977203369,9.041438102722168,0.020838245749473572,0.492981493473053,0.0,0.7650317549705505,0.800000011920929,7.558594226837158,1.196021556854248,-1.4828436374664307,7.558594226837158,7.558594703674316,0.0,7.558594226837158,0.7389708565108989,0.0,0.11232019742965843,2189.7946984580317,0.7708099937077675,0.4140975948566035,1.2852203590726214,1.088036117894102,1.0315713098675414,2.009516382166612
0.8870163559913635,0.4702065587043762,0.7872300744056702,-0.8410232663154602,-0.6017032265663147,0.7987197637557983,5.419127464294434,0.02061774581670761,0.4874359369277954,0.0,0.7650317549705505,0.800000011920929,7.558594226837158,0.7168542742729187,2.1394670009613037,7.558594226837158,7.558594703674316,0.0,7.558594226837158,0.7381982079253971,0.298794192340374,0.09275995682707293,2189.887458414859,0.7730945754612539,0.40981669902324064,1.2866872724708827,1.0845123099844471,1.0315446405256943,2.0055177461683753
0.9030977487564087,0.47746071219444275,0.7948687672615051,-0.8421935439109802,-0.5967676639556885,0.802414059638977,9.171955108642578,0.023750191554427147,0.48633700609207153,1.0,0.7732780575752258,0.800000011920929,7.558594226837158,1.2132866382598877,-1.6133606433868408,7.558594226837158,7.558594703674316,0.0,7.558594226837158,0.7373950513609824,0.0,3.555444158111769,2193.4429025729705,0.7735444575859903,0.40896687765035566,1.288525207440879,1.0809400811947982,1.0312358359561309,2.001338426228511
0.8990000486373901,0.4685254395008087,0.8024166226387024,-0.844305157661438,-0.5912767648696899,0.8064687252044678,5.5870537757873535,0.02355066128075123,0.48043420910835266,0.0,0.7732780575752258,0.800000011920929,7.558594226837158,0.7390679121017456,1.9715406894683838,7.558594226837158,7.558594703674316,0.0,7.558594226837158,0.7360291676948002,0.28215641354322435,0.09609135224525744,2193.538993925216,0.775945090281368,0.40439376261107074,1.2904096002745613,1.0769119915799568,1.0319275999802948,1.9968861433762852
0.8948198556900024,0.4596676528453827,0.8099673390388489,-0.8464177250862122,-0.58575838804245,0.8104857206344604,9.081720352172852,0.023348785936832428,0.47454628348350525,0.0,0.7732780575752258,0.800000011920929,7.558594226837158,1.201350212097168,-1.5231258869171143,7.558594226837158,7.558594703674316,0.0,7.558594226837158,0.7341598128394413,0.0,0.11216556518343286,2193.6511594903996,0.7783126424199822,0.39981803061509363,1.2921594529192222,1.0729438600467938,1.0326025647467971,1.9925181402588903
0.911003828048706,0.46700024604797363,0.817437469959259,-0.8479442000389099,-0.5803373456001282,0.814376175403595,5.365067005157471,0.02656574733555317,0.47369384765625,1.0,0.7814857959747314,0.800000011920929,7.558594226837158,0.7097030282020569,2.1935274600982666,7.558594226837158,7.558594703674316,0.0,7.558594226837158,0.7324135090314944,0.3044998673796654,3.5358196495433263,2197.1869791399427,0.7786530910842395,0.39915440942900404,1.2942568978973874,1.0691776308502672,1.0330692260912708,1.9882566460952944
0.9070616960525513,0.4579617977142334,0.8248980641365051,-0.8495333790779114,-0.57492595911026,0.8182054758071899,9.143298149108887,0.02645520120859146,0.4675479233264923,0.0,0.7814857959747314,0.800000011920929,7.558594226837158,1.2094959020614624,-1.5847036838531494,7.558594226837158,7.558594703674316,0.0,7.558594226837158,0.7301687996522089,0.0,0.11001434763783363,2197.2969934875805,0.7810916117061738,0.39436140708448286,1.2961438937041663,1.06497021297692,1.0337678900956324,1.9836977302844843
0.9032216668128967,0.4487270414829254,0.8322309255599976,-0.8517042398452759,-0.568742573261261,0.822515606880188,5.4576029777526855,0.026209091767668724,0.4610901474952698,0.0,0.7814857959747314,0.800000011920929,7.558594226837158,0.7219438552856445,2.1009914875030518,7.558594226837158,7.558594703674316,0.0,7.558594226837158,0.7274382740351965,0.29540436609983445,0.09475309126343119,2197.391746578844,0.7836218850732788,0.3893090726858974,1.298612810761016,1.0601499109910844,1.0359495305536608,1.9786910843955823
0.9000656604766846,0.438777357339859,0.8394187092781067,-0.8524828553199768,-0.5627752542495728,0.8266099095344543,9.219210624694824,0.02626820281147957,0.45359349250793457,0.0,0.7814857959747314,0.800000011920929,7.558594226837158,1.2195377349853516,-1.660616159439087,7.558594226837158,7.558594703674316,0.0,7.558594226837158,0.7241450165584542,0.0,0.10758602119458047,2197.4993326000385,0.7865183704564737,0.38342365250392046,1.3015320860527966,1.0543545396584864,1.0386725280738476,1.9727677909740722
0.9168097376823425,0.44563621282577515,0.8466519117355347,-0.8536252975463867,-0.5569276213645935,0.8305610418319702,9.174948692321777,0.0297198798507452,0.45244383811950684,1.0,0.7896519899368286,0.800000011920929,7.558594226837158,1.2136826515197754,-1.61635422706604,7.558594226837158,7.558594703674316,0.0,7.558594226837158,0.7211023485715397,0.0,3.5464502008538856,2201.0457828008925,0.7869588021188283,0.38251924620215605,1.3041878767485393,1.0498251136136794,1.040226294750613,1.9679074176845652
0.9134275317192078,0.4363175332546234,0.8536039590835571,-0.8551244735717773,-0.5508170127868652,0.8346260786056519,3.3877663612365723,0.0295940600335598,0.44562506675720215,0.0,0.7896519899368286,0.800000011920929,7.558594226837158,0.44814127683639526,4.170827865600586,7.558594226837158,7.558594703674316,0.0,7.558594226837158,0.7175988609997805,0.5025405715727806,0.058138438463305665,2201.1039212393557,0.7895486549703707,0.3771442062881124,1.3069590212687034,1.0445252128014952,1.0429219197642614,1.9625781860831064
0.9099853038787842,0.427018940448761,0.8605596423149109,-0.8565851449966431,-0.5446587800979614,0.8386577367782593,9.638690948486328,0.029475994408130646,0.4387539029121399,0.0,0.7896519899368286,0.800000011920929,7.558594226837158,1.2750275135040283,-2.080096483230591,7.558594226837158,7.558594703674316,0.0,7.558594226837158,0.7136700711583207,0.0,0.08497856747683998,2201.1888998068325,0.7921214322686947,0.37171024760481297,1.3095904766072708,1.0392188079628022,1.0455712831384891,1.9571700586252836
0.9269145727157593,0.4340742230415344,0.8675010800361633,-0.8580040335655212,-0.5384485721588135,0.8426583409309387,9.629981994628906,0.033019643276929855,0.4379676878452301,1.0,0.7977735996246338,0.800000011920929,7.558594226837158,1.2738754749298096,-2.071387529373169,7.558594226837158,7.558594703674316,0.0,7.558594226837158,0.7101068647847574,0.0,3.5172749278557633,2204.7061747346884,0.7924134959075747,0.37108732778517,1.3124245004713035,1.034581413521535,1.0477607775463966,1.9522796062180472
0.9238673448562622,0.4244765639305115,0.8741950988769531,-0.8592792749404907,-0.5319747924804688,0.8467601537704468,6.4159016609191895,0.03292134404182434,0.4306897819042206,0.0,0.7977735996246338,0.800000011920929,7.558594226837158,0.848709762096405,1.1426928043365479,7.558594226837158,7.558594703674316,0.0,7.558594226837158,0.7060605393646137,0.20000377562284471,0.11359977167403726,2204.8197745063626,0.7950931947053889,0.3653104915671627,1.3155903650839025,1.0286183821240933,1.0514856216040633,1.9464718066503885
0.9202046990394592,0.4151456952095032,0.8812276721000671,-0.8610286712646484,-0.52544105052948,0.8508300185203552,4.7440924644470215,0.03271465003490448,0.4238056540489197,0.0,0.7977735996246338,0.800000011920929,7.558594226837158,0.6275591254234314,2.814502000808716,7.558594226837158,7.558594703674316,0.0,7.558594226837158,0.7016235813504437,0.36727974117040635,0.08348770300658198,2204.903262209369,0.7975892473863821,0.35982833741094067,1.3183369264366873,1.0232328731546771,1.0543754843894337,1.941134049511032
0.9167106747627258,0.40555232763290405,0.8881998062133789,-0.8624987006187439,-0.5187487006187439,0.8549267649650574,9.316946983337402,0.03257361426949501,0.41651538014411926,0.0,0.7977735996246338,0.800000011920929,7.558594226837158,1.232466459274292,-1.758352518081665,7.558594226837158,7.558594703674316,0.0,7.558594226837158,0.6967767051416063,0.0,0.10557167027315134,2205.008833879642,0.8001912015571288,0.354004172384359,1.3212197799561278,1.0174135781237734,1.0577004469888889,1.9353325643132913
0.9342939257621765,0.41174784302711487,0.8949434161186218,-0.863513171672821,-0.5118409395217896,0.8590802550315857,5.926943778991699,0.03635675087571144,0.4150972366333008,1.0,0.8058475255966187,0.800000011920929,7.558594226837158,0.7840293049812317,1.631650686264038,7.558594226837158,7.558594703674316,0.0,7.558594226837158,0.6923170658185451,0.24918996416807176,3.5304722118467673,2208.539306091489,0.8006924963293343,0.3528690428104253,1.3248547553695025,1.0115887776866317,1.0614481000913754,1.9294768825634119
0.9311003088951111,0.4018716812133789,0.9017260670661926,-0.8646915555000305,-0.5049696564674377,0.8631370663642883,9.006229400634766,0.03626653552055359,0.40745556354522705,0.0,0.8058475255966187,0.800000011920929,7.558594226837158,1.191364049911499,-1.4476349353790283,7.558594226837158,7.558594703674316,0.0,7.558594226837158,0.6873864835212473,0.0,0.12046521235072544,2208.6597713038395,0.8033654962641312,0.3467401293273318,1.3280972415393923,1.0052489428444213,1.0654519395798525,1.9233520864520879
0.9277995228767395,0.39213135838508606,0.9084898233413696,-0.8659082651138306,-0.4980810880661011,0.86713045835495,8.990735054016113,0.036164529621601105,0.3998756408691406,0.0,0.8058475255966187,0.800000011920929,7.558594226837158,1.1893144845962524,-1.432140588760376,7.558594226837158,7.558594703674316,0.0,7.558594226837158,0.6820322666204834,0.0,0.12160846707240017,2208.781379770912,0.8059707079296831,0.34064084877986456,1.331299922578631,0.998973021201603,1.0693670952374243,1.9173018465982588
0.9247486591339111,0.38245755434036255,0.9149738550186157,-0.8668178915977478,-0.4912724494934082,0.8710059523582458,4.881074905395508,0.036133382469415665,0.392158180475235,0.0,0.8058475255966187,0.800000011920929,7.558594226837158,0.6456794738769531,2.6775195598602295,7.558594226837158,7.558594703674316,0.0,7.558594226837158,0.6762693441302543,0.3539012349009514,0.08721069789850544,2208.8685904688105,0.8085755851219338,0.33441068804687885,1.334507592334068,0.9924875487607163,1.0735174637772973,1.91098428023211
0.9421945810317993,0.38857758045196533,0.9218130111694336,-0.8681396842002869,-0.48398175835609436,0.8750780820846558,5.695099830627441,0.039989035576581955,0.3911651074886322,1.0,0.8138704895973206,0.800000011920929,7.558594226837158,0.7533605098724365,1.863494634628296,7.558594226837158,7.558594703674316,0.0,7.558594226837158,0.6710495348367128,0.2726858778834343,3.5206317963727205,2212.389222265183,0.8089072979083508,0.3336076244765749,1.3379949983055859,0.9868027885096875,1.0771549526997588,1.9052733347692568
0.9388577342033386,0.37851637601852417,0.9286036491394043,-0.8693923354148865,-0.47661611437797546,0.8791115283966064,9.081972122192383,0.03985864669084549,0.3832334876060486,0.0,0.8138704895973206,0.800000011920929,7.558594226837158,1.2013834714889526,-1.5233776569366455,7.558594226837158,7.558594703674316,0.0,7.558594226837158,0.6653563873803481,0.0,0.11904978863352367,2212.5082720538167,0.8115278276844347,0.3271812150180967,1.3413606732834789,0.9800743745957923,1.0816391228767213,1.8988563504798164
0.9354718327522278,0.3684487044811249,0.9353859424591064,-0.8705739378929138,-0.4691873788833618,0.8830986618995667,9.062444686889648,0.03974602371454239,0.3752055764198303,0.0,0.8138704895973206,0.800000011920929,7.558594226837158,1.1988003253936768,-1.5038502216339111,7.558594226837158,7.558594703674316,0.0,7.558594226837158,0.6592138741734666,0.0,0.12040850190141368,2212.628680555718,0.8141283636297918,0.32065592320274977,1.3447772242000064,0.9732391799269695,1.086201242660806,1.8923850045516288
0.9532944560050964,0.3743956685066223,0.9419620633125305,-0.8715571761131287,-0.46174702048301697,0.8870116472244263,3.2658162117004395,0.0438440702855587,0.3742310404777527,1.0,0.8218391537666321,0.800000011920929,7.558594226837158,0.4320094585418701,4.292778015136719,7.558594226837158,7.558594703674316,0.0,7.558594226837158,0.65365687526123,0.5157525337862968,3.4711290491588156,2216.0998096048766,0.8144403687176431,0.31986226449872923,1.3484493470093277,0.9671820813165191,1.0902433582801774,1.8863222887230107
0.9500690698623657,0.36432862281799316,0.9485384225845337,-0.8725965619087219,-0.4542942941188812,0.8908516764640808,9.669610023498535,0.04374639689922333,0.3661808371543884,0.0,0.8218391537666321,0.800000011920929,7.558594226837158,1.2791175842285156,-2.111015558242798,7.558594226837158,7.558594703674316,0.0,7.558594226837158,0.6476102076916891,0.0,0.08844285526117919,2216.188252460138,0.8169888514423542,0.3132955183621226,1.3517915678011856,0.9602320736971676,1.0949225317959366,1.8796901391725984
0.9464439153671265,0.3539135754108429,0.9555351138114929,-0.8737471699714661,-0.4464879333972931,0.8947896361351013,6.606208324432373,0.04362831264734268,0.3578413426876068,0.0,0.8218391537666321,0.800000011920929,7.558594226837158,0.8738839626312256,0.9523861408233643,7.558594226837158,7.558594703674316,0.0,7.558594226837158,0.6410702512413208,0.18199737354040146,0.120754771982226,2216.30900723212,0.8195732588943198,0.3064715039117781,1.3551371418622271,0.9531342962249201,1.0995099576274459,1.8729304391538322
0.9423285722732544,0.34345030784606934,0.9629309773445129,-0.8749833703041077,-0.43860793113708496,0.8986785411834717,4.732300758361816,0.043496083468198776,0.3495068848133087,0.0,0.8218391537666321,0.800000011920929,7.558594226837158,0.6259992718696594,2.826293706893921,7.558594226837158,7.558594703674316,0.0,7.558594226837158,0.6340751230300002,0.36947175764799123,0.0859238767340807,2216.394931108854,0.8220989594470647,0.299630217087486,1.3582131782029916,0.9462850852245333,1.1034638835939687,1.866375218693328
0.9600518941879272,0.3482280969619751,0.9700669646263123,-0.8750849962234497,-0.43095865845680237,0.9023716449737549,9.511398315429688,0.048010874539613724,0.34795963764190674,1.0,0.829750120639801,0.800000011920929,7.558594226837158,1.2581889629364014,-1.9528038501739502,7.558594226837158,7.558594703674316,0.0,7.558594226837158,0.6276733282490573,0.0,3.5062254695075654,2219.9011565783617,0.822561596304711,0.2983578870352533,1.3617185496917463,0.9397203765501512,1.1068677608273663,1.8596715675244646
0.9560219049453735,0.33736130595207214,0.9774653911590576,-0.8760300278663635,-0.42287635803222656,0.9061874151229858,6.0219011306762695,0.047944575548172,0.3392384946346283,0.0,0.829750120639801,0.800000011920929,7.558594226837158,0.7965905070304871,1.5366933345794678,7.558594226837158,7.558594703674316,0.0,7.558594226837158,0.6207169655282543,0.24070778237104418,0.1105740603035632,2220.011730638665,0.8251322794622823,0.29117292992668353,1.364810565557084,0.9324617855697359,1.1110180945481687,1.8526527381392985
0.9515817761421204,0.3264501690864563,0.9851807355880737,-0.8770648837089539,-0.4146697223186493,0.9099720120429993,5.30927038192749,0.047859515994787216,0.33047935366630554,0.0,0.829750120639801,0.800000011920929,7.558594226837158,0.7023221254348755,2.249324083328247,7.558594226837158,7.558594703674316,0.0,7.558594226837158,0.6132424727309047,0.3120895431780815,0.09743938644190243,2220.109170025107,0.8276509922547768,0.2839344007507904,1.367731767669169,0.9253500167272005,1.114761278489155,1.8457763349927223
0.9690837860107422,0.3308033347129822,0.9926216006278992,-0.8770642280578613,-0.4066764712333679,0.9135722517967224,9.297961235046387,0.052582498639822006,0.32895421981811523,1.0,0.8375998139381409,0.800000011920929,7.558594226837158,1.2299550771713257,-1.7393667697906494,7.558594226837158,7.558594703674316,0.0,7.558594226837158,0.6064122357725932,0.0,3.5141469368548837,2223.623316961962,0.8280831727118356,0.28267185211364054,1.3712247638132316,0.9186572108520588,1.1179796856537703,1.839019925645497
0.9646161794662476,0.31946665048599243,1.000433087348938,-0.8778222799301147,-0.39826247096061707,0.9172714948654175,5.960277080535889,0.05256549268960953,0.3198160231113434,0.0,0.8375998139381409,0.800000011920929,7.558594226837158,0.7884387373924255,1.5983173847198486,7.558594226837158,7.558594703674316,0.0,7.558594226837158,0.5989621116642436,0.24715031709432603,0.11016101899314228,2223.733477980955,0.8306316129119333,0.275092962263745,1.3740766889268439,0.9112057380580901,1.1217451879316236,1.8317258104488223
0.9598234295845032,0.30813363194465637,1.00845205783844,-0.8787549138069153,-0.3896358907222748,0.9209690093994141,5.567820072174072,0.052498959004879,0.310638427734375,0.0,0.8375998139381409,0.800000011920929,7.558594226837158,0.7365236282348633,1.990774393081665,7.558594226837158,7.558594703674316,0.0,7.558594226837158,0.5909332086101167,0.2865184013056755,0.10302673016738961,2223.8365047111224,0.8331212171771576,0.26745821007206405,1.3768810631089092,0.9038061422250818,1.1254098856486046,1.8245353081815754
0.95501309633255,0.2968280017375946,1.0163999795913696,-0.8796115517616272,-0.38092875480651855,0.9246044158935547,9.120220184326172,0.052453555166721344,0.3013448417186737,0.0,0.8375998139381409,0.800000011920929,7.558594226837158,1.2064430713653564,-1.5616257190704346,7.558594226837158,7.558594703674316,0.0,7.558594226837158,0.5823489102741523,0.0,0.12241141983808496,2223.9589161309605,0.8355709253463203,0.2597041525726101,1.3797872139692795,0.8962468972673922,1.1292792406890138,1.8172823347757676
0.9724528193473816,0.3002244830131531,1.0240830183029175,-0.8799800872802734,-0.37168624997138977,0.9283584356307983,3.9213483333587646,0.057204242795705795,0.299445778131485,1.0,0.8453846573829651,0.800000011920929,7.558594226837158,0.5187246799468994,3.6372461318969727,7.558594226837158,7.558594703674316,0.0,7.558594226837158,0.5744647563295028,0.45131150598287584,3.4669369765446136,2227.425853107505,0.83606265267566,0.25811687735452754,1.3836892941482066,0.8886799769228424,1.1336481851523172,1.8097810526696312
0.9674544334411621,0.28823399543762207,1.0323131084442139,-0.880728006362915,-0.36241722106933594,0.9320159554481506,7.033436298370361,0.057179007679224014,0.2895568907260895,0.0,0.8453846573829651,0.800000011920929,7.558594226837158,0.9303986430168152,0.525158166885376,7.558594226837158,7.558594703674316,0.0,7.558594226837158,0.5658771606171615,0.14034742858171462,0.131812755765229,2227.5576658632704,0.8385741952341068,0.2498366803563366,1.3866460169726755,0.8805517902143407,1.137810640946463,1.8019226641602524
0.9619103074073792,0.2763228714466095,1.0409409999847412,-0.8815486431121826,-0.35313379764556885,0.9355728626251221,5.309023380279541,0.05713997408747673,0.27973246574401855,0.0,0.8453846573829651,0.800000011920929,7.558594226837158,0.7022894620895386,2.2495710849761963,7.558594226837158,7.558594703674316,0.0,7.558594226837158,0.5566497065907778,0.31284671421289445,0.09905316259341504,2227.656719025864,0.8409882326580556,0.2415862049943509,1.3892674002249907,0.872799864525191,1.1412078369109089,1.7944002364493494
0.9782094955444336,0.27990278601646423,1.049568772315979,-0.8823732137680054,-0.34381529688835144,0.9390372633934021,9.195131301879883,0.061901845037937164,0.27869126200675964,1.0,0.8531008958816528,0.800000011920929,7.558594226837158,1.2163524627685547,-1.6365368366241455,7.558594226837158,7.558594703674316,0.0,7.558594226837158,0.548331207897285,0.0,3.5102419089093604,2231.166960934773,0.8412392895326891,0.24071043661174168,1.3921505556372138,0.8665556471570994,1.143445714436402,1.7879787357630095
0.9724620580673218,0.26744455099105835,1.0584301948547363,-0.8832184672355652,-0.33392754197120667,0.9425987601280212,6.223226547241211,0.061832133680582047,0.2683829367160797,0.0,0.8531008958816528,0.800000011920929,7.558594226837158,0.823222279548645,1.3353679180145264,7.558594226837158,7.558594703674316,0.0,7.558594226837158,0.5392247156637194,0.2215878561139107,0.11700881993816441,2231.2839697547115,0.8436758008590958,0.23202602805215894,1.3948281241039355,0.8583162417746106,1.1472132619474207,1.7799608845379744
0.9888062477111816,0.2703128159046173,1.0671846866607666,-0.8836596608161926,-0.3240770399570465,0.9460306763648987,4.519620895385742,0.06687846779823303,0.26685285568237305,1.0,0.8607447147369385,0.800000011920929,7.558594226837158,0.5978655219078064,3.038973569869995,7.558594226837158,7.558594703674316,0.0,7.558594226837158,0.5309245707585,0.3920550277066231,3.4708596959660696,2234.754829450678,0.8440298938687877,0.23073487579969937,1.3980491670415458,0.8513112498609903,1.149987017005886,1.7728608766896023
0.9827008247375488,0.2577626705169678,1.07631516456604,-0.8841709494590759,-0.3143479824066162,0.9493077993392944,7.210081577301025,0.06690190732479095,0.25652143359184265,0.0,0.8607447147369385,0.800000011920929,7.558594226837158,0.9537656307220459,0.3485128879547119,7.558594226837158,7.558594703674316,0.0,7.558594226837158,0.5217928122301496,0.12321778226137162,0.13648312361868828,2234.8913125742965,0.8463686645721274,0.2220026618814014,1.4002997862853188,0.8433484626464296,1.1528684001895901,1.7650774756304175
0.9757407903671265,0.24524934589862823,1.0861387252807617,-0.8849642276763916,-0.30441516637802124,0.9525394439697266,4.84249210357666,0.06684087961912155,0.2462458610534668,0.0,0.8607447147369385,0.800000011920929,7.558594226837158,0.640575647354126,2.716102361679077,7.558594226837158,7.558594703674316,0.0,7.558594226837158,0.5119048085640311,0.36002412473917006,0.0909283066028197,2234.9822408808996,0.8486051882892793,0.21329417681550206,1.4019752335789746,0.8359619752886147,1.1546456301861205,1.757642806737692
0.9907960295677185,0.2479204684495926,1.0961062908172607,-0.8856536149978638,-0.29428333044052124,0.9557182192802429,7.216531276702881,0.0719369500875473,0.24518902599811554,1.0,0.8683122396469116,0.800000011920929,7.558594226837158,0.9546188116073608,0.34206318855285645,7.558594226837158,7.558594703674316,0.0,7.558594226837158,0.5029900141633384,0.12280965790033341,3.5186805736524467,2238.500921454552,0.8488300818939124,0.21239725235961232,1.4041949192955228,0.8300721853738027,1.1552601319251645,1.751368949543496
0.9834911823272705,0.23465344309806824,1.1063282489776611,-0.8863751292228699,-0.28361159563064575,0.958939254283905,5.7551727294921875,0.07187298685312271,0.23421354591846466,0.0,0.8683122396469116,0.800000011920929,7.558594226837158,0.7613070607185364,1.8034217357635498,7.558594226837158,7.558594703674316,0.0,7.558594226837158,0.49313006430990397,0.26899252074480057,0.10896080348646404,2238.6098822580384,0.8511100216492363,0.20306835499735565,1.406016193821509,0.8220536616966894,1.1574657363571808,1.743425165734089
0.975837767124176,0.2213505208492279,1.1167775392532349,-0.8870328068733215,-0.2727997601032257,0.9620708227157593,6.686267852783203,0.07183593511581421,0.22305677831172943,0.0,0.8683122396469116,0.800000011920929,7.558594226837158,0.8844743967056274,0.8723266124725342,7.558594226837158,7.558594703674316,0.0,7.558594226837158,0.4823664033563301,0.1760176980519295,0.12741241984648016,2238.737294677885,0.8533227149805788,0.1935603156027524,1.40768128022157,0.8140640771504222,1.1593708771075195,1.7354613545370103
0.990833580493927,0.22271192073822021,1.1270502805709839,-0.8872365355491638,-0.26166874170303345,0.9651577472686768,5.290074348449707,0.0772065669298172,0.2210976779460907,1.0,0.8757995367050171,0.800000011920929,7.558594226837158,0.6997828483581543,2.2685201168060303,7.558594226837158,7.558594703674316,0.0,7.558594226837158,0.4725028812576749,0.3157158724141121,3.476892661430032,2242.2141873393152,0.8537000764276971,0.1918881460578902,1.41032552150879,0.8069698404225416,1.1608551049141194,1.7281540201549332
0.9833471775054932,0.2088678777217865,1.1373217105865479,-0.8874329924583435,-0.25050151348114014,0.9681162238121033,9.193475723266602,0.07730316370725632,0.20929452776908875,0.0,0.8757995367050171,0.800000011920929,7.558594226837158,1.21613347530365,-1.6348812580108643,7.558594226837158,7.558594703674316,0.0,7.558594226837158,0.46157000060324294,0.0,0.12340031486475453,2242.33758765418,0.8559053887849198,0.18179864049479313,1.4121738581858068,0.7981729747689204,1.1634451506458638,1.7194655402808505
0.997955322265625,0.2105245739221573,1.147823691368103,-0.8877482414245605,-0.23933084309101105,0.9709380865097046,7.193423271179199,0.0827592983841896,0.2079075425863266,1.0,0.8832024335861206,0.800000011920929,7.558594226837158,0.9515620470046997,0.3651711940765381,7.558594226837158,7.558594703674316,0.0,7.558594226837158,0.4516586824447315,0.1255435756802559,3.5111035865740154,2245.848691240754,0.8561568143448918,0.18061131799762326,1.4143382071749555,0.7917467397146272,1.1640577704823372,1.7126465049431931
0.9896870255470276,0.19656439125537872,1.1587201356887817,-0.8880676627159119,-0.2278592437505722,0.9736940860748291,5.471807956695557,0.08277850598096848,0.19606123864650726,0.0,0.8832024335861206,0.800000011920929,7.558594226837158,0.7238229513168335,2.0867865085601807,7.558594226837158,7.558594703674316,0.0,7.558594226837158,0.440630653353425,0.29775350173234943,0.1043395247950869,2245.953030765549,0.858236256195593,0.1704566137039889,1.415775500482802,0.7833469751947117,1.1658297123576007,1.7043669359138305
1.0035320520401,0.1979174017906189,1.1699533462524414,-0.8883641362190247,-0.21627220511436462,0.9763330817222595,7.440120220184326,0.08836036175489426,0.19472183287143707,1.0,0.8905168771743774,0.800000011920929,7.558594226837158,0.9841957092285156,0.11847423762083054,7.558594226837158,7.558594703674316,0.0,7.558594226837158,0.43063945743772286,0.1010739669060707,3.5129902667880186,2249.4660210323373,0.8584638010522568,0.16930692931165123,1.417438227295352,0.7773056597370036,1.165440939966957,1.6977278344398379
0.9949819445610046,0.18372489511966705,1.1810206174850464,-0.8881969451904297,-0.20482738316059113,0.9787980914115906,6.36511754989624,0.0885329470038414,0.18259476125240326,0.0,0.8905168771743774,0.800000011920929,7.558594226837158,0.8419919610023499,1.193476915359497,7.558594226837158,7.558594703674316,0.0,7.558594226837158,0.41944188862042997,0.20860782672166825,0.122186056640194,2249.5882070889775,0.8604539787826869,0.15888412099534396,1.4186318319486633,0.7688765414165566,1.1666869242091211,1.689427245137586
0.9857569336891174,0.16980546712875366,1.192549705505371,-0.888247549533844,-0.19327589869499207,0.9811444282531738,5.930656909942627,0.0886244922876358,0.17058485746383667,0.0,0.8905168771743774,0.800000011920929,7.558594226837158,0.7845205068588257,1.6279375553131104,7.558594226837158,7.558594703674316,0.0,7.558594226837158,0.407163896548377,0.2521519836640358,0.11389154569036618,2249.702098634668,0.8623000471428881,0.14853893253777337,1.4191887378812222,0.7610754794755553,1.1669918173380354,1.6814739865810273
0.9989161491394043,0.17102286219596863,1.2043859958648682,-0.888245701789856,-0.18162931501865387,0.9833670854568481,7.487070083618164,0.09438267350196838,0.1695644110441208,1.0,0.8977385759353638,0.800000011920929,7.558594226837158,0.990406334400177,0.07152437418699265,7.558594226837158,7.558594703674316,0.0,7.558594226837158,0.39612489912417154,0.09663482688188552,3.50959386549991,2253.211692500168,0.8624510419973829,0.14765889186884706,1.4202258991376056,0.7557382501044574,1.1651961535078006,1.6754371771296195
0.9890117049217224,0.1569615602493286,1.2164498567581177,-0.8881206512451172,-0.16992530226707458,0.9854569435119629,6.6116414070129395,0.09450247883796692,0.15739278495311737,0.0,0.8977385759353638,0.800000011920929,7.558594226837158,0.8746026754379272,0.9469530582427979,7.558594226837158,7.558594703674316,0.0,7.558594226837158,0.38391330004936147,0.1842084703373909,0.1275983383978726,2253.339290838566,0.8641844124416975,0.13715077199246703,1.4203141665986345,0.7482891414201237,1.1645986035393725,1.6677809020984025
1.0017098188400269,0.15805445611476898,1.228674292564392,-0.8879085183143616,-0.158066526055336,0.9874284863471985,7.217776298522949,0.10043215751647949,0.15649448335170746,1.0,0.9048633575439453,0.800000011920929,7.558594226837158,0.95478355884552,0.3408181667327881,7.558594226837158,7.558594703674316,0.0,7.558594226837158,0.37295449945061515,0.12367828270196915,3.501258126105204,2256.840548964671,0.8643071750807982,0.1363744017284274,1.420975981866057,0.7432733312869084,1.162066780448225,1.6619235960349639
0.9912281632423401,0.14388588070869446,1.2411607503890991,-0.887543261051178,-0.14625616371631622,0.9892467260360718,6.9470086097717285,0.10060369223356247,0.14415232837200165,0.0,0.9048633575439453,0.800000011920929,7.558594226837158,0.918965756893158,0.6115858554840088,7.558594226837158,7.558594703674316,0.0,7.558594226837158,0.3607391071561685,0.15080198499917985,0.1344990892432466,2256.975048053914,0.8659245701476345,0.12569693864400597,1.4206275681423577,0.7361278234041252,1.1606695480303753,1.654512126124633
1.0037612915039062,0.14416876435279846,1.2535632848739624,-0.8865816593170166,-0.13398036360740662,0.9909839630126953,6.4667205810546875,0.10693363845348358,0.1426529437303543,1.0,0.9118867516517639,0.800000011920929,7.558594226837158,0.8554322123527527,1.0918738842010498,7.558594226837158,7.558594703674316,0.0,7.558594226837158,0.3496490823929928,0.19889396735429762,3.483354006352646,2260.458402060267,0.8661120141518379,0.12439839089892751,1.4212911257222751,0.7304682910364851,1.1581649295989223,1.647985673952954
0.9928421378135681,0.12942281365394592,1.266377568244934,-0.885858952999115,-0.12167023867368698,0.9925705790519714,6.5796356201171875,0.10721094906330109,0.12962494790554047,0.0,0.9118867516517639,0.800000011920929,7.558594226837158,0.8703688383102417,0.9789588451385498,7.558594226837158,7.558594703674316,0.0,7.558594226837158,0.33713369659047127,0.18769446021318434,0.12748870791083863,2260.5858907681777,0.8676591285342654,0.11310446260949908,1.420847288944666,0.7228993294656931,1.1567707744827955,1.640206922256986
1.0044852495193481,0.1304524540901184,1.2794461250305176,-0.8851689100265503,-0.1095612421631813,0.9939800500869751,7.854219436645508,0.11348002403974533,0.12914712727069855,1.0,0.9188044667243958,0.800000011920929,7.558594226837158,1.0389736890792847,-0.2956249713897705,7.558594226837158,7.558594703674316,0.0,7.558594226837158,0.32598986804265506,0.06032130042314528,3.5060283194944644,2264.091919087672,0.8677131179353912,0.11268986936667647,1.420569831012975,0.7188838524814444,1.1523401204895225,1.6350207281597327
1.0156031847000122,0.1317054182291031,1.2929069995880127,-0.8843344449996948,-0.09747086465358734,0.9952383637428284,6.797955513000488,0.11992201209068298,0.12896224856376648,1.0,0.9256119132041931,0.800000011920929,7.558594226837158,0.8992487192153931,0.760638952255249,7.558594226837158,7.558594703674316,0.0,7.558594226837158,0.3161180479748241,0.16595643962144851,3.485163423885525,2267.577082511558,0.8677340840143034,0.11252947399865483,1.4199076030544462,0.7154715110849693,1.1469340236506427,1.6302682350444149
1.0034626722335815,0.1172754094004631,1.306699275970459,-0.8833876848220825,-0.08541130274534225,0.9963457584381104,6.977397441864014,0.12016378343105316,0.1163429468870163,0.0,0.9256119132041931,0.800000011920929,7.558594226837158,0.9229856729507446,0.5811970233917236,7.558594226837158,7.558594703674316,0.0,7.558594226837158,0.30472660603588997,0.14808436940431594,0.13560457537794818,2267.7126870869356,0.8690847534112326,0.10157055261424378,1.4181197425888559,0.7095143208729694,1.1430025741379028,1.623743493355243
1.0144542455673218,0.11824014037847519,1.320185899734497,-0.8819848895072937,-0.07315707951784134,0.9973204135894775,8.017729759216309,0.12690289318561554,0.11603187024593353,1.0,0.9323046207427979,0.800000011920929,7.558594226837158,1.060603141784668,-0.4591352939605713,7.558594226837158,7.558594703674316,0.0,7.558594226837158,0.29460883472045335,0.0441124938225746,3.5020602383767256,2271.214747325312,0.869116463380728,0.10130025899138727,1.4173290479227958,0.705964760784191,1.1373879952222443,1.6187853777423526
1.0022380352020264,0.10347791761159897,1.333896279335022,-0.8806174993515015,-0.0608089305460453,0.9981493949890137,7.293291091918945,0.12728029489517212,0.10288231074810028,0.0,0.9323046207427979,0.800000011920929,7.558594226837158,0.9647728204727173,0.265303373336792,7.558594226837158,7.558594703674316,0.0,7.558594226837158,0.2828534527682618,0.11655529676675795,0.14209452445470974,2271.356841849767,0.8703731289471872,0.08986327923270498,1.4155709389055213,0.6995465199214222,1.1338081261408446,1.6119121336012534
1.0124038457870483,0.10522651672363281,1.3479992151260376,-0.8792824149131775,-0.04885121434926987,0.9988060593605042,7.226737022399902,0.13399319350719452,0.10356542468070984,1.0,0.9388781189918518,0.800000011920929,7.558594226837158,0.9559688568115234,0.33185744285583496,7.558594226837158,7.558594703674316,0.0,7.558594226837158,0.2726287579291179,0.12325310625314712,3.487426974530215,2274.844268824297,0.8703115566210516,0.09045787448338856,1.413805162037408,0.6976817854516046,1.126180627279984,1.608268763809151
0.9993979334831238,0.09121042490005493,1.362245798110962,-0.8777981996536255,-0.03701070696115494,0.9993148446083069,8.010071754455566,0.13434377312660217,0.09101323783397675,0.0,0.9388781189918518,0.800000011920929,7.558594226837158,1.0595901012420654,-0.4514772891998291,7.558594226837158,7.558594703674316,0.0,7.558594226837158,0.26088003690271505,0.04496602882623671,0.1524617467706111,2274.996730571068,0.8713783673503239,0.07952671463346214,1.4110371005485953,0.6928002875652486,1.1206126440592739,1.6026572775896397
1.008933424949646,0.09346046298742294,1.3767988681793213,-0.8762004375457764,-0.025339853018522263,0.999678909778595,7.341844081878662,0.14116650819778442,0.09236933290958405,1.0,0.9453276991844177,0.800000011920929,7.558594226837158,0.9711955189704895,0.2167503833770752,7.558594226837158,7.558594703674316,0.0,7.558594226837158,0.250809404673354,0.11178819177865981,3.486544247215231,2278.483274818283,0.8712698255748107,0.08070830374925403,1.4084391728088206,0.6921785935288304,1.111294641447653,1.5998990651313976
1.0186617374420166,0.09533078968524933,1.391012191772461,-0.8738703727722168,-0.013568621128797531,0.9999079704284668,8.19744873046875,0.1484449952840805,0.09331256151199341,1.0,0.9516487717628479,0.800000011920929,7.558594226837158,1.0843768119812012,-0.6388542652130127,7.558594226837158,7.558594703674316,0.0,7.558594226837158,0.24212917907039672,0.02626721627473829,3.493739686449738,2281.977014504733,0.8711935121955803,0.08153007171061916,1.4062082019858022,0.6908213124061277,1.1024765764270659,1.596526123803432
1.005208969116211,0.08158417791128159,1.4055026769638062,-0.8719326257705688,-0.0020111100748181343,0.9999979734420776,7.5091681480407715,0.14884930849075317,0.08098390698432922,0.0,0.9516487717628479,0.800000011920929,7.558594226837158,0.9933294653892517,0.04942630976438522,7.558594226837158,7.558594703674316,0.0,7.558594226837158,0.23177139307413336,0.09508342759370803,0.14669115128637955,2282.123705656019,0.8721324978212454,0.0707834883245017,1.4025351051658828,0.6868586538778917,1.095579096587224,1.5915443743819757
1.0143883228302002,0.08445585519075394,1.4200632572174072,-0.8698505759239197,0.009518366307020187,0.9999547004699707,8.110340118408203,0.15595990419387817,0.08306633681058884,1.0,0.9578368067741394,0.800000011920929,7.558594226837158,1.0728538036346436,-0.5517456531524658,7.558594226837158,7.558594703674316,0.0,7.558594226837158,0.22308965076317655,0.03499568046808241,3.490892372038422,2285.6145980280576,0.8719828279951333,0.07259945669273812,1.399535832764758,0.6870945670694565,1.0853206303258258,1.589423853643563
1.0005131959915161,0.07095923274755478,1.4347912073135376,-0.8676100969314575,0.020912429317831993,0.9997813105583191,7.745289325714111,0.15642496943473816,0.07080427557229996,0.0,0.9578368067741394,0.800000011920929,7.558594226837158,1.0245641469955444,-0.18669486045837402,7.558594226837158,7.558594703674316,0.0,7.558594226837158,0.21272668192400024,0.07149413933038709,0.15082055714064144,2285.7654185851984,0.8728074293248786,0.06190196250002864,1.3953598716868403,0.683764604301873,1.0775508610613382,1.5849859751894897
1.0090124607086182,0.07479988783597946,1.4498193264007568,-0.8653680682182312,0.031860098242759705,0.999492347240448,7.749355316162109,0.16354134678840637,0.07399643212556839,1.0,0.9638870358467102,0.800000011920929,7.558594226837158,1.0251020193099976,-0.19076085090637207,7.558594226837158,7.558594703674316,0.0,7.558594226837158,0.20428843711410455,0.07110282292604445,3.4858351902557936,2289.251253775454,0.8726056391426162,0.06468781892066613,1.391259849943225,0.685831897926143,1.065099623973133,1.584174370767085
1.017582654953003,0.07819180935621262,1.4645930528640747,-0.8625576496124268,0.043157871812582016,0.9990682601928711,7.789924621582031,0.1710183173418045,0.07669004052877426,1.0,0.9697948694229126,0.800000011920929,7.558594226837158,1.0304685831069946,-0.23133015632629395,7.558594226837158,7.558594703674316,0.0,7.558594226837158,0.19743722465716143,0.06706093106508253,3.4846036215464884,2292.7358573970005,0.8724281725841082,0.06703804578036537,1.3875636579313018,0.6870877580197555,1.0533374137187295,1.582674701217658
1.0034211874008179,0.06467508524656296,1.479444980621338,-0.8597623109817505,0.05447489768266678,0.9985151290893555,8.202168464660645,0.17157459259033203,0.06436554342508316,0.0,0.9697948694229126,0.800000011920929,7.558594226837158,1.0850011110305786,-0.6435739994049072,7.558594226837158,7.558594703674316,0.0,7.558594226837158,0.18866512529277701,0.025849151279926277,0.15241992106366076,2292.888277318064,0.873188135997264,0.05628097121914964,1.382743896556458,0.6842159679173708,1.0448151226997078,1.5785208038948686
1.0116162300109863,0.06861747801303864,1.494401216506958,-0.8568465709686279,0.06567603349685669,0.9978410005569458,7.806707859039307,0.17901736497879028,0.06772581487894058,1.0,0.9755556583404541,0.800000011920929,7.558594226837158,1.0326887369155884,-0.24811339378356934,7.558594226837158,7.558594703674316,0.0,7.558594226837158,0.18167043667252986,0.06538308173418043,3.4815450095555214,2296.3698223276197,0.8729939492607395,0.05921476493991689,1.3784789545239735,0.6864204022569156,1.0321148315892372,1.5776692219553083
1.019228458404541,0.0738343745470047,1.5097026824951172,-0.8540570735931396,0.07625656574964523,0.9970882534980774,7.966022968292236,0.1863803118467331,0.07231511920690536,1.0,0.9811647534370422,0.800000011920929,7.558594226837158,1.0537632703781128,-0.407428503036499,7.558594226837158,7.558594703674316,0.0,7.558594226837158,0.17651441960175432,0.049463168337345105,3.480917429325735,2299.8507397569456,0.8727130898284793,0.0632206155116958,1.3733758472896984,0.6904162731247778,1.0175919609491841,1.5781866941695313
1.004539966583252,0.06105225533246994,1.5248922109603882,-0.8507874011993408,0.08685672283172607,0.9962208271026611,8.325519561767578,0.18694919347763062,0.06070166826248169,0.0,0.9811647534370422,0.800000011920929,7.558594226837158,1.1013182401657104,-0.7669250965118408,7.558594226837158,7.558594703674316,0.0,7.558594226837158,0.1693895661539027,0.013515547611713391,0.15144022623528836,2300.0021799831807,0.8733883766251624,0.05308138151679667,1.367352301279981,0.6891911445602324,1.006961865165929,1.575228524495855
1.012121319770813,0.06609861552715302,1.5400090217590332,-0.8474293351173401,0.09760347008705139,0.9952253699302673,7.984172344207764,0.19452549517154694,0.06521440297365189,1.0,0.9866176247596741,0.800000011920929,7.558594226837158,1.0561641454696655,-0.42557787895202637,7.558594226837158,7.558594703674316,0.0,7.558594226837158,0.16410561943354546,0.04763073819398878,3.4777216721998228,2303.4799016553807,0.8731399375955521,0.0570221824950871,1.3621715112494472,0.692994931609174,0.9924835221889861,1.5754192165744771
1.019456148147583,0.07186259329319,1.5551481246948242,-0.8441362977027893,0.10820788890123367,0.9941282868385315,8.515064239501953,0.2020585983991623,0.07037469744682312,1.0,0.9919096827507019,0.800000011920929,7.558594226837158,1.1263916492462158,-0.9564697742462158,7.558594226837158,7.558594703674316,0.0,7.558594226837158,0.16058689982179006,0.0,3.4719163775369637,2306.951818032918,0.8728340624953962,0.061527042206697344,1.3566644635901282,0.6975495729994248,0.9774904975840644,1.576179878913899
1.00471031665802,0.059365518391132355,1.5702762603759766,-0.840557336807251,0.11866986751556396,0.9929337501525879,7.930731773376465,0.2025568038225174,0.059018574655056,0.0,0.9919096827507019,0.800000011920929,7.558594226837158,1.0490949153900146,-0.37213730812072754,7.558594226837158,7.558594703674316,0.0,7.558594226837158,0.15496131392144208,0.0529757449364662,0.15256874594427006,2307.104386778862,0.8734764766109387,0.051611222845829724,1.3502092838963529,0.6968930211398272,0.9664297606780983,1.5736934418217434
1.011834979057312,0.06558828055858612,1.5853992700576782,-0.8369797468185425,0.12911885976791382,0.9916291236877441,8.56497573852539,0.2100992649793625,0.06473056972026825,1.0,0.9970363974571228,0.800000011920929,7.558594226837158,1.1329940557479858,-1.0063812732696533,7.558594226837158,7.558594703674316,0.0,7.558594226837158,0.15126741838173985,0.0,3.467684688641232,2310.5720714675035,0.8731674566695558,0.0565997068072511,1.3443197912264733,0.702109984721786,0.9507357352923365,1.5748171374290347
1.0186402797698975,0.07246794551610947,1.6005399227142334,-0.8331323862075806,0.13917073607444763,0.9902684092521667,8.046609878540039,0.21777348220348358,0.07102218270301819,1.0,1.0019932985305786,0.800000011920929,7.558594226837158,1.0644234418869019,-0.48801541328430176,7.558594226837158,7.558594703674316,0.0,7.558594226837158,0.14940233034013706,0.04139209051370619,3.4710966328533632,2314.043168100357,0.8727941045686968,0.06209218843053892,1.33783047254515,0.7081460656448931,0.9340353485644295,1.576428015036665
1.0037729740142822,0.0605241023004055,1.6156588792800903,-0.8291428685188293,0.14912812411785126,0.9888178706169128,8.308194160461426,0.2182321846485138,0.06022368744015694,0.0,1.0019932985305786,0.800000011920929,7.558594226837158,1.0990264415740967,-0.7495996952056885,7.558594226837158,7.558594703674316,0.0,7.558594226837158,0.14536079571144478,0.015230865728855111,0.15162464378921134,2314.194792744146,0.8734136399967609,0.05266390063198714,1.3306067649238107,0.7085239679501253,0.9218729187601119,1.574712476292453
1.0103594064712524,0.06788469851016998,1.6307681798934937,-0.8250163197517395,0.1590188443660736,0.9872755408287048,8.124153137207031,0.2258845418691635,0.06708783656358719,1.0,1.0067760944366455,0.800000011920929,7.558594226837158,1.074681043624878,-0.565558671951294,7.558594226837158,7.558594703674316,0.0,7.558594226837158,0.1433193188728154,0.033616476404666876,3.4677204121620635,2317.6625131563083,0.8730315214302049,0.05865783213266934,1.3237343679355527,0.7152157096612571,0.9044781580177217,1.5766545622133346
1.0164849758148193,0.07659686356782913,1.6460793018341064,-0.8211345076560974,0.16837432980537415,0.9857231378555298,8.238720893859863,0.23330654203891754,0.0752125009894371,1.0,1.0113804340362549,0.800000011920929,7.558594226837158,1.0898363590240479,-0.680126428604126,7.558594226837158,7.558594703674316,0.0,7.558594226837158,0.14331507278793398,0.02215225155115125,3.465390467334457,2321.127903623643,0.8725261504730979,0.06574885973476283,1.3160260608119052,0.7235021040021935,0.8856855152656578,1.5797384802214458
1.0013142824172974,0.06561868637800217,1.6613984107971191,-0.8168322443962097,0.17754144966602325,0.984113335609436,8.099932670593262,0.23360586166381836,0.06543899327516556,0.0,1.0113804340362549,0.800000011920929,7.558594226837158,1.0714771747589111,-0.5413382053375244,7.558594226837158,7.558594703674316,0.0,7.558594226837158,0.1411485532433903,0.03601675062417982,0.1527909706334386,2321.280694594276,0.8731271830394267,0.05721820634291774,1.30759689541357,0.7255942536353045,0.8715795254022529,1.5791711606829841
1.0069994926452637,0.07479992508888245,1.6768171787261963,-0.8123854398727417,0.18651631474494934,0.982451856136322,8.163130760192871,0.2411131113767624,0.07414384186267853,1.0,1.015802025794983,0.800000011920929,7.558594226837158,1.0798370838165283,-0.6045362949371338,7.558594226837158,7.558594703674316,0.0,7.558594226837158,0.1411638131951233,0.029690945703983285,3.4625047797952906,2324.7431993740715,0.8725960990424468,0.06481644063307435,1.2990987095564523,0.7347550312631399,0.8514558156668177,1.5826726230658537
1.0123077630996704,0.08460941910743713,1.6922773122787476,-0.807804524898529,0.19528943300247192,0.9807456731796265,8.181900978088379,0.248612642288208,0.08338690549135208,1.0,1.0200368165969849,0.800000011920929,7.558594226837158,1.0823200941085815,-0.6233065128326416,7.558594226837158,7.558594703674316,0.0,7.558594226837158,0.14321215391008016,0.02780413606882093,3.4606325380146568,2328.203831912086,0.8719597295054243,0.0728790310542492,1.290110917691395,0.7445805616093378,0.830536791513957,1.5864304273886614
1.0171189308166504,0.09560360014438629,1.7079085111618042,-0.8033415079116821,0.20359103381633759,0.9790560007095337,8.455390930175781,0.2559102177619934,0.09371916204690933,1.0,1.0240808725357056,0.800000011920929,7.558594226837158,1.1184979677200317,-0.896796464920044,7.558594226837158,7.558594703674316,0.0,7.558594226837158,0.1472790220488118,0.00044422680139539344,3.4559474813785642,2331.6597793934648,0.8711602215912668,0.0818843098424844,1.2802583560661627,0.7557375260715995,0.8083217301838854,1.5910365604333854
1.0017238855361938,0.08576373010873795,1.7234036922454834,-0.7985687851905823,0.21172037720680237,0.9773302674293518,8.282512664794922,0.2559107542037964,0.08540785312652588,0.0,1.0240808725357056,0.800000011920929,7.558594226837158,1.0956292152404785,-0.7239181995391846,7.558594226837158,7.558594703674316,0.0,7.558594226837158,0.14905118534277897,0.01770472988367078,0.15156529436872482,2331.8113446878333,0.8718106097690927,0.07464110296983309,1.270252191612467,0.7598994184512039,0.7917855455212399,1.5917423068020697
1.0062698125839233,0.09778784215450287,1.7390388250350952,-0.7941566705703735,0.2196866124868393,0.9755704998970032,8.459593772888184,0.2628558278083801,0.09687436372041702,1.0,1.0279302597045898,0.800000011920929,7.558594226837158,1.1190539598464966,-0.9009993076324463,7.558594226837158,7.558594703674316,0.0,7.558594226837158,0.1531176628715362,0.0,3.452495923212068,2335.2638406110455,0.8708972953999023,0.08463259591390399,1.259817106337772,0.7721364319376013,0.7687354170222707,1.5970332352189625
1.0104734897613525,0.11003819108009338,1.7545286417007446,-0.7892074584960938,0.22742992639541626,0.9737944602966309,8.351502418518066,0.27004554867744446,0.10847022384405136,1.0,1.031581163406372,0.800000011920929,7.558594226837158,1.1047554016113281,-0.7929079532623291,7.558594226837158,7.558594703674316,0.0,7.558594226837158,0.1592140084889227,0.01078880375146863,3.4521409899010704,2338.7159816009466,0.869857455996701,0.09472541432067944,1.2488388228699696,0.7845258045870629,0.7450447402971135,1.6021304897594544
0.9949888586997986,0.10115686804056168,1.770073652267456,-0.7841891646385193,0.23479579389095306,0.9720447063446045,8.452452659606934,0.26975932717323303,0.10131821036338806,0.0,1.031581163406372,0.800000011920929,7.558594226837158,1.1181092262268066,-0.8938581943511963,7.558594226837158,7.558594703674316,0.0,7.558594226837158,0.16304893011571311,0.0006726894974708325,0.14920246087000796,2338.8651840618168,0.8705127705351327,0.08850180135518745,1.2375974967884047,0.7901262084286608,0.7268716684113921,1.6036342477943386
0.9988627433776855,0.11414095759391785,1.7855135202407837,-0.7789755463600159,0.24218063056468964,0.9702311754226685,8.336485862731934,0.27676963806152344,0.11377739906311035,1.0,1.0350301265716553,0.800000011920929,7.558594226837158,1.102768898010254,-0.7778913974761963,7.558594226837158,7.558594703674316,0.0,7.558594226837158,0.16911661563007008,0.01224222202539442,3.448882723521242,2342.314066785338,0.8693426144445962,0.09934051629189905,1.2258614385848654,0.8033011443792915,0.7021912958602358,1.6089854915776822
1.002286672592163,0.12789233028888702,1.8009780645370483,-0.7737112045288086,0.24931204319000244,0.9684231877326965,8.398200035095215,0.283653199672699,0.12691472470760345,1.0,1.0382736921310425,0.800000011920929,7.558594226837158,1.1109325885772705,-0.8396055698394775,7.558594226837158,7.558594703674316,0.0,7.558594226837158,0.177267721486929,0.00605061563730238,3.446180996615484,2345.7602477819537,0.8679625023139671,0.11075248574675547,1.2135631409025565,0.8171602363323005,0.6767433514033301,1.6146289555332698
1.005344033241272,0.14195281267166138,1.8163611888885498,-0.7682512998580933,0.25646722316741943,0.9665529131889343,8.376727104187012,0.290519118309021,0.14027094841003418,1.0,1.0413084030151367,0.800000011920929,7.558594226837158,1.1080920696258545,-0.8181326389312744,7.558594226837158,7.558594703674316,0.0,7.558594226837158,0.18726626203997723,0.008174016726016982,3.4445022149891322,2349.2047499969426,0.8664058565790548,0.1223349841725499,1.2008897038901778,0.8311182076222494,0.6510966236658884,1.6201611134574876
1.0079518556594849,0.15675798058509827,1.8317382335662842,-0.7627643942832947,0.2633949816226959,0.9646880626678467,8.376519203186035,0.2972301244735718,0.15428532660007477,1.0,1.0441313982009888,0.800000011920929,7.558594226837158,1.1080646514892578,-0.8179247379302979,7.558594226837158,7.558594703674316,0.0,7.558594226837158,0.1989894104303174,0.00817220319986342,3.442493700785755,2352.6472436977283,0.864606373989349,0.13446470075045452,1.1876320088552272,0.8456623458151807,0.624798246773079,1.6259240248070441
0.9927493333816528,0.14834104478359222,1.8470888137817383,-0.7571662068367004,0.2702521085739136,0.9627895951271057,8.34751033782959,0.2964076101779938,0.1483270227909088,0.0,1.0441313982009888,0.800000011920929,7.558594226837158,1.1042273044586182,-0.7889158725738525,7.558594226837158,7.558594703674316,0.0,7.558594226837158,0.20810569726408001,0.011050498583316797,0.14966927091407484,2352.7969129686426,0.8653921098870125,0.12931079992823358,1.1751961602654628,0.8521053353055512,0.6056571129498376,1.6278256099183837
0.9951132535934448,0.1636728048324585,1.8622889518737793,-0.7514630556106567,0.2770169973373413,0.9608650207519531,8.40732192993164,0.30287277698516846,0.16301700472831726,1.0,1.0467396974563599,0.800000011920929,7.558594226837158,1.1121392250061035,-0.8487274646759033,7.558594226837158,7.558594703674316,0.0,7.558594226837158,0.21916058236907832,0.005048488752841938,3.438510400240335,2356.235423368883,0.8633993112693892,0.14200902196448817,1.1614450997255985,0.8669697973660231,0.578970475454015,1.6335556120747232
0.9970616102218628,0.17951703071594238,1.8774303197860718,-0.745700478553772,0.2837187647819519,0.9589075446128845,8.338300704956055,0.3091970384120941,0.17813757061958313,1.0,1.0491306781768799,0.800000011920929,7.558594226837158,1.1030089855194092,-0.7797062397003174,7.558594226837158,7.558594703674316,0.0,7.558594226837158,0.23195745457666322,0.011926171934604629,3.437301500832305,2359.6727248697152,0.8611533149535497,0.1550473840960835,1.1473036123561569,0.8820961887138338,0.552001611904629,1.6393131517618398
0.9985194206237793,0.19596947729587555,1.8925628662109375,-0.7398899793624878,0.2902798056602478,0.9569418430328369,8.378360748291016,0.31534820795059204,0.19379688799381256,1.0,1.0513015985488892,0.800000011920929,7.558594226837158,1.10830819606781,-0.8197662830352783,7.558594226837158,7.558594703674316,0.0,7.558594226837158,0.24633580665135948,0.007899869558811175,3.434656694167775,2363.107381563883,0.8586201948217651,0.16851285583565737,1.13255744951162,0.897603160214131,0.5245475323746142,1.6451710263886181
0.983782947063446,0.18744981288909912,1.9074450731277466,-0.7336138486862183,0.29692453145980835,0.9549009799957275,8.473835945129395,0.314301460981369,0.18828290700912476,0.0,1.0513015985488892,0.800000011920929,7.558594226837158,1.1209379434585571,-0.9152414798736572,7.558594226837158,7.558594703674316,0.0,7.558594226837158,0.25794320337805704,0.0,0.1467282215984498,2363.2541097854814,0.8595361097379861,0.16377590911820405,1.1195044981884728,0.9038997339417635,0.5053430921685608,1.6467628750039909
0.98509681224823,0.20392395555973053,1.9222874641418457,-0.7274870872497559,0.3036564588546753,0.9527815580368042,8.297894477844238,0.3202688694000244,0.20412585139274597,1.0,1.0532503128051758,0.800000011920929,7.558594226837158,1.0976639986038208,-0.739300012588501,7.558594226837158,7.558594703674316,0.0,7.558594226837158,0.2712635736778277,0.015923794958591447,3.4319144006317868,2366.686024186113,0.8568338864441037,0.1773722974344583,1.1046409029684958,0.919075955976487,0.47824861761678855,1.6522501375421463
0.9859169125556946,0.22087806463241577,1.9371232986450195,-0.7213099002838135,0.310346782207489,0.9506233930587769,8.384955406188965,0.32604435086250305,0.22039398550987244,1.0,1.0549747943878174,0.800000011920929,7.558594226837158,1.1091805696487427,-0.8263609409332275,7.558594226837158,7.558594703674316,0.0,7.558594226837158,0.28610387825002104,0.007199828455448136,3.428651911209994,2370.1146760973234,0.8538349022879803,0.1912873452021037,1.0893647190130047,0.9345013667006857,0.45085674320161406,1.6577719711483339
0.9863116145133972,0.2381940633058548,1.9518686532974243,-0.7150478363037109,0.3170405626296997,0.9484120011329651,8.26104736328125,0.3316723108291626,0.23696263134479523,1.0,1.0564731359481812,0.800000011920929,7.558594226837158,1.0927897691726685,-0.7024528980255127,7.558594226837158,7.558594703674316,0.0,7.558594226837158,0.30226277096035176,0.019567535421848282,3.427735119627118,2373.5424112169503,0.8505485064150764,0.2054073171725759,1.0737741392958304,0.949986181091054,0.42337963267805595,1.6632195284392093
0.9863889217376709,0.25510963797569275,1.9662396907806396,-0.708137035369873,0.32385537028312683,0.9461066126823425,8.549860954284668,0.3376074433326721,0.253084272146225,1.0,1.0577436685562134,0.800000011920929,7.558594226837158,1.1309946775436401,-0.9912664890289307,7.558594226837158,7.558594703674316,0.0,7.558594226837158,0.31942364519345245,0.0,3.42123119931781,2376.963642416268,0.8471265899268227,0.21909223457851157,1.0580037768128825,0.9648115526399963,0.3960541631016312,1.6679423315069486
0.9726086258888245,0.24623537063598633,1.9805402755737305,-0.7015717625617981,0.3309483826160431,0.9436488747596741,8.17732048034668,0.33582445979118347,0.24796000123023987,0.0,1.0577436685562134,0.800000011920929,7.558594226837158,1.081714153289795,-0.6187260150909424,7.558594226837158,7.558594703674316,0.0,7.558594226837158,0.33365137271796613,0.027924560873508433,0.14788791696382964,2377.111530333232,0.8482382961067788,0.2147484360621597,1.045202174301104,0.9703082713327759,0.37847014568172954,1.6692641402868473
0.9727145433425903,0.2631198763847351,1.994544506072998,-0.6945653557777405,0.33811065554618835,0.941106379032135,8.491479873657227,0.34144532680511475,0.2641783654689789,1.0,1.058785080909729,0.800000011920929,7.558594226837158,1.1232718229293823,-0.9328854084014893,7.558594226837158,7.558594703674316,0.0,7.558594226837158,0.3490713946280765,0.0,3.418532249279814,2380.530062582512,0.8446440076653341,0.22847666439266873,1.0297292589118172,0.984591250800541,0.3521665772300844,1.6737192534076406
0.9723197817802429,0.28045234084129333,2.0085456371307373,-0.6875587701797485,0.34525278210639954,0.9385097026824951,8.478157043457031,0.3468145728111267,0.28081443905830383,1.0,1.059596300125122,0.800000011920929,7.558594226837158,1.1215095520019531,-0.919562578201294,7.558594226837158,7.558594703674316,0.0,7.558594226837158,0.3655336897316845,0.0,3.4163427780904785,2383.9464053606025,0.8407261643913471,0.24249604419249385,1.013901820671371,0.9990815343679729,0.32568076856729095,1.678258934871306
0.9717990159988403,0.29771101474761963,2.022258996963501,-0.6805348992347717,0.35275211930274963,0.9357168078422546,8.032634735107422,0.35206496715545654,0.29727262258529663,1.0,1.0601763725280762,0.800000011920929,7.558594226837158,1.062574863433838,-0.47404026985168457,7.558594226837158,7.558594703674316,0.0,7.558594226837158,0.38280136714177726,0.04238249616861342,3.4177786742254583,2387.3641840348278,0.8366215570318853,0.25629929190379336,0.9984688939985535,1.0130350686365097,0.3001764004499819,1.6825674608747554
0.958815336227417,0.28824442625045776,2.0360240936279297,-0.6735268235206604,0.36032742261886597,0.9328259229660034,8.053587913513184,0.3498844802379608,0.2920306324958801,0.0,1.0601763725280762,0.800000011920929,7.558594226837158,1.065346598625183,-0.4949934482574463,7.558594226837158,7.558594703674316,0.0,7.558594226837158,0.3971732249388154,0.0402852202439308,0.14635180417526367,2387.510535839003,0.837953567717258,0.2519102989262099,0.986112964742161,1.0175937936790216,0.2841721529405501,1.6836535219693212
0.9580952525138855,0.30559197068214417,2.04964017868042,-0.6664209365844727,0.3681190013885498,0.9297786951065063,8.01667594909668,0.35468176007270813,0.3087572753429413,1.0,1.0605247020721436,0.800000011920929,7.558594226837158,1.060463786125183,-0.4580814838409424,7.558594226837158,7.558594703674316,0.0,7.558594226837158,0.41258271621980636,0.0439732014107704,3.413888213692132,2390.924424052695,0.8336230012258259,0.26589045676022394,0.9706318663977207,1.031313609600385,0.25926166401196865,1.68800575702039
0.9571962356567383,0.3224116861820221,2.0627481937408447,-0.6587182283401489,0.3760719299316406,0.9265905022621155,8.251177787780762,0.35980698466300964,0.3248935639858246,1.0,1.060640811920166,0.800000011920929,7.558594226837158,1.0914841890335083,-0.6925833225250244,7.558594226837158,7.558594703674316,0.0,7.558594226837158,0.42873012901852914,0.02052201698541639,3.410463526973503,2394.3348875796687,0.8292241848501192,0.27930696894904605,0.9553059052683572,1.044268851454227,0.23482124916131858,1.691685044051555
0.9557994604110718,0.33962517976760864,2.075855016708374,-0.6510166525840759,0.3839968740940094,0.9233344197273254,8.489283561706543,0.36465883255004883,0.3414161503314972,1.0,1.0605247020721436,0.800000011920929,7.558594226837158,1.122981309890747,-0.9306890964508057,7.558594226837158,7.558594703674316,0.0,7.558594226837158,0.445507528517723,0.0,3.4046622361420003,2397.7395498158107,0.8244962396432003,0.292969048180328,0.9396694323214577,1.057406994111587,0.21024549747298205,1.6954960681307973
0.9546029567718506,0.3566574454307556,2.0884931087493896,-0.643490731716156,0.39241302013397217,0.9197891354560852,7.738895416259766,0.36938029527664185,0.35755905508995056,1.0,1.0601763725280762,0.800000011920929,7.558594226837158,1.0237183570861816,-0.18030095100402832,7.558594226837158,7.558594703674316,0.0,7.558594226837158,0.4627032206702955,0.07173518347024915,3.4046719747953444,2401.144221790606,0.8196598496403728,0.3062400884636419,0.9250256443724048,1.069744245288509,0.1874551167321738,1.699173612233028
0.9433109760284424,0.3458322584629059,2.100998878479004,-0.6358121633529663,0.40086445212364197,0.9161373972892761,8.594521522521973,0.3670184016227722,0.3513995110988617,0.0,1.0601763725280762,0.800000011920929,7.558594226837158,1.1369024515151978,-1.0359270572662354,7.558594226837158,7.558594703674316,0.0,7.558594226837158,0.4769723518729854,0.0,0.1369236262473288,2401.281145416853,0.8215303627329446,0.3011856024488097,0.9144860763458049,1.0722777738238185,0.17488195338314594,1.6996991470795548
0.9420289397239685,0.3629225194454193,2.1134192943573,-0.6281782984733582,0.409467875957489,0.9123245477676392,8.087550163269043,0.3713679015636444,0.3677319884300232,1.0,1.059596300125122,0.800000011920929,7.558594226837158,1.0698391199111938,-0.5289556980133057,7.558594226837158,7.558594703674316,0.0,7.558594226837158,0.49193389970826223,0.03688537504434583,3.4023412676545837,2404.683486684508,0.8165019412795222,0.314562510166453,0.8999561822402444,1.0843563929122195,0.15276288443264074,1.7034838111435375
0.9401490688323975,0.3803105652332306,2.125959634780884,-0.6204712390899658,0.4180697202682495,0.9084149599075317,7.861497402191162,0.3754185140132904,0.3843981921672821,1.0,1.058785080909729,0.800000011920929,7.558594226837158,1.0399364233016968,-0.3029029369354248,7.558594226837158,7.558594703674316,0.0,7.558594226837158,0.5074739970032776,0.05948539814233778,3.399254305923853,2408.082740990432,0.8111463175370633,0.32812619601080034,0.8850329211585548,1.0966608573776349,0.13037392496129552,1.707457025540394
0.9298281073570251,0.36861494183540344,2.137573003768921,-0.6122673749923706,0.4269557595252991,0.9042724967002869,7.577540397644043,0.37320783734321594,0.37742796540260315,0.0,1.058785080909729,0.800000011920929,7.558594226837158,1.0023739337921143,-0.018945937976241112,7.558594226837158,7.558594703674316,0.0,7.558594226837158,0.520217573836735,0.08788940875291823,0.13787681355362716,2408.2206178039855,0.8134136793340678,0.3224643402504798,0.8757568622151116,1.0980510332970317,0.11975682289312495,1.70762276387361
0.9282580614089966,0.38557443022727966,2.149488687515259,-0.6043090224266052,0.4358932673931122,0.8999983668327332,7.558669090270996,0.37718820571899414,0.3936893343925476,1.0,1.0577436685562134,0.800000011920929,7.558594226837158,0.9998775720596313,-7.463095971615985e-05,7.558594226837158,7.558594703674316,0.0,7.558594226837158,0.5336990843668424,0.08980188706636427,3.3916086370777103,2411.6122264410633,0.8080625579863501,0.33564836722866437,0.8615838957259745,1.1094934608157678,0.09885071815505231,1.7113922842239435
0.9265673756599426,0.4022158980369568,2.160978317260742,-0.5960617065429688,0.444977343082428,0.8955418467521667,8.687308311462402,0.38129183650016785,0.40954676270484924,1.0,1.0564731359481812,0.800000011920929,7.558594226837158,1.1491764783859253,-1.128713846206665,7.558594226837158,7.558594703674316,0.0,7.558594226837158,0.5477035141023195,0.0,3.3842310239862794,2414.9964574650494,0.802638809626969,0.34841938294456737,0.8477237332327117,1.1204065356460513,0.07857429025969043,1.714877460457524
0.9242337346076965,0.41934195160865784,2.1727280616760254,-0.5878989100456238,0.4540341794490814,0.8909842371940613,7.513401985168457,0.38491982221603394,0.42594194412231445,1.0,1.0549747943878174,0.800000011920929,7.558594226837158,0.993889570236206,0.045192472636699677,7.558594226837158,7.558594703674316,0.0,7.558594226837158,0.5621671185473616,0.09435507743120192,3.385508248864682,2418.3819657139143,0.7968185947569797,0.3615313978369309,0.8334461939202265,1.1317331971516729,0.05800145406592949,1.7187857448907569
0.9150501489639282,0.4069490134716034,2.183317184448242,-0.5791294574737549,0.4631715416908264,0.8862686157226562,7.9976348876953125,0.38271281123161316,0.4184616506099701,0.0,1.0549747943878174,0.800000011920929,7.558594226837158,1.0579450130462646,-0.4390404224395752,7.558594226837158,7.558594703674316,0.0,7.558594226837158,0.573977105185336,0.045960983059406255,0.13929606721408386,2418.5212617811285,0.7995006509751745,0.3555609045204257,0.825326605672593,1.1321435213617275,0.04927855434472961,1.7188972083018548
0.9132630228996277,0.4231993854045868,2.1938300132751465,-0.5702900886535645,0.47228991985321045,0.8814432621002197,8.537871360778809,0.38687339425086975,0.433935284614563,1.0,1.0532503128051758,0.800000011920929,7.558594226837158,1.129408597946167,-0.9792768955230713,7.558594226837158,7.558594703674316,0.0,7.558594226837158,0.5863501833511551,0.0,3.3810849824939426,2421.9023467636225,0.7939033897345418,0.3678890005480381,0.8118768718064001,1.14220393251617,0.030045751008470956,1.7220236312984716
0.9113302230834961,0.43962785601615906,2.204479694366455,-0.5618411898612976,0.4818496108055115,0.8762539029121399,7.193675518035889,0.3904891014099121,0.4494706690311432,1.0,1.0513015985488892,0.800000011920929,7.558594226837158,0.9515954256057739,0.36491894721984863,7.558594226837158,7.558594703674316,0.0,7.558594226837158,0.5991631586458288,0.12635706193208693,3.3732502595670155,2425.2755970231897,0.7880925840501409,0.38017774931297144,0.7990625657216414,1.1521754562235573,0.012022455359038564,1.725709966423943
0.9087284207344055,0.45642203092575073,2.215372085571289,-0.5533477663993835,0.4913390278816223,0.8709684014320374,7.308182239532471,0.3936944603919983,0.46545758843421936,1.0,1.0491306781768799,0.800000011920929,7.558594226837158,0.9667426347732544,0.2504122257232666,7.558594226837158,7.558594703674316,0.0,7.558594226837158,0.6123533879438248,0.11495476925134657,3.372614212375461,2428.648211235565,0.7819141528894356,0.3927278470549542,0.7857639383845664,1.162531427159727,-0.006428870605447057,1.7297585555564496
0.9006386995315552,0.4431474804878235,2.2250168323516846,-0.5439770817756653,0.5008625388145447,0.8655268549919128,8.774029731750488,0.3914957344532013,0.45725688338279724,0.0,1.0491306781768799,0.800000011920929,7.558594226837158,1.160648226737976,-1.215435266494751,7.558594226837158,7.558594703674316,0.0,7.558594226837158,0.6230333119496203,0.0,0.1249072644188562,2428.773118499984,0.7851086575410546,0.3863024325082774,0.7788898633366927,1.1619772047308743,-0.01320980223713819,1.7298211087672797
0.8986456990242004,0.4589052200317383,2.234757900238037,-0.534887969493866,0.5105946660041809,0.8598215579986572,7.945512294769287,0.3951644003391266,0.47214165329933167,1.0,1.0467396974563599,0.800000011920929,7.558594226837158,1.051050066947937,-0.3869178295135498,7.558594226837158,7.558594703674316,0.0,7.558594226837158,0.6341838518470356,0.05126327279329297,3.377197434864665,2432.1503159348485,0.7792718884027965,0.39794538511177546,0.7666501663364802,1.1710598832339398,-0.03003110657698438,1.7332644043454954
0.8965036273002625,0.4747200310230255,2.244588613510132,-0.5260292887687683,0.5206751227378845,0.8537548780441284,7.417679786682129,0.3983995020389557,0.4869867265224457,1.0,1.0441313982009888,0.800000011920929,7.558594226837158,0.9812272191047668,0.1409146785736084,7.558594226837158,7.558594703674316,0.0,7.558594226837158,0.6456894965579717,0.10404979286432264,3.3681070414990733,2435.5184229763477,0.773278549011908,0.4094694871974819,0.7549613102052369,1.1800468907266783,-0.04583443815041299,1.7371929622199838
0.889856219291687,0.4606283903121948,2.2528817653656006,-0.5165006518363953,0.5305275321006775,0.8476676940917969,8.648311614990234,0.3965979814529419,0.47766268253326416,0.0,1.0441313982009888,0.800000011920929,7.558594226837158,1.1440179347991943,-1.089717149734497,7.558594226837158,7.558594703674316,0.0,7.558594226837158,0.6548009484608593,0.0,0.12685675759814327,2435.6452797339457,0.7770628156394723,0.40224160682299687,0.7500448449600575,1.1781681729124553,-0.049798156224557855,1.7371526898166567
0.8881595134735107,0.4760652184486389,2.26161527633667,-0.5073075294494629,0.5403820276260376,0.8414197564125061,7.541851997375488,0.40018928050994873,0.4920414090156555,1.0,1.0413084030151367,0.800000011920929,7.558594226837158,0.9976530075073242,0.016742462292313576,7.558594226837158,7.558594703674316,0.0,7.558594226837158,0.6644362439056964,0.09166751100778578,3.366609950928069,2439.011889684874,0.7711989888790172,0.4133728561859644,0.739046132289167,1.186480076553794,-0.06470198074861011,1.7406866789725295
0.8863442540168762,0.49163737893104553,2.2704861164093018,-0.49842512607574463,0.5505562424659729,0.8347980976104736,7.312385559082031,0.40330106019973755,0.506429135799408,1.0,1.0382736921310425,0.800000011920929,7.558594226837158,0.9672986268997192,0.24620890617370605,7.558594226837158,7.558594703674316,0.0,7.558594226837158,0.6744845705114897,0.11464164371728895,3.359891013548437,2442.3717806984223,0.7651718859807413,0.42442550453393224,0.7285861309883384,1.1947210907965458,-0.0785316450844794,1.7448071308981428
0.8799159526824951,0.4784626364707947,2.279362916946411,-0.489541620016098,0.5606492161750793,0.8280534148216248,8.718279838562012,0.4002964198589325,0.4980394244194031,0.0,1.0382736921310425,0.800000011920929,7.558594226837158,1.1532734632492065,-1.1596853733062744,7.558594226837158,7.558594703674316,0.0,7.558594226837158,0.6824549187365027,0.0,0.12328639350377538,2442.495067091926,0.7687057299039227,0.4179910397736227,0.7242601350479141,1.1935040641166896,-0.08125697920943298,1.7463081848261686
0.8784314393997192,0.49353235960006714,2.287229537963867,-0.48021525144577026,0.5706127285957336,0.8212193250656128,7.380486488342285,0.4037776291370392,0.5118831396102905,1.0,1.0350301265716553,0.800000011920929,7.558594226837158,0.976307213306427,0.17810797691345215,7.558594226837158,7.558594703674316,0.0,7.558594226837158,0.6909568397111191,0.10787280765771864,3.3573563207574506,2445.8524234126835,0.7628457528065142,0.4285923480051663,0.7143277483753878,1.2011179703429562,-0.09441187322268263,1.7500319970661886
0.876377284526825,0.5089072585105896,2.2954866886138916,-0.47095561027526855,0.5806491374969482,0.8141539096832275,7.308286666870117,0.4066919684410095,0.526103138923645,1.0,1.031581163406372,0.800000011920929,7.558594226837158,0.9667564630508423,0.2503077983856201,7.558594226837158,7.558594703674316,0.0,7.558594226837158,0.6999211889491759,0.11512996061563491,3.3533998154188978,2449.2058232281024,0.7566742885021824,0.43939634643027986,0.7041870865895755,1.2091239685590374,-0.10760694831484985,1.7543598977205344
0.8707711100578308,0.4951077103614807,2.3036835193634033,-0.46177634596824646,0.5910044312477112,0.8066682815551758,6.685682773590088,0.40373796224594116,0.517000138759613,0.0,1.031581163406372,0.800000011920929,7.558594226837158,0.884397029876709,0.8729116916656494,7.558594226837158,7.558594703674316,0.0,7.558594226837158,0.7068999489650072,0.1774318527436256,0.11323806213580638,2449.319061290238,0.7606426258728445,0.432490267649528,0.7010453663096541,1.2072415282921773,-0.10854127661893043,1.7561216566549507
0.869084894657135,0.5100494027137756,2.3117527961730957,-0.45252668857574463,0.6015025973320007,0.798870861530304,7.757822036743164,0.40628311038017273,0.5307173132896423,1.0,1.0279302597045898,0.800000011920929,7.558594226837158,1.0262219905853271,-0.19922757148742676,7.558594226837158,7.558594703674316,0.0,7.558594226837158,0.7144533327967236,0.0702967854619026,3.3566866082020606,2452.67574789844,0.7546386700725448,0.44288318587472003,0.6920350301745375,1.2147799420515784,-0.11990920229118296,1.760983501902769
0.8681852221488953,0.5236039757728577,2.3179948329925537,-0.44272270798683167,0.6119157671928406,0.7909229397773743,6.942347526550293,0.41008391976356506,0.542697012424469,1.0,1.0240808725357056,0.800000011920929,7.558594226837158,0.9183492064476013,0.6162469387054443,7.558594226837158,7.558594703674316,0.0,7.558594226837158,0.7223023378784534,0.1518587671589851,3.3408972724535246,2456.0166451708938,0.7492790859484746,0.4518914470822521,0.6842091471496848,1.2207767453126446,-0.12990781835809473,1.7645563125670587
0.8636451959609985,0.5089142918586731,2.3246278762817383,-0.43303948640823364,0.62205970287323,0.7829698324203491,8.82491683959961,0.4079217314720154,0.5324873328208923,0.0,1.0240808725357056,0.800000011920929,7.558594226837158,1.16737961769104,-1.266322374343872,7.558594226837158,7.558594703674316,0.0,7.558594226837158,0.7282206618551619,0.0,0.11699014863253145,2456.133635319526,0.753853496702779,0.44421816800907027,0.6822705239759117,1.2178606987501988,-0.1293750737781677,1.7656832679797283
0.8620521426200867,0.5235891938209534,2.3317809104919434,-0.4235802888870239,0.632297694683075,0.7747255563735962,7.270269393920898,0.410453736782074,0.5458248853683472,1.0,1.0200368165969849,0.800000011920929,7.558594226837158,0.9617274403572083,0.28832507133483887,7.558594226837158,7.558594703674316,0.0,7.558594226837158,0.7347539772091078,0.11913003957033155,3.3429445592669866,2459.476579878793,0.7478619778288467,0.4542327882398355,0.6738976637836295,1.2249678261205676,-0.13970842863181787,1.7706689256235335
0.8604711294174194,0.5379546284675598,2.3385465145111084,-0.4140303432941437,0.6425659656524658,0.7662303447723389,8.771507263183594,0.41304445266723633,0.5587331652641296,1.0,1.015802025794983,0.800000011920929,7.558594226837158,1.1603145599365234,-1.2129127979278564,7.558594226837158,7.558594703674316,0.0,7.558594226837158,0.7417508309683288,0.0,3.3363288585776836,2462.812908737371,0.7419364690513391,0.4638483890677536,0.6659802828218583,1.2317552149012012,-0.14936520437884615,1.7756542914822613
0.8570667505264282,0.5229935646057129,2.344137191772461,-0.4045316278934479,0.6526309847831726,0.7576759457588196,6.032086372375488,0.411126047372818,0.5478954911231995,0.0,1.015802025794983,0.800000011920929,7.558594226837158,0.79793781042099,1.526508092880249,7.558594226837158,7.558594703674316,0.0,7.558594226837158,0.7468924273521839,0.24299212556123734,0.0999825090652389,2462.912891246436,0.7469197875148605,0.4557804684362333,0.6656711603814017,1.2281747601820785,-0.14666566414435012,1.776921525845927
0.8560384511947632,0.5372021198272705,2.3498599529266357,-0.3950519561767578,0.6625264883041382,0.7490385174751282,9.004124641418457,0.4140259921550751,0.5604268908500671,1.0,1.0113804340362549,0.800000011920929,7.558594226837158,1.191085696220398,-1.4455301761627197,7.558594226837158,7.558594703674316,0.0,7.558594226837158,0.7526202598776714,0.0,3.3244104663879153,2466.237301712824,0.741149888030632,0.46510422497390264,0.6585267801963584,1.2344361614666548,-0.15531710064390092,1.7817008515777792
0.8545017838478088,0.5516284108161926,2.355962038040161,-0.3855631947517395,0.6724472641944885,0.7401450276374817,7.51424503326416,0.41638851165771484,0.5732445120811462,1.0,1.0067760944366455,0.800000011920929,7.558594226837158,0.9940010905265808,0.04434942454099655,7.558594226837158,7.558594703674316,0.0,7.558594226837158,0.7588582606459705,0.09489433429002761,3.3382612137076357,2469.5755629265313,0.7351275278531691,0.47456571405923714,0.6512257797689929,1.2410669321129246,-0.16397343298889155,1.78707784362686
0.8509430289268494,0.5372194647789001,2.362128973007202,-0.3760702311992645,0.6824567317962646,0.730925977230072,6.175382137298584,0.4135527014732361,0.5631328821182251,0.0,1.0067760944366455,0.800000011920929,7.558594226837158,0.8168933391571045,1.3832123279571533,7.558594226837158,7.558594703674316,0.0,7.558594226837158,0.7634311725442425,0.2288097691845894,0.10143643390136967,2469.6769993604325,0.7398884696165726,0.46710823743786767,0.6509414453381208,1.238197831902071,-0.16091498522369208,1.7895390844256132
0.8496032357215881,0.551450252532959,2.368040084838867,-0.3665476441383362,0.6924253702163696,0.7214894890785217,8.984442710876465,0.4156095087528229,0.5757197141647339,1.0,1.0019932985305786,0.800000011920929,7.558594226837158,1.1884820461273193,-1.4258482456207275,7.558594226837158,7.558594703674316,0.0,7.558594226837158,0.7686220331721523,0.0,3.3187289216953353,2472.995728282128,0.7339504874873062,0.4763839509503962,0.6442916873183098,1.2446565119506459,-0.16848180496161713,1.795380667239161
0.8478056192398071,0.5357120633125305,2.3720529079437256,-0.35721367597579956,0.7024292349815369,0.7117536067962646,5.6806864738464355,0.4141726493835449,0.5635319948196411,0.0,1.0019932985305786,0.800000011920929,7.558594226837158,0.7514538764953613,1.8779079914093018,7.558594226837158,7.558594703674316,0.0,7.558594226837158,0.7720834278884067,0.27838881260156634,0.09304605695817807,2473.088774339086,0.7397018670757585,0.46740351293016336,0.6465388500539945,1.2399687046776526,-0.1623591703530387,1.7967273885825865
0.847381591796875,0.549544632434845,2.376668930053711,-0.347944051027298,0.7120791673660278,0.7020992040634155,9.078089714050293,0.4167592525482178,0.5753346681594849,1.0,0.9970363974571228,0.800000011920929,7.558594226837158,1.2008699178695679,-1.5194952487945557,7.558594226837158,7.558594703674316,0.0,7.558594226837158,0.7762214996879179,0.0,3.311488209255372,2476.4002625483413,0.7341338869422771,0.4761011903477724,0.6411946463259162,1.2455862357548342,-0.1682742285454789,1.8021987356605091
0.8466641902923584,0.5634796619415283,2.38128924369812,-0.33867213129997253,0.7215961217880249,0.6923142671585083,9.05140209197998,0.4191134572029114,0.5872146487236023,1.0,0.9919096827507019,0.800000011920929,7.558594226837158,1.197339653968811,-1.4928076267242432,7.558594226837158,7.558594703674316,0.0,7.558594226837158,0.780934953226292,0.0,3.3098006724509723,2479.710063220792,0.7284261939390783,0.4847888692382571,0.6358359651362508,1.2513575107995591,-0.174120796595705,1.80795161874377
0.8442177772521973,0.5490671992301941,2.3861300945281982,-0.3294109106063843,0.7309965491294861,0.6823811531066895,7.388573169708252,0.4165865480899811,0.5766463279724121,0.0,0.9919096827507019,0.800000011920929,7.558594226837158,0.9773769378662109,0.17002129554748535,7.558594226837158,7.558594703674316,0.0,7.558594226837158,0.7841503493333865,0.10773930182695388,0.12087620231372066,2479.830939423106,0.7335089049645915,0.4770635436440344,0.6371667874371849,1.2479732465316218,-0.1689016976615435,1.8105495125194027
0.8427948951721191,0.5632961392402649,2.391309976577759,-0.3197591304779053,0.7403313517570496,0.6722421646118164,5.958591938018799,0.4181216061115265,0.589178740978241,1.0,0.9866176247596741,0.800000011920929,7.558594226837158,0.7882158160209656,1.6000025272369385,7.558594226837158,7.558594703674316,0.0,7.558594226837158,0.7881038809949031,0.2507741106057167,3.29941248014257,2483.1303519032485,0.7274725869803861,0.48621866125982205,0.6310909504445259,1.2544348513810775,-0.17536714581940582,1.817127827182244
0.8413793444633484,0.5481209754943848,2.3943729400634766,-0.3105693459510803,0.749304473400116,0.6622256636619568,6.929992198944092,0.41676679253578186,0.5773975849151611,0.0,0.9866176247596741,0.800000011920929,7.558594226837158,0.9167147874832153,0.6286022663116455,7.558594226837158,7.558594703674316,0.0,7.558594226837158,0.7905436910274382,0.15375656899690626,0.11313086908946855,2483.243482772338,0.7331503101566391,0.47761464479683546,0.633543138766435,1.2498762356214548,-0.16884399461369382,1.8186526161698595
0.841376006603241,0.5615822672843933,2.3974390029907227,-0.30136945843696594,0.7581415772438049,0.6520900130271912,8.796688079833984,0.41951262950897217,0.5885495543479919,1.0,0.9811647534370422,0.800000011920929,7.558594226837158,1.1636455059051514,-1.238093614578247,7.558594226837158,7.558594703674316,0.0,7.558594226837158,0.7936897669438284,0.0,3.312674811252821,2486.556157583591,0.7277784061888075,0.4857608126597699,0.629309177319415,1.2549677598249218,-0.17327073582076424,1.824154803291955
0.8392841815948486,0.5471699833869934,2.401186943054199,-0.2920701503753662,0.7668057084083557,0.6418792605400085,6.082157135009766,0.4174092710018158,0.5777437090873718,0.0,0.9811647534370422,0.800000011920929,7.558594226837158,0.8045613169670105,1.4764373302459717,7.558594226837158,7.558594703674316,0.0,7.558594226837158,0.7955036232572626,0.23860427585840224,0.09890009828243217,2486.655057681873,0.732984961091053,0.47786838217486816,0.6309646877910624,1.2512621935544155,-0.16747098237371472,1.8265057284927448
0.838628888130188,0.5613051652908325,2.4048845767974854,-0.28277185559272766,0.7753314971923828,0.6315545439720154,9.035954475402832,0.41925057768821716,0.5898324251174927,1.0,0.9755556583404541,0.800000011920929,7.558594226837158,1.1952961683273315,-1.4773600101470947,7.558594226837158,7.558594703674316,0.0,7.558594226837158,0.7981788434914169,0.0,3.3001984902657195,2489.955256172139,0.727154672199609,0.48669396267874576,0.6260853005962723,1.2571863443109732,-0.17245763719599372,1.8329384110452374
0.837520956993103,0.5752623677253723,2.408879041671753,-0.27318939566612244,0.7839513421058655,0.6208223104476929,5.244389057159424,0.4206485450267792,0.6018548607826233,1.0,0.9697948694229126,0.800000011920929,7.558594226837158,0.6937394738197327,2.3142054080963135,7.558594226837158,7.558594703674316,0.0,7.558594226837158,0.8015794529416753,0.32249615421533584,3.2784576200376923,2493.233713792177,0.7212511351412125,0.4954008393577191,0.6211229989802599,1.263302803884132,-0.17731875458050783,1.839861359756579
0.8354529142379761,0.5606145858764648,2.41283917427063,-0.2634917199611664,0.7926326394081116,0.609699547290802,7.331647872924805,0.4179841876029968,0.5910177826881409,0.0,0.9697948694229126,0.800000011920929,7.558594226837158,0.9698467254638672,0.22694659233093262,7.558594226837158,7.558594703674316,0.0,7.558594226837158,0.8036436847891357,0.11393560929536817,0.1187601945665228,2493.3524739867435,0.7265772256371174,0.4875557543955601,0.6230869224831664,1.2597833919446195,-0.17071487623902326,1.8429857309403308
0.8360980153083801,0.5730671286582947,2.414546489715576,-0.25433558225631714,0.8010740876197815,0.5985651612281799,5.860358715057373,0.420786052942276,0.6008644700050354,1.0,0.9638870358467102,0.800000011920929,7.558594226837158,0.7752212882041931,1.6982357501983643,7.558594226837158,7.558594703674316,0.0,7.558594226837158,0.8063167566410092,0.26110462620973585,3.2853446750483912,2496.6378186617917,0.7217413228993894,0.4946861664163734,0.6205038901345665,1.2639887362484357,-0.1726690152853717,1.8486634759859908
0.8348596692085266,0.5582821369171143,2.417052984237671,-0.2451135516166687,0.8091195225715637,0.587644100189209,9.042635917663574,0.41906026005744934,0.5894184708595276,0.0,0.9638870358467102,0.800000011920929,7.558594226837158,1.196179986000061,-1.484041452407837,7.558594226837158,7.558594703674316,0.0,7.558594226837158,0.8076835254305689,0.0,0.10328877350502749,2496.7411074352967,0.7273560246657734,0.4863929851550638,0.6233774804830916,1.2597380838400933,-0.16516281681695122,1.8508969847420853
0.8343284130096436,0.5718742609024048,2.42000412940979,-0.23567122220993042,0.8171632289886475,0.5764063596725464,6.5626726150512695,0.4204697012901306,0.6008808612823486,1.0,0.9578368067741394,0.800000011920929,7.558594226837158,0.8681249618530273,0.9959218502044678,7.558594226837158,7.558594703674316,0.0,7.558594226837158,0.8098827202871449,0.19100161468744276,3.293596158327083,2500.034703593624,0.7217330844654125,0.4946981885505214,0.6194543340648496,1.2653781982692665,-0.16847456862192034,1.8579557356206116
0.8325451612472534,0.5574033260345459,2.423147678375244,-0.2261153757572174,0.8251053094863892,0.5649788975715637,7.789046287536621,0.418020099401474,0.5899734497070312,0.0,0.9578368067741394,0.800000011920929,7.558594226837158,1.0303523540496826,-0.2304518222808838,7.558594226837158,7.558594703674316,0.0,7.558594226837158,0.8108786505833722,0.06845048708200452,0.12538484626837526,2500.160088439892,0.7270859490838902,0.48679660124313406,0.6219705885891067,1.261777762034939,-0.1611134579243969,1.8610166159415944
0.8317245244979858,0.570848286151886,2.4261410236358643,-0.21629247069358826,0.8329569101333618,0.5533378720283508,5.629247188568115,0.41898924112319946,0.6015012860298157,1.0,0.9516487717628479,0.800000011920929,7.558594226837158,0.744649350643158,1.929347276687622,7.558594226837158,7.558594703674316,0.0,7.558594226837158,0.8127549782836871,0.28444305420160293,3.2748248220033735,2503.4349132618954,0.7214261958371521,0.4951458229710993,0.6178709821254749,1.2676263674907458,-0.1643832933035213,1.8685314417708285
0.8316108584403992,0.5838661789894104,2.4281718730926514,-0.2069689780473709,0.8406238555908203,0.5416193604469299,5.029066562652588,0.4205155372619629,0.6121276617050171,1.0,0.9453276991844177,0.800000011920929,7.558594226837158,0.665256142616272,2.5295279026031494,7.558594226837158,7.558594703674316,0.0,7.558594226837158,0.8153073478934794,0.34460336196184155,3.262651840234349,2506.69756510213,0.7161239332158785,0.502783880788629,0.6149977571922093,1.272690690171887,-0.16616553918794819,1.8755817515973319
0.8305883407592773,0.5691066384315491,2.4303324222564697,-0.1976202428340912,0.8480854034423828,0.5298596024513245,9.284462928771973,0.41846907138824463,0.6007136106491089,0.0,0.9453276991844177,0.800000011920929,7.558594226837158,1.2281694412231445,-1.7258684635162354,7.558594226837158,7.558594703674316,0.0,7.558594226837158,0.8165953166479637,0.0,0.09060864318694281,2506.7881737453167,0.7218159261296588,0.4945773870110365,0.6184381503308054,1.2685665679484264,-0.15754687358858688,1.8783718698337761
0.8302624225616455,0.5824673175811768,2.4324939250946045,-0.1882695108652115,0.8553825616836548,0.5179967284202576,9.260446548461914,0.4195004999637604,0.6117628216743469,1.0,0.9388781189918518,0.800000011920929,7.558594226837158,1.2249925136566162,-1.7018520832061768,7.558594226837158,7.558594703674316,0.0,7.558594226837158,0.8186654455751805,0.0,3.27069283520985,2510.0588665805267,0.7163072794622294,0.50252236044576,0.6154435727363856,1.273996201817266,-0.1592890053883229,1.8859313038475682
0.8288387656211853,0.5677053332328796,2.4348437786102295,-0.1785047948360443,0.8626528978347778,0.5057963728904724,4.986530780792236,0.4170708954334259,0.6005473136901855,0.0,0.9388781189918518,0.800000011920929,7.558594226837158,0.6596294045448303,2.572063684463501,7.558594226837158,7.558594703674316,0.0,7.558594226837158,0.8195441138427284,0.3490351961541176,0.07928039623195235,2510.1381469767584,0.7218981759767572,0.49445739135351063,0.6186048166619689,1.2702238685426148,-0.15079307441218093,1.889120310601061
0.8274696469306946,0.5810829997062683,2.437577724456787,-0.1681797355413437,0.8697298765182495,0.4935280382633209,5.399547576904297,0.41718146204948425,0.612228274345398,1.0,0.9323046207427979,0.800000011920929,7.558594226837158,0.7142642140388489,2.1590468883514404,7.558594226837158,7.558594703674316,0.0,7.558594226837158,0.8213061490832618,0.30791432469606395,3.2620431653247763,2513.4001901420834,0.716073206448734,0.5028560170253548,0.6143958968143826,1.2764773778326555,-0.15368653082406425,1.8975446009969246
0.8258194327354431,0.5660735964775085,2.439743757247925,-0.15800797939300537,0.8767700791358948,0.4809097349643707,9.278584480285645,0.4146423935890198,0.6009068489074707,0.0,0.9323046207427979,0.800000011920929,7.558594226837158,1.2273918390274048,-1.7199900150299072,7.558594226837158,7.558594703674316,0.0,7.558594226837158,0.8219049090801591,0.0,0.09089651101549168,2513.491086653099,0.7217203682263781,0.49471690152004244,0.6173872748468605,1.272767078600972,-0.14512506967086403,1.9009129119832995
0.8261470198631287,0.5784700512886047,2.440805435180664,-0.14860056340694427,0.8835975527763367,0.46824708580970764,4.862576007843018,0.41575559973716736,0.6108617186546326,1.0,0.9256119132041931,0.800000011920929,7.558594226837158,0.6432324051856995,2.6960184574127197,7.558594226837158,7.558594703674316,0.0,7.558594226837158,0.8232751072929623,0.3617675087475776,3.2499973112038605,2516.741083964303,0.7167597845041728,0.5018768636669242,0.6156867643732882,1.2774905947928026,-0.14492216812584202,1.9084650694279628
0.8260988593101501,0.5911096930503845,2.4420320987701416,-0.13913127779960632,0.8901978135108948,0.45557424426078796,9.317952156066895,0.41651415824890137,0.6210818886756897,1.0,0.9188044667243958,0.800000011920929,7.558594226837158,1.2325994968414307,-1.7593576908111572,7.558594226837158,7.558594703674316,0.0,7.558594226837158,0.8253288941276317,0.0,3.2583162337046425,2519.9994001980076,0.7115934012375412,0.5091759026607371,0.6137071348365282,1.2824898420595305,-0.14488958703731636,1.9163698916526042
0.825426459312439,0.5761503577232361,2.4432573318481445,-0.12966051697731018,0.8966163992881775,0.4428080916404724,9.294888496398926,0.4144112169742584,0.6093846559524536,0.0,0.9188044667243958,0.800000011920929,7.558594226837158,1.2295485734939575,-1.7362940311431885,7.558594226837158,7.558594703674316,0.0,7.558594226837158,0.8261725514581643,0.0,0.08914188491250351,2520.08854208292,0.7175003261270713,0.5008177074435121,0.6179601817606664,1.2782127478668328,-0.13467219340907133,1.919389478937717
0.8250629305839539,0.5888513922691345,2.444748878479004,-0.11984588205814362,0.9029595851898193,0.4297254681587219,4.9489617347717285,0.41453346610069275,0.6198647618293762,1.0,0.9118867516517639,0.800000011920929,7.558594226837158,0.6546596884727478,2.609632730484009,7.558594226837158,7.558594703674316,0.0,7.558594226837158,0.8277858816058957,0.353317181494236,3.2458981769756186,2523.3344402598955,0.7122122909216704,0.5083094834160783,0.6159048117761374,1.283617760221353,-0.13446955428880958,1.9279384272623001
0.8234831094741821,0.5741249918937683,2.4463083744049072,-0.10963079333305359,0.909026563167572,0.41673821210861206,7.373676300048828,0.4118548631668091,0.6088382005691528,0.0,0.9118867516517639,0.800000011920929,7.558594226837158,0.9754063487052917,0.18491816520690918,7.558594226837158,7.558594703674316,0.0,7.558594226837158,0.8282946068627691,0.1110287872624397,0.11797445372186026,2523.452414713617,0.7177739363960963,0.50042551586898,0.6190331641321392,1.280055329918379,-0.12536067958882768,1.931476807786736
0.8230416774749756,0.5866917967796326,2.4475491046905518,-0.0996059849858284,0.915004551410675,0.40344345569610596,7.958329200744629,0.4117487072944641,0.6192873120307922,1.0,0.9048633575439453,0.800000011920929,7.558594226837158,1.0527454614639282,-0.3997347354888916,7.558594226837158,7.558594703674316,0.0,7.558594226837158,0.8296109409644261,0.0526010766148567,3.2884123702267365,2526.7408270838437,0.712505776130856,0.5078980735799477,0.61697717918566,1.2855088586104564,-0.12494352051608315,1.9402262271419048
0.8213154077529907,0.5717692971229553,2.449035406112671,-0.08907462656497955,0.9208469390869141,0.3899242877960205,5.217801570892334,0.4088521897792816,0.608146071434021,0.0,0.9048633575439453,0.800000011920929,7.558594226837158,0.690222442150116,2.3407928943634033,7.558594226837158,7.558594703674316,0.0,7.558594226837158,0.8298467673972567,0.32665633984804154,0.08264589912530607,2526.823472982969,0.7181200655552953,0.49992864860708464,0.6202756377481234,1.2820385148837223,-0.11532948575536695,1.9440664799568004
0.8214350342750549,0.5835047364234924,2.4486443996429443,-0.07927584648132324,0.9262615442276001,0.3768813908100128,9.472561836242676,0.4096620976924896,0.6176372170448303,1.0,0.8977385759353638,0.800000011920929,7.558594226837158,1.2530516386032104,-1.9139673709869385,7.558594226837158,7.558594703674316,0.0,7.558594226837158,0.830844868224927,0.0,3.239851166003745,2530.0633241489727,0.7133429403148074,0.5067215384615114,0.6185727595857646,1.2866476815196926,-0.11462487574137359,1.951795595105583
0.8210423588752747,0.5959635972976685,2.4490952491760254,-0.0693940818309784,0.9315234422683716,0.36368128657341003,7.232366561889648,0.4095742106437683,0.6278730630874634,1.0,0.8905168771743774,0.800000011920929,7.558594226837158,0.9567135572433472,0.32622790336608887,7.558594226837158,7.558594703674316,0.0,7.558594226837158,0.8325587229481874,0.12536677265405655,3.274060011906592,2533.337384160879,0.7081189359955798,0.5139966630908571,0.6167262078287525,1.2919546900638024,-0.11383203762335725,1.9604477769130828
